trigger_timestamp,future_timestamp,lead_minutes,model,target,actual,predicted,error
2026-12-02T13:15:00.000000000,2026-12-02T13:27:00.000000000,10,BiGRU,pm1,16.0,14.4075,1.5925
2026-12-02T13:15:00.000000000,2026-12-02T13:27:00.000000000,10,BiGRU,pm2_5,26.0,22.0942,3.9058
2026-12-02T13:15:00.000000000,2026-12-02T13:27:00.000000000,10,BiGRU,pm10,32.0,27.9475,4.0525
2026-12-02T13:15:00.000000000,2026-12-02T13:27:00.000000000,10,BiGRU,co2,2790.0,2671.0979,118.9021
2026-12-02T13:15:00.000000000,2026-12-02T13:27:00.000000000,10,BiGRU,voc,114.0,91.6867,22.3133
2026-12-02T13:16:00.000000000,2026-12-02T13:28:00.000000000,10,BiGRU,pm1,17.0,14.6166,2.3834
2026-12-02T13:16:00.000000000,2026-12-02T13:28:00.000000000,10,BiGRU,pm2_5,27.0,22.4802,4.5198
2026-12-02T13:16:00.000000000,2026-12-02T13:28:00.000000000,10,BiGRU,pm10,31.0,28.4647,2.5353
2026-12-02T13:16:00.000000000,2026-12-02T13:28:00.000000000,10,BiGRU,co2,2707.0,2657.9065,49.0935
2026-12-02T13:16:00.000000000,2026-12-02T13:28:00.000000000,10,BiGRU,voc,110.0,90.4276,19.5724
2026-12-02T13:17:00.000000000,2026-12-02T13:29:00.000000000,10,BiGRU,pm1,17.0,14.7283,2.2717
2026-12-02T13:17:00.000000000,2026-12-02T13:29:00.000000000,10,BiGRU,pm2_5,26.0,22.6698,3.3302
2026-12-02T13:17:00.000000000,2026-12-02T13:29:00.000000000,10,BiGRU,pm10,31.0,28.6802,2.3198
2026-12-02T13:17:00.000000000,2026-12-02T13:29:00.000000000,10,BiGRU,co2,2777.0,2636.4807,140.5193
2026-12-02T13:17:00.000000000,2026-12-02T13:29:00.000000000,10,BiGRU,voc,113.0,89.0188,23.9812
2026-12-02T13:18:00.000000000,2026-12-02T13:30:00.000000000,10,BiGRU,pm1,16.0,14.9276,1.0724
2026-12-02T13:18:00.000000000,2026-12-02T13:30:00.000000000,10,BiGRU,pm2_5,26.0,22.994,3.006
2026-12-02T13:18:00.000000000,2026-12-02T13:30:00.000000000,10,BiGRU,pm10,31.0,29.142,1.858
2026-12-02T13:18:00.000000000,2026-12-02T13:30:00.000000000,10,BiGRU,co2,2766.0,2626.2786,139.7214
2026-12-02T13:18:00.000000000,2026-12-02T13:30:00.000000000,10,BiGRU,voc,108.0,88.8564,19.1436
2026-12-02T13:19:00.000000000,2026-12-02T13:31:00.000000000,10,BiGRU,pm1,16.0,15.292,0.708
2026-12-02T13:19:00.000000000,2026-12-02T13:31:00.000000000,10,BiGRU,pm2_5,26.0,23.6353,2.3647
2026-12-02T13:19:00.000000000,2026-12-02T13:31:00.000000000,10,BiGRU,pm10,30.0,30.0162,-0.0162
2026-12-02T13:19:00.000000000,2026-12-02T13:31:00.000000000,10,BiGRU,co2,2705.0,2625.135,79.865
2026-12-02T13:19:00.000000000,2026-12-02T13:31:00.000000000,10,BiGRU,voc,108.0,89.4108,18.5892
2026-12-02T13:21:00.000000000,2026-12-02T13:32:00.000000000,10,BiGRU,pm1,16.0,15.3468,0.6532
2026-12-02T13:21:00.000000000,2026-12-02T13:32:00.000000000,10,BiGRU,pm2_5,25.0,23.6957,1.3043
2026-12-02T13:21:00.000000000,2026-12-02T13:32:00.000000000,10,BiGRU,pm10,32.0,30.0903,1.9097
2026-12-02T13:21:00.000000000,2026-12-02T13:32:00.000000000,10,BiGRU,co2,2767.0,2615.9829,151.0171
2026-12-02T13:21:00.000000000,2026-12-02T13:32:00.000000000,10,BiGRU,voc,107.0,88.4823,18.5177
2026-12-02T13:22:00.000000000,2026-12-02T13:33:00.000000000,10,BiGRU,pm1,17.0,15.379,1.621
2026-12-02T13:22:00.000000000,2026-12-02T13:33:00.000000000,10,BiGRU,pm2_5,25.0,23.733,1.267
2026-12-02T13:22:00.000000000,2026-12-02T13:33:00.000000000,10,BiGRU,pm10,33.0,30.1308,2.8692
2026-12-02T13:22:00.000000000,2026-12-02T13:33:00.000000000,10,BiGRU,co2,2759.0,2595.0779,163.9221
2026-12-02T13:22:00.000000000,2026-12-02T13:33:00.000000000,10,BiGRU,voc,114.0,87.1421,26.8579
2026-12-02T13:24:00.000000000,2026-12-02T13:34:00.000000000,10,BiGRU,pm1,16.0,15.4197,0.5803
2026-12-02T13:24:00.000000000,2026-12-02T13:34:00.000000000,10,BiGRU,pm2_5,25.0,23.7797,1.2203
2026-12-02T13:24:00.000000000,2026-12-02T13:34:00.000000000,10,BiGRU,pm10,30.0,30.1818,-0.1818
2026-12-02T13:24:00.000000000,2026-12-02T13:34:00.000000000,10,BiGRU,co2,2702.0,2576.1875,125.8125
2026-12-02T13:24:00.000000000,2026-12-02T13:34:00.000000000,10,BiGRU,voc,106.0,80.7181,25.2819
2026-12-02T13:25:00.000000000,2026-12-02T13:35:00.000000000,10,BiGRU,pm1,15.0,15.5639,-0.5639
2026-12-02T13:25:00.000000000,2026-12-02T13:35:00.000000000,10,BiGRU,pm2_5,24.0,24.018,-0.018
2026-12-02T13:25:00.000000000,2026-12-02T13:35:00.000000000,10,BiGRU,pm10,29.0,30.5242,-1.5242
2026-12-02T13:25:00.000000000,2026-12-02T13:35:00.000000000,10,BiGRU,co2,2611.0,2564.5745,46.4255
2026-12-02T13:25:00.000000000,2026-12-02T13:35:00.000000000,10,BiGRU,voc,106.0,83.1428,22.8572
2026-12-02T13:26:00.000000000,2026-12-02T13:36:00.000000000,10,BiGRU,pm1,16.0,15.6288,0.3712
2026-12-02T13:26:00.000000000,2026-12-02T13:36:00.000000000,10,BiGRU,pm2_5,25.0,24.1296,0.8704
2026-12-02T13:26:00.000000000,2026-12-02T13:36:00.000000000,10,BiGRU,pm10,30.0,30.6298,-0.6298
2026-12-02T13:26:00.000000000,2026-12-02T13:36:00.000000000,10,BiGRU,co2,2684.0,2545.2039,138.7961
2026-12-02T13:26:00.000000000,2026-12-02T13:36:00.000000000,10,BiGRU,voc,105.0,83.9977,21.0023
2026-12-02T13:27:00.000000000,2026-12-02T13:37:00.000000000,10,BiGRU,pm1,15.0,16.0075,-1.0075
2026-12-02T13:27:00.000000000,2026-12-02T13:37:00.000000000,10,BiGRU,pm2_5,25.0,24.7772,0.2228
2026-12-02T13:27:00.000000000,2026-12-02T13:37:00.000000000,10,BiGRU,pm10,29.0,31.5811,-2.5811
2026-12-02T13:27:00.000000000,2026-12-02T13:37:00.000000000,10,BiGRU,co2,2639.0,2545.6331,93.3669
2026-12-02T13:27:00.000000000,2026-12-02T13:37:00.000000000,10,BiGRU,voc,106.0,82.7961,23.2039
2026-12-02T13:28:00.000000000,2026-12-02T13:38:00.000000000,10,BiGRU,pm1,16.0,16.1474,-0.1474
2026-12-02T13:28:00.000000000,2026-12-02T13:38:00.000000000,10,BiGRU,pm2_5,25.0,25.0256,-0.0256
2026-12-02T13:28:00.000000000,2026-12-02T13:38:00.000000000,10,BiGRU,pm10,31.0,31.8549,-0.8549
2026-12-02T13:28:00.000000000,2026-12-02T13:38:00.000000000,10,BiGRU,co2,2605.0,2522.9602,82.0398
2026-12-02T13:28:00.000000000,2026-12-02T13:38:00.000000000,10,BiGRU,voc,106.0,81.3937,24.6063
2026-12-02T13:29:00.000000000,2026-12-02T13:39:00.000000000,10,BiGRU,pm1,15.0,16.3589,-1.3589
2026-12-02T13:29:00.000000000,2026-12-02T13:39:00.000000000,10,BiGRU,pm2_5,25.0,25.3507,-0.3507
2026-12-02T13:29:00.000000000,2026-12-02T13:39:00.000000000,10,BiGRU,pm10,30.0,32.3147,-2.3147
2026-12-02T13:29:00.000000000,2026-12-02T13:39:00.000000000,10,BiGRU,co2,2602.0,2512.7261,89.2739
2026-12-02T13:29:00.000000000,2026-12-02T13:39:00.000000000,10,BiGRU,voc,106.0,80.928,25.072
2026-12-02T13:30:00.000000000,2026-12-02T13:40:00.000000000,10,BiGRU,pm1,15.0,16.2835,-1.2835
2026-12-02T13:30:00.000000000,2026-12-02T13:40:00.000000000,10,BiGRU,pm2_5,25.0,25.2168,-0.2168
2026-12-02T13:30:00.000000000,2026-12-02T13:40:00.000000000,10,BiGRU,pm10,28.0,32.0975,-4.0975
2026-12-02T13:30:00.000000000,2026-12-02T13:40:00.000000000,10,BiGRU,co2,2607.0,2473.0,134.0
2026-12-02T13:30:00.000000000,2026-12-02T13:40:00.000000000,10,BiGRU,voc,104.0,79.8245,24.1755
2026-12-02T13:31:00.000000000,2026-12-02T13:41:00.000000000,10,BiGRU,pm1,16.0,16.313,-0.313
2026-12-02T13:31:00.000000000,2026-12-02T13:41:00.000000000,10,BiGRU,pm2_5,25.0,25.1928,-0.1928
2026-12-02T13:31:00.000000000,2026-12-02T13:41:00.000000000,10,BiGRU,pm10,27.0,32.0837,-5.0837
2026-12-02T13:31:00.000000000,2026-12-02T13:41:00.000000000,10,BiGRU,co2,2541.0,2460.4214,80.5786
2026-12-02T13:31:00.000000000,2026-12-02T13:41:00.000000000,10,BiGRU,voc,102.0,80.872,21.128
2026-12-02T13:32:00.000000000,2026-12-02T13:42:00.000000000,10,BiGRU,pm1,16.0,16.2983,-0.2983
2026-12-02T13:32:00.000000000,2026-12-02T13:42:00.000000000,10,BiGRU,pm2_5,25.0,25.1394,-0.1394
2026-12-02T13:32:00.000000000,2026-12-02T13:42:00.000000000,10,BiGRU,pm10,29.0,32.016,-3.016
2026-12-02T13:32:00.000000000,2026-12-02T13:42:00.000000000,10,BiGRU,co2,2507.0,2440.343,66.657
2026-12-02T13:32:00.000000000,2026-12-02T13:42:00.000000000,10,BiGRU,voc,100.0,79.3417,20.6583
2026-12-02T13:33:00.000000000,2026-12-02T13:43:00.000000000,10,BiGRU,pm1,15.0,16.2106,-1.2106
2026-12-02T13:33:00.000000000,2026-12-02T13:43:00.000000000,10,BiGRU,pm2_5,24.0,24.9763,-0.9763
2026-12-02T13:33:00.000000000,2026-12-02T13:43:00.000000000,10,BiGRU,pm10,29.0,31.7795,-2.7795
2026-12-02T13:33:00.000000000,2026-12-02T13:43:00.000000000,10,BiGRU,co2,2581.0,2424.7004,156.2996
2026-12-02T13:33:00.000000000,2026-12-02T13:43:00.000000000,10,BiGRU,voc,101.0,79.8735,21.1265
2026-12-02T13:34:00.000000000,2026-12-02T13:44:00.000000000,10,BiGRU,pm1,15.0,16.3504,-1.3504
2026-12-02T13:34:00.000000000,2026-12-02T13:44:00.000000000,10,BiGRU,pm2_5,25.0,25.167,-0.167
2026-12-02T13:34:00.000000000,2026-12-02T13:44:00.000000000,10,BiGRU,pm10,30.0,32.0682,-2.0682
2026-12-02T13:34:00.000000000,2026-12-02T13:44:00.000000000,10,BiGRU,co2,2569.0,2440.4707,128.5293
2026-12-02T13:34:00.000000000,2026-12-02T13:44:00.000000000,10,BiGRU,voc,100.0,82.1824,17.8176
2026-12-02T13:35:00.000000000,2026-12-02T13:45:00.000000000,10,BiGRU,pm1,16.0,16.1547,-0.1547
2026-12-02T13:35:00.000000000,2026-12-02T13:45:00.000000000,10,BiGRU,pm2_5,25.0,24.8278,0.1722
2026-12-02T13:35:00.000000000,2026-12-02T13:45:00.000000000,10,BiGRU,pm10,30.0,31.5749,-1.5749
2026-12-02T13:35:00.000000000,2026-12-02T13:45:00.000000000,10,BiGRU,co2,2532.0,2420.5061,111.4939
2026-12-02T13:35:00.000000000,2026-12-02T13:45:00.000000000,10,BiGRU,voc,97.0,79.8362,17.1638
2026-12-02T13:36:00.000000000,2026-12-02T13:46:00.000000000,10,BiGRU,pm1,17.0,15.8419,1.1581
2026-12-02T13:36:00.000000000,2026-12-02T13:46:00.000000000,10,BiGRU,pm2_5,25.0,24.2944,0.7056
2026-12-02T13:36:00.000000000,2026-12-02T13:46:00.000000000,10,BiGRU,pm10,31.0,30.8243,0.1757
2026-12-02T13:36:00.000000000,2026-12-02T13:46:00.000000000,10,BiGRU,co2,2442.0,2378.3745,63.6255
2026-12-02T13:36:00.000000000,2026-12-02T13:46:00.000000000,10,BiGRU,voc,96.0,78.2453,17.7547
2026-12-02T13:37:00.000000000,2026-12-02T13:47:00.000000000,10,BiGRU,pm1,16.0,16.1746,-0.1746
2026-12-02T13:37:00.000000000,2026-12-02T13:47:00.000000000,10,BiGRU,pm2_5,25.0,24.8641,0.1359
2026-12-02T13:37:00.000000000,2026-12-02T13:47:00.000000000,10,BiGRU,pm10,31.0,31.6739,-0.6739
2026-12-02T13:37:00.000000000,2026-12-02T13:47:00.000000000,10,BiGRU,co2,2421.0,2397.104,23.896
2026-12-02T13:37:00.000000000,2026-12-02T13:47:00.000000000,10,BiGRU,voc,95.0,79.7935,15.2065
2026-12-02T13:38:00.000000000,2026-12-02T13:48:00.000000000,10,BiGRU,pm1,17.0,16.2066,0.7934
2026-12-02T13:38:00.000000000,2026-12-02T13:48:00.000000000,10,BiGRU,pm2_5,25.0,24.9792,0.0208
2026-12-02T13:38:00.000000000,2026-12-02T13:48:00.000000000,10,BiGRU,pm10,31.0,31.754,-0.754
2026-12-02T13:38:00.000000000,2026-12-02T13:48:00.000000000,10,BiGRU,co2,2463.0,2383.3433,79.6567
2026-12-02T13:38:00.000000000,2026-12-02T13:48:00.000000000,10,BiGRU,voc,96.0,78.6191,17.3809
2026-12-02T13:39:00.000000000,2026-12-02T13:49:00.000000000,10,BiGRU,pm1,16.0,16.5154,-0.5154
2026-12-02T13:39:00.000000000,2026-12-02T13:49:00.000000000,10,BiGRU,pm2_5,25.0,25.5332,-0.5332
2026-12-02T13:39:00.000000000,2026-12-02T13:49:00.000000000,10,BiGRU,pm10,29.0,32.4938,-3.4938
2026-12-02T13:39:00.000000000,2026-12-02T13:49:00.000000000,10,BiGRU,co2,2443.0,2388.5208,54.4792
2026-12-02T13:39:00.000000000,2026-12-02T13:49:00.000000000,10,BiGRU,voc,93.0,79.677,13.323
2026-12-02T13:40:00.000000000,2026-12-02T13:50:00.000000000,10,BiGRU,pm1,17.0,16.4422,0.5578
2026-12-02T13:40:00.000000000,2026-12-02T13:50:00.000000000,10,BiGRU,pm2_5,25.0,25.4345,-0.4345
2026-12-02T13:40:00.000000000,2026-12-02T13:50:00.000000000,10,BiGRU,pm10,30.0,32.2969,-2.2969
2026-12-02T13:40:00.000000000,2026-12-02T13:50:00.000000000,10,BiGRU,co2,2403.0,2359.7551,43.2449
2026-12-02T13:40:00.000000000,2026-12-02T13:50:00.000000000,10,BiGRU,voc,96.0,77.1183,18.8817
2026-12-02T13:41:00.000000000,2026-12-02T13:51:00.000000000,10,BiGRU,pm1,16.0,16.3652,-0.3652
2026-12-02T13:41:00.000000000,2026-12-02T13:51:00.000000000,10,BiGRU,pm2_5,25.0,25.2622,-0.2622
2026-12-02T13:41:00.000000000,2026-12-02T13:51:00.000000000,10,BiGRU,pm10,32.0,32.0472,-0.0472
2026-12-02T13:41:00.000000000,2026-12-02T13:51:00.000000000,10,BiGRU,co2,2392.0,2349.2278,42.7722
2026-12-02T13:41:00.000000000,2026-12-02T13:51:00.000000000,10,BiGRU,voc,93.0,75.7726,17.2274
2026-12-02T13:42:00.000000000,2026-12-02T13:52:00.000000000,10,BiGRU,pm1,17.0,16.2428,0.7572
2026-12-02T13:42:00.000000000,2026-12-02T13:52:00.000000000,10,BiGRU,pm2_5,26.0,25.0566,0.9434
2026-12-02T13:42:00.000000000,2026-12-02T13:52:00.000000000,10,BiGRU,pm10,31.0,31.7599,-0.7599
2026-12-02T13:42:00.000000000,2026-12-02T13:52:00.000000000,10,BiGRU,co2,2238.0,2312.2556,-74.2556
2026-12-02T13:42:00.000000000,2026-12-02T13:52:00.000000000,10,BiGRU,voc,82.0,75.0133,6.9867
2026-12-02T13:43:00.000000000,2026-12-02T13:53:00.000000000,10,BiGRU,pm1,17.0,16.3605,0.6395
2026-12-02T13:43:00.000000000,2026-12-02T13:53:00.000000000,10,BiGRU,pm2_5,26.0,25.2663,0.7337
2026-12-02T13:43:00.000000000,2026-12-02T13:53:00.000000000,10,BiGRU,pm10,34.0,32.0169,1.9831
2026-12-02T13:43:00.000000000,2026-12-02T13:53:00.000000000,10,BiGRU,co2,2253.0,2307.7856,-54.7856
2026-12-02T13:43:00.000000000,2026-12-02T13:53:00.000000000,10,BiGRU,voc,83.0,75.4196,7.5804
2026-12-02T13:44:00.000000000,2026-12-02T13:54:00.000000000,10,BiGRU,pm1,17.0,16.2591,0.7409
2026-12-02T13:44:00.000000000,2026-12-02T13:54:00.000000000,10,BiGRU,pm2_5,27.0,25.1362,1.8638
2026-12-02T13:44:00.000000000,2026-12-02T13:54:00.000000000,10,BiGRU,pm10,32.0,31.7664,0.2336
2026-12-02T13:44:00.000000000,2026-12-02T13:54:00.000000000,10,BiGRU,co2,2355.0,2267.2783,87.7217
2026-12-02T13:44:00.000000000,2026-12-02T13:54:00.000000000,10,BiGRU,voc,86.0,74.9849,11.0151
2026-12-02T13:45:00.000000000,2026-12-02T13:55:00.000000000,10,BiGRU,pm1,17.0,16.5221,0.4779
2026-12-02T13:45:00.000000000,2026-12-02T13:55:00.000000000,10,BiGRU,pm2_5,26.0,25.6396,0.3604
2026-12-02T13:45:00.000000000,2026-12-02T13:55:00.000000000,10,BiGRU,pm10,32.0,32.4341,-0.4341
2026-12-02T13:45:00.000000000,2026-12-02T13:55:00.000000000,10,BiGRU,co2,2314.0,2265.2339,48.7661
2026-12-02T13:45:00.000000000,2026-12-02T13:55:00.000000000,10,BiGRU,voc,86.0,74.3735,11.6265
2026-12-02T13:46:00.000000000,2026-12-02T13:56:00.000000000,10,BiGRU,pm1,16.0,16.7215,-0.7215
2026-12-02T13:46:00.000000000,2026-12-02T13:56:00.000000000,10,BiGRU,pm2_5,26.0,26.0111,-0.0111
2026-12-02T13:46:00.000000000,2026-12-02T13:56:00.000000000,10,BiGRU,pm10,31.0,32.9546,-1.9546
2026-12-02T13:46:00.000000000,2026-12-02T13:56:00.000000000,10,BiGRU,co2,2291.0,2259.665,31.335
2026-12-02T13:46:00.000000000,2026-12-02T13:56:00.000000000,10,BiGRU,voc,86.0,76.0165,9.9835
2026-12-02T13:47:00.000000000,2026-12-02T13:57:00.000000000,10,BiGRU,pm1,17.0,16.9814,0.0186
2026-12-02T13:47:00.000000000,2026-12-02T13:57:00.000000000,10,BiGRU,pm2_5,27.0,26.4981,0.5019
2026-12-02T13:47:00.000000000,2026-12-02T13:57:00.000000000,10,BiGRU,pm10,34.0,33.6084,0.3916
2026-12-02T13:47:00.000000000,2026-12-02T13:57:00.000000000,10,BiGRU,co2,2161.0,2254.8105,-93.8105
2026-12-02T13:47:00.000000000,2026-12-02T13:57:00.000000000,10,BiGRU,voc,77.0,76.5904,0.4096
2026-12-02T13:48:00.000000000,2026-12-02T13:58:00.000000000,10,BiGRU,pm1,17.0,17.017,-0.017
2026-12-02T13:48:00.000000000,2026-12-02T13:58:00.000000000,10,BiGRU,pm2_5,27.0,26.5921,0.4079
2026-12-02T13:48:00.000000000,2026-12-02T13:58:00.000000000,10,BiGRU,pm10,32.0,33.6282,-1.6282
2026-12-02T13:48:00.000000000,2026-12-02T13:58:00.000000000,10,BiGRU,co2,2078.0,2236.4231,-158.4231
2026-12-02T13:48:00.000000000,2026-12-02T13:58:00.000000000,10,BiGRU,voc,74.0,75.8762,-1.8762
2026-12-02T13:49:00.000000000,2026-12-02T13:59:00.000000000,10,BiGRU,pm1,17.0,17.1337,-0.1337
2026-12-02T13:49:00.000000000,2026-12-02T13:59:00.000000000,10,BiGRU,pm2_5,27.0,26.8194,0.1806
2026-12-02T13:49:00.000000000,2026-12-02T13:59:00.000000000,10,BiGRU,pm10,35.0,33.9125,1.0875
2026-12-02T13:49:00.000000000,2026-12-02T13:59:00.000000000,10,BiGRU,co2,1963.0001,2206.6677,-243.6676
2026-12-02T13:49:00.000000000,2026-12-02T13:59:00.000000000,10,BiGRU,voc,64.0,74.545,-10.545
2026-12-02T13:50:00.000000000,2026-12-02T14:00:00.000000000,10,BiGRU,pm1,17.0,17.2699,-0.2699
2026-12-02T13:50:00.000000000,2026-12-02T14:00:00.000000000,10,BiGRU,pm2_5,29.0,27.0617,1.9383
2026-12-02T13:50:00.000000000,2026-12-02T14:00:00.000000000,10,BiGRU,pm10,35.0,34.2302,0.7698
2026-12-02T13:50:00.000000000,2026-12-02T14:00:00.000000000,10,BiGRU,co2,1903.0,2192.7725,-289.7725
2026-12-02T13:50:00.000000000,2026-12-02T14:00:00.000000000,10,BiGRU,voc,63.0,74.6882,-11.6882
2026-12-02T13:51:00.000000000,2026-12-02T14:01:00.000000000,10,BiGRU,pm1,18.0,17.6172,0.3828
2026-12-02T13:51:00.000000000,2026-12-02T14:01:00.000000000,10,BiGRU,pm2_5,28.0,27.6619,0.3381
2026-12-02T13:51:00.000000000,2026-12-02T14:01:00.000000000,10,BiGRU,pm10,36.0,35.0111,0.9889
2026-12-02T13:51:00.000000000,2026-12-02T14:01:00.000000000,10,BiGRU,co2,1892.0,2196.0872,-304.0872
2026-12-02T13:51:00.000000000,2026-12-02T14:01:00.000000000,10,BiGRU,voc,58.0,75.3122,-17.3122
2026-12-02T13:52:00.000000000,2026-12-02T14:02:00.000000000,10,BiGRU,pm1,18.0,17.6604,0.3396
2026-12-02T13:52:00.000000000,2026-12-02T14:02:00.000000000,10,BiGRU,pm2_5,28.0,27.7698,0.2302
2026-12-02T13:52:00.000000000,2026-12-02T14:02:00.000000000,10,BiGRU,pm10,35.0,35.0884,-0.0884
2026-12-02T13:52:00.000000000,2026-12-02T14:02:00.000000000,10,BiGRU,co2,1786.0,2163.9517,-377.9517
2026-12-02T13:52:00.000000000,2026-12-02T14:02:00.000000000,10,BiGRU,voc,56.0,74.4974,-18.4974
2026-12-02T13:53:00.000000000,2026-12-02T14:03:00.000000000,10,BiGRU,pm1,18.0,17.9838,0.0162
2026-12-02T13:53:00.000000000,2026-12-02T14:03:00.000000000,10,BiGRU,pm2_5,29.0,28.2857,0.7143
2026-12-02T13:53:00.000000000,2026-12-02T14:03:00.000000000,10,BiGRU,pm10,37.0,35.8485,1.1515
2026-12-02T13:53:00.000000000,2026-12-02T14:03:00.000000000,10,BiGRU,co2,1773.0,2171.3503,-398.3503
2026-12-02T13:53:00.000000000,2026-12-02T14:03:00.000000000,10,BiGRU,voc,53.0,73.033,-20.033
2026-12-02T13:54:00.000000000,2026-12-02T14:04:00.000000000,10,BiGRU,pm1,18.0,18.173,-0.173
2026-12-02T13:54:00.000000000,2026-12-02T14:04:00.000000000,10,BiGRU,pm2_5,30.0,28.6599,1.3401
2026-12-02T13:54:00.000000000,2026-12-02T14:04:00.000000000,10,BiGRU,pm10,37.0,36.259,0.741
2026-12-02T13:54:00.000000000,2026-12-02T14:04:00.000000000,10,BiGRU,co2,1668.0,2148.5918,-480.5918
2026-12-02T13:54:00.000000000,2026-12-02T14:04:00.000000000,10,BiGRU,voc,50.0,71.1396,-21.1396
2026-12-02T13:55:00.000000000,2026-12-02T14:05:00.000000000,10,BiGRU,pm1,18.0,18.4291,-0.4291
2026-12-02T13:55:00.000000000,2026-12-02T14:05:00.000000000,10,BiGRU,pm2_5,29.0,29.061,-0.061
2026-12-02T13:55:00.000000000,2026-12-02T14:05:00.000000000,10,BiGRU,pm10,37.0,36.7977,0.2023
2026-12-02T13:55:00.000000000,2026-12-02T14:05:00.000000000,10,BiGRU,co2,1692.0,2149.1836,-457.1836
2026-12-02T13:55:00.000000000,2026-12-02T14:05:00.000000000,10,BiGRU,voc,48.0,71.0362,-23.0362
2026-12-02T13:56:00.000000000,2026-12-02T14:06:00.000000000,10,BiGRU,pm1,19.0,18.5731,0.4269
2026-12-02T13:56:00.000000000,2026-12-02T14:06:00.000000000,10,BiGRU,pm2_5,30.0,29.3062,0.6938
2026-12-02T13:56:00.000000000,2026-12-02T14:06:00.000000000,10,BiGRU,pm10,38.0,37.0876,0.9124
2026-12-02T13:56:00.000000000,2026-12-02T14:06:00.000000000,10,BiGRU,co2,1565.0,2130.5798,-565.5798
2026-12-02T13:56:00.000000000,2026-12-02T14:06:00.000000000,10,BiGRU,voc,47.0,69.8502,-22.8502
2026-12-02T13:57:00.000000000,2026-12-02T14:07:00.000000000,10,BiGRU,pm1,19.0,18.5545,0.4455
2026-12-02T13:57:00.000000000,2026-12-02T14:07:00.000000000,10,BiGRU,pm2_5,30.0,29.268,0.732
2026-12-02T13:57:00.000000000,2026-12-02T14:07:00.000000000,10,BiGRU,pm10,38.0,36.9769,1.0231
2026-12-02T13:57:00.000000000,2026-12-02T14:07:00.000000000,10,BiGRU,co2,1606.0,2104.5427,-498.5427
2026-12-02T13:57:00.000000000,2026-12-02T14:07:00.000000000,10,BiGRU,voc,47.0,68.2074,-21.2074
2026-12-02T13:58:00.000000000,2026-12-02T14:08:00.000000000,10,BiGRU,pm1,20.0,18.9218,1.0782
2026-12-02T13:58:00.000000000,2026-12-02T14:08:00.000000000,10,BiGRU,pm2_5,32.0,29.9016,2.0984
2026-12-02T13:58:00.000000000,2026-12-02T14:08:00.000000000,10,BiGRU,pm10,40.0,37.837,2.163
2026-12-02T13:58:00.000000000,2026-12-02T14:08:00.000000000,10,BiGRU,co2,1624.0,2112.709,-488.709
2026-12-02T13:58:00.000000000,2026-12-02T14:08:00.000000000,10,BiGRU,voc,47.0,67.651,-20.651
2026-12-02T13:59:00.000000000,2026-12-02T14:09:00.000000000,10,BiGRU,pm1,20.0,19.0488,0.9512
2026-12-02T13:59:00.000000000,2026-12-02T14:09:00.000000000,10,BiGRU,pm2_5,32.0,30.1058,1.8942
2026-12-02T13:59:00.000000000,2026-12-02T14:09:00.000000000,10,BiGRU,pm10,40.0,38.0652,1.9348
2026-12-02T13:59:00.000000000,2026-12-02T14:09:00.000000000,10,BiGRU,co2,1629.0,2103.0703,-474.0703
2026-12-02T13:59:00.000000000,2026-12-02T14:09:00.000000000,10,BiGRU,voc,45.0,64.5383,-19.5383
2026-12-02T14:00:00.000000000,2026-12-02T14:10:00.000000000,10,BiGRU,pm1,20.0,19.3229,0.6771
2026-12-02T14:00:00.000000000,2026-12-02T14:10:00.000000000,10,BiGRU,pm2_5,32.0,30.5737,1.4263
2026-12-02T14:00:00.000000000,2026-12-02T14:10:00.000000000,10,BiGRU,pm10,41.0,38.6318,2.3682
2026-12-02T14:00:00.000000000,2026-12-02T14:10:00.000000000,10,BiGRU,co2,1688.0,2083.6963,-395.6963
2026-12-02T14:00:00.000000000,2026-12-02T14:10:00.000000000,10,BiGRU,voc,46.0,61.6947,-15.6947
2026-12-02T14:01:00.000000000,2026-12-02T14:11:00.000000000,10,BiGRU,pm1,20.0,19.6777,0.3223
2026-12-02T14:01:00.000000000,2026-12-02T14:11:00.000000000,10,BiGRU,pm2_5,32.0,31.1553,0.8447
2026-12-02T14:01:00.000000000,2026-12-02T14:11:00.000000000,10,BiGRU,pm10,41.0,39.3245,1.6755
2026-12-02T14:01:00.000000000,2026-12-02T14:11:00.000000000,10,BiGRU,co2,1717.0,2071.1406,-354.1406
2026-12-02T14:01:00.000000000,2026-12-02T14:11:00.000000000,10,BiGRU,voc,51.0,59.346,-8.346
2026-12-02T14:02:00.000000000,2026-12-02T14:12:00.000000000,10,BiGRU,pm1,20.0,19.8427,0.1573
2026-12-02T14:02:00.000000000,2026-12-02T14:12:00.000000000,10,BiGRU,pm2_5,31.0,31.4556,-0.4556
2026-12-02T14:02:00.000000000,2026-12-02T14:12:00.000000000,10,BiGRU,pm10,39.0,39.6044,-0.6044
2026-12-02T14:02:00.000000000,2026-12-02T14:12:00.000000000,10,BiGRU,co2,1775.0,2030.2578,-255.2578
2026-12-02T14:02:00.000000000,2026-12-02T14:12:00.000000000,10,BiGRU,voc,54.0,56.2176,-2.2176
2026-12-02T14:03:00.000000000,2026-12-02T14:13:00.000000000,10,BiGRU,pm1,20.0,20.1235,-0.1235
2026-12-02T14:03:00.000000000,2026-12-02T14:13:00.000000000,10,BiGRU,pm2_5,30.0,31.8806,-1.8806
2026-12-02T14:03:00.000000000,2026-12-02T14:13:00.000000000,10,BiGRU,pm10,38.0,40.1225,-2.1225
2026-12-02T14:03:00.000000000,2026-12-02T14:13:00.000000000,10,BiGRU,co2,1752.0,2009.3002,-257.3002
2026-12-02T14:03:00.000000000,2026-12-02T14:13:00.000000000,10,BiGRU,voc,55.0,54.1082,0.8918
2026-12-02T14:04:00.000000000,2026-12-02T14:14:00.000000000,10,BiGRU,pm1,18.0,20.5842,-2.5842
2026-12-02T14:04:00.000000000,2026-12-02T14:14:00.000000000,10,BiGRU,pm2_5,29.0,32.6711,-3.6711
2026-12-02T14:04:00.000000000,2026-12-02T14:14:00.000000000,10,BiGRU,pm10,36.0,41.0438,-5.0438
2026-12-02T14:04:00.000000000,2026-12-02T14:14:00.000000000,10,BiGRU,co2,1730.0,1981.6622,-251.6622
2026-12-02T14:04:00.000000000,2026-12-02T14:14:00.000000000,10,BiGRU,voc,55.0,50.7354,4.2646
2026-12-02T14:05:00.000000000,2026-12-02T14:15:00.000000000,10,BiGRU,pm1,20.0,21.1101,-1.1101
2026-12-02T14:05:00.000000000,2026-12-02T14:15:00.000000000,10,BiGRU,pm2_5,32.0,33.5026,-1.5026
2026-12-02T14:05:00.000000000,2026-12-02T14:15:00.000000000,10,BiGRU,pm10,40.0,42.1037,-2.1037
2026-12-02T14:05:00.000000000,2026-12-02T14:15:00.000000000,10,BiGRU,co2,1735.0,1969.5587,-234.5587
2026-12-02T14:05:00.000000000,2026-12-02T14:15:00.000000000,10,BiGRU,voc,50.0,47.968,2.032
2026-12-02T14:06:00.000000000,2026-12-02T14:16:00.000000000,10,BiGRU,pm1,22.0,21.2289,0.7711
2026-12-02T14:06:00.000000000,2026-12-02T14:16:00.000000000,10,BiGRU,pm2_5,35.0,33.7139,1.2861
2026-12-02T14:06:00.000000000,2026-12-02T14:16:00.000000000,10,BiGRU,pm10,45.0,42.2089,2.7911
2026-12-02T14:06:00.000000000,2026-12-02T14:16:00.000000000,10,BiGRU,co2,1719.0,1916.3505,-197.3505
2026-12-02T14:06:00.000000000,2026-12-02T14:16:00.000000000,10,BiGRU,voc,46.0,43.1955,2.8045
2026-12-02T14:07:00.000000000,2026-12-02T14:17:00.000000000,10,BiGRU,pm1,23.0,21.7716,1.2284
2026-12-02T14:07:00.000000000,2026-12-02T14:17:00.000000000,10,BiGRU,pm2_5,36.0,34.5249,1.4751
2026-12-02T14:07:00.000000000,2026-12-02T14:17:00.000000000,10,BiGRU,pm10,47.0,43.2466,3.7534
2026-12-02T14:07:00.000000000,2026-12-02T14:17:00.000000000,10,BiGRU,co2,1734.0,1906.1576,-172.1576
2026-12-02T14:07:00.000000000,2026-12-02T14:17:00.000000000,10,BiGRU,voc,41.0,42.5378,-1.5378
2026-12-02T14:08:00.000000000,2026-12-02T14:18:00.000000000,10,BiGRU,pm1,23.0,21.9979,1.0021
2026-12-02T14:08:00.000000000,2026-12-02T14:18:00.000000000,10,BiGRU,pm2_5,36.0,34.8641,1.1359
2026-12-02T14:08:00.000000000,2026-12-02T14:18:00.000000000,10,BiGRU,pm10,47.0,43.5424,3.4576
2026-12-02T14:08:00.000000000,2026-12-02T14:18:00.000000000,10,BiGRU,co2,1756.0,1865.2604,-109.2604
2026-12-02T14:08:00.000000000,2026-12-02T14:18:00.000000000,10,BiGRU,voc,38.0,42.7262,-4.7262
2026-12-02T14:09:00.000000000,2026-12-02T14:19:00.000000000,10,BiGRU,pm1,22.0,22.5991,-0.5991
2026-12-02T14:09:00.000000000,2026-12-02T14:19:00.000000000,10,BiGRU,pm2_5,36.0,35.7877,0.2123
2026-12-02T14:09:00.000000000,2026-12-02T14:19:00.000000000,10,BiGRU,pm10,47.0,44.6202,2.3798
2026-12-02T14:09:00.000000000,2026-12-02T14:19:00.000000000,10,BiGRU,co2,1699.0,1868.0909,-169.0909
2026-12-02T14:09:00.000000000,2026-12-02T14:19:00.000000000,10,BiGRU,voc,37.0,43.35,-6.35
2026-12-02T14:10:00.000000000,2026-12-02T14:20:00.000000000,10,BiGRU,pm1,23.0,22.9381,0.0619
2026-12-02T14:10:00.000000000,2026-12-02T14:20:00.000000000,10,BiGRU,pm2_5,36.0,36.319,-0.319
2026-12-02T14:10:00.000000000,2026-12-02T14:20:00.000000000,10,BiGRU,pm10,46.0,45.0702,0.9298
2026-12-02T14:10:00.000000000,2026-12-02T14:20:00.000000000,10,BiGRU,co2,1670.0,1841.0227,-171.0227
2026-12-02T14:10:00.000000000,2026-12-02T14:20:00.000000000,10,BiGRU,voc,36.0,40.1084,-4.1084
2026-12-02T14:11:00.000000000,2026-12-02T14:21:00.000000000,10,BiGRU,pm1,23.0,23.1869,-0.1869
2026-12-02T14:11:00.000000000,2026-12-02T14:21:00.000000000,10,BiGRU,pm2_5,36.0,36.7112,-0.7112
2026-12-02T14:11:00.000000000,2026-12-02T14:21:00.000000000,10,BiGRU,pm10,46.0,45.2076,0.7924
2026-12-02T14:11:00.000000000,2026-12-02T14:21:00.000000000,10,BiGRU,co2,1679.0,1820.6997,-141.6997
2026-12-02T14:11:00.000000000,2026-12-02T14:21:00.000000000,10,BiGRU,voc,36.0,36.9866,-0.9866
2026-12-02T14:12:00.000000000,2026-12-02T14:22:00.000000000,10,BiGRU,pm1,24.0,23.2172,0.7828
2026-12-02T14:12:00.000000000,2026-12-02T14:22:00.000000000,10,BiGRU,pm2_5,37.0,36.7166,0.2834
2026-12-02T14:12:00.000000000,2026-12-02T14:22:00.000000000,10,BiGRU,pm10,48.0,45.0585,2.9415
2026-12-02T14:12:00.000000000,2026-12-02T14:22:00.000000000,10,BiGRU,co2,1672.0,1806.6605,-134.6605
2026-12-02T14:12:00.000000000,2026-12-02T14:22:00.000000000,10,BiGRU,voc,35.0,36.3454,-1.3454
2026-12-02T14:13:00.000000000,2026-12-02T14:23:00.000000000,10,BiGRU,pm1,24.0,22.8863,1.1137
2026-12-02T14:13:00.000000000,2026-12-02T14:23:00.000000000,10,BiGRU,pm2_5,38.0,36.1182,1.8818
2026-12-02T14:13:00.000000000,2026-12-02T14:23:00.000000000,10,BiGRU,pm10,48.0,44.1303,3.8697
2026-12-02T14:13:00.000000000,2026-12-02T14:23:00.000000000,10,BiGRU,co2,1558.0,1764.8634,-206.8634
2026-12-02T14:13:00.000000000,2026-12-02T14:23:00.000000000,10,BiGRU,voc,35.0,38.8462,-3.8462
2026-12-02T14:14:00.000000000,2026-12-02T14:24:00.000000000,10,BiGRU,pm1,24.0,22.6874,1.3126
2026-12-02T14:14:00.000000000,2026-12-02T14:24:00.000000000,10,BiGRU,pm2_5,37.0,35.7624,1.2376
2026-12-02T14:14:00.000000000,2026-12-02T14:24:00.000000000,10,BiGRU,pm10,47.0,43.591,3.409
2026-12-02T14:14:00.000000000,2026-12-02T14:24:00.000000000,10,BiGRU,co2,1574.0,1742.1541,-168.1541
2026-12-02T14:14:00.000000000,2026-12-02T14:24:00.000000000,10,BiGRU,voc,33.0,39.455,-6.455
2026-12-02T14:15:00.000000000,2026-12-02T14:25:00.000000000,10,BiGRU,pm1,24.0,22.2849,1.7151
2026-12-02T14:15:00.000000000,2026-12-02T14:25:00.000000000,10,BiGRU,pm2_5,37.0,35.0942,1.9058
2026-12-02T14:15:00.000000000,2026-12-02T14:25:00.000000000,10,BiGRU,pm10,48.0,42.5442,5.4558
2026-12-02T14:15:00.000000000,2026-12-02T14:25:00.000000000,10,BiGRU,co2,1618.0,1702.2324,-84.2324
2026-12-02T14:15:00.000000000,2026-12-02T14:25:00.000000000,10,BiGRU,voc,33.0,40.1814,-7.1814
2026-12-02T14:16:00.000000000,2026-12-02T14:26:00.000000000,10,BiGRU,pm1,23.0,22.4851,0.5149
2026-12-02T14:16:00.000000000,2026-12-02T14:26:00.000000000,10,BiGRU,pm2_5,37.0,35.3291,1.6709
2026-12-02T14:16:00.000000000,2026-12-02T14:26:00.000000000,10,BiGRU,pm10,47.0,42.9991,4.0009
2026-12-02T14:16:00.000000000,2026-12-02T14:26:00.000000000,10,BiGRU,co2,1814.0,1754.354,59.646
2026-12-02T14:16:00.000000000,2026-12-02T14:26:00.000000000,10,BiGRU,voc,40.0,43.7227,-3.7227
2026-12-02T14:17:00.000000000,2026-12-02T14:27:00.000000000,10,BiGRU,pm1,22.0,22.6995,-0.6995
2026-12-02T14:17:00.000000000,2026-12-02T14:27:00.000000000,10,BiGRU,pm2_5,35.0,35.7189,-0.7189
2026-12-02T14:17:00.000000000,2026-12-02T14:27:00.000000000,10,BiGRU,pm10,45.0,43.5406,1.4594
2026-12-02T14:17:00.000000000,2026-12-02T14:27:00.000000000,10,BiGRU,co2,1991.9999,1809.5454,182.4545
2026-12-02T14:17:00.000000000,2026-12-02T14:27:00.000000000,10,BiGRU,voc,54.0,43.9371,10.0629
2026-12-02T14:18:00.000000000,2026-12-02T14:28:00.000000000,10,BiGRU,pm1,21.0,22.6403,-1.6403
2026-12-02T14:18:00.000000000,2026-12-02T14:28:00.000000000,10,BiGRU,pm2_5,34.0,35.6549,-1.6549
2026-12-02T14:18:00.000000000,2026-12-02T14:28:00.000000000,10,BiGRU,pm10,43.0,43.5692,-0.5692
2026-12-02T14:18:00.000000000,2026-12-02T14:28:00.000000000,10,BiGRU,co2,2148.0,1837.6981,310.3019
2026-12-02T14:18:00.000000000,2026-12-02T14:28:00.000000000,10,BiGRU,voc,60.0,42.4037,17.5963
2026-12-02T14:19:00.000000000,2026-12-02T14:29:00.000000000,10,BiGRU,pm1,21.0,22.2926,-1.2926
2026-12-02T14:19:00.000000000,2026-12-02T14:29:00.000000000,10,BiGRU,pm2_5,34.0,35.0532,-1.0532
2026-12-02T14:19:00.000000000,2026-12-02T14:29:00.000000000,10,BiGRU,pm10,43.0,42.902,0.098
2026-12-02T14:19:00.000000000,2026-12-02T14:29:00.000000000,10,BiGRU,co2,2186.0,1852.7611,333.2389
2026-12-02T14:19:00.000000000,2026-12-02T14:29:00.000000000,10,BiGRU,voc,67.0,42.3596,24.6404
2026-12-02T14:20:00.000000000,2026-12-02T14:30:00.000000000,10,BiGRU,pm1,21.0,21.9816,-0.9816
2026-12-02T14:20:00.000000000,2026-12-02T14:30:00.000000000,10,BiGRU,pm2_5,35.0,34.2895,0.7105
2026-12-02T14:20:00.000000000,2026-12-02T14:30:00.000000000,10,BiGRU,pm10,43.0,42.1099,0.8901
2026-12-02T14:20:00.000000000,2026-12-02T14:30:00.000000000,10,BiGRU,co2,2289.0,1868.101,420.899
2026-12-02T14:20:00.000000000,2026-12-02T14:30:00.000000000,10,BiGRU,voc,78.0,42.7207,35.2793
2026-12-02T14:21:00.000000000,2026-12-02T14:31:00.000000000,10,BiGRU,pm1,21.0,21.7655,-0.7655
2026-12-02T14:21:00.000000000,2026-12-02T14:31:00.000000000,10,BiGRU,pm2_5,34.0,33.6985,0.3015
2026-12-02T14:21:00.000000000,2026-12-02T14:31:00.000000000,10,BiGRU,pm10,44.0,41.9375,2.0625
2026-12-02T14:21:00.000000000,2026-12-02T14:31:00.000000000,10,BiGRU,co2,2390.0,1887.9561,502.0439
2026-12-02T14:21:00.000000000,2026-12-02T14:31:00.000000000,10,BiGRU,voc,79.0,44.1327,34.8673
2026-12-02T14:22:00.000000000,2026-12-02T14:32:00.000000000,10,BiGRU,pm1,20.0,21.5354,-1.5354
2026-12-02T14:22:00.000000000,2026-12-02T14:32:00.000000000,10,BiGRU,pm2_5,33.0,33.2179,-0.2179
2026-12-02T14:22:00.000000000,2026-12-02T14:32:00.000000000,10,BiGRU,pm10,42.0,41.8762,0.1238
2026-12-02T14:22:00.000000000,2026-12-02T14:32:00.000000000,10,BiGRU,co2,2454.0,1886.2313,567.7687
2026-12-02T14:22:00.000000000,2026-12-02T14:32:00.000000000,10,BiGRU,voc,85.0,45.5867,39.4133
2026-12-02T14:23:00.000000000,2026-12-02T14:33:00.000000000,10,BiGRU,pm1,21.0,21.8218,-0.8218
2026-12-02T14:23:00.000000000,2026-12-02T14:33:00.000000000,10,BiGRU,pm2_5,33.0,33.6431,-0.6431
2026-12-02T14:23:00.000000000,2026-12-02T14:33:00.000000000,10,BiGRU,pm10,43.0,43.201,-0.201
2026-12-02T14:23:00.000000000,2026-12-02T14:33:00.000000000,10,BiGRU,co2,2506.0,1911.109,594.891
2026-12-02T14:23:00.000000000,2026-12-02T14:33:00.000000000,10,BiGRU,voc,88.0,47.7356,40.2644
2026-12-02T14:24:00.000000000,2026-12-02T14:34:00.000000000,10,BiGRU,pm1,21.0,21.935,-0.935
2026-12-02T14:24:00.000000000,2026-12-02T14:34:00.000000000,10,BiGRU,pm2_5,33.0,33.9768,-0.9768
2026-12-02T14:24:00.000000000,2026-12-02T14:34:00.000000000,10,BiGRU,pm10,43.0,44.0157,-1.0157
2026-12-02T14:24:00.000000000,2026-12-02T14:34:00.000000000,10,BiGRU,co2,2478.0,1907.9968,570.0032
2026-12-02T14:24:00.000000000,2026-12-02T14:34:00.000000000,10,BiGRU,voc,88.0,51.4524,36.5476
2026-12-02T14:25:00.000000000,2026-12-02T14:35:00.000000000,10,BiGRU,pm1,21.0,21.9838,-0.9838
2026-12-02T14:25:00.000000000,2026-12-02T14:35:00.000000000,10,BiGRU,pm2_5,33.0,34.1363,-1.1363
2026-12-02T14:25:00.000000000,2026-12-02T14:35:00.000000000,10,BiGRU,pm10,43.0,44.3754,-1.3754
2026-12-02T14:25:00.000000000,2026-12-02T14:35:00.000000000,10,BiGRU,co2,2605.0,1894.4894,710.5106
2026-12-02T14:25:00.000000000,2026-12-02T14:35:00.000000000,10,BiGRU,voc,89.0,53.7026,35.2974
2026-12-02T14:26:00.000000000,2026-12-02T14:36:00.000000000,10,BiGRU,pm1,21.0,22.2306,-1.2306
2026-12-02T14:26:00.000000000,2026-12-02T14:36:00.000000000,10,BiGRU,pm2_5,33.0,34.5909,-1.5909
2026-12-02T14:26:00.000000000,2026-12-02T14:36:00.000000000,10,BiGRU,pm10,43.0,45.1027,-2.1027
2026-12-02T14:26:00.000000000,2026-12-02T14:36:00.000000000,10,BiGRU,co2,2562.0,1886.491,675.509
2026-12-02T14:26:00.000000000,2026-12-02T14:36:00.000000000,10,BiGRU,voc,87.0,56.9963,30.0037
2026-12-02T14:27:00.000000000,2026-12-02T14:37:00.000000000,10,BiGRU,pm1,21.0,22.3099,-1.3099
2026-12-02T14:27:00.000000000,2026-12-02T14:37:00.000000000,10,BiGRU,pm2_5,34.0,34.9387,-0.9387
2026-12-02T14:27:00.000000000,2026-12-02T14:37:00.000000000,10,BiGRU,pm10,43.0,45.4595,-2.4595
2026-12-02T14:27:00.000000000,2026-12-02T14:37:00.000000000,10,BiGRU,co2,2476.0,1871.4152,604.5848
2026-12-02T14:27:00.000000000,2026-12-02T14:37:00.000000000,10,BiGRU,voc,90.0,60.7962,29.2038
2026-12-02T14:28:00.000000000,2026-12-02T14:38:00.000000000,10,BiGRU,pm1,21.0,22.1889,-1.1889
2026-12-02T14:28:00.000000000,2026-12-02T14:38:00.000000000,10,BiGRU,pm2_5,33.0,35.1806,-2.1806
2026-12-02T14:28:00.000000000,2026-12-02T14:38:00.000000000,10,BiGRU,pm10,42.0,45.5345,-3.5345
2026-12-02T14:28:00.000000000,2026-12-02T14:38:00.000000000,10,BiGRU,co2,2493.0,1846.3972,646.6028
2026-12-02T14:28:00.000000000,2026-12-02T14:38:00.000000000,10,BiGRU,voc,87.0,65.2895,21.7105
2026-12-02T14:29:00.000000000,2026-12-02T14:39:00.000000000,10,BiGRU,pm1,21.0,22.1492,-1.1492
2026-12-02T14:29:00.000000000,2026-12-02T14:39:00.000000000,10,BiGRU,pm2_5,33.0,35.3884,-2.3884
2026-12-02T14:29:00.000000000,2026-12-02T14:39:00.000000000,10,BiGRU,pm10,42.0,45.5215,-3.5215
2026-12-02T14:29:00.000000000,2026-12-02T14:39:00.000000000,10,BiGRU,co2,2428.0,1826.7966,601.2034
2026-12-02T14:29:00.000000000,2026-12-02T14:39:00.000000000,10,BiGRU,voc,89.0,69.3997,19.6003
2026-12-02T14:30:00.000000000,2026-12-02T14:40:00.000000000,10,BiGRU,pm1,21.0,22.2822,-1.2822
2026-12-02T14:30:00.000000000,2026-12-02T14:40:00.000000000,10,BiGRU,pm2_5,34.0,35.742,-1.742
2026-12-02T14:30:00.000000000,2026-12-02T14:40:00.000000000,10,BiGRU,pm10,44.0,45.9078,-1.9078
2026-12-02T14:30:00.000000000,2026-12-02T14:40:00.000000000,10,BiGRU,co2,2392.0,1823.225,568.775
2026-12-02T14:30:00.000000000,2026-12-02T14:40:00.000000000,10,BiGRU,voc,86.0,73.6888,12.3112
2026-12-02T14:31:00.000000000,2026-12-02T14:41:00.000000000,10,BiGRU,pm1,21.0,22.291,-1.291
2026-12-02T14:31:00.000000000,2026-12-02T14:41:00.000000000,10,BiGRU,pm2_5,34.0,35.9057,-1.9057
2026-12-02T14:31:00.000000000,2026-12-02T14:41:00.000000000,10,BiGRU,pm10,41.0,45.9855,-4.9855
2026-12-02T14:31:00.000000000,2026-12-02T14:41:00.000000000,10,BiGRU,co2,2454.0,1814.09,639.91
2026-12-02T14:31:00.000000000,2026-12-02T14:41:00.000000000,10,BiGRU,voc,87.0,81.5651,5.4349
2026-12-02T14:32:00.000000000,2026-12-02T14:42:00.000000000,10,BiGRU,pm1,21.0,22.1747,-1.1747
2026-12-02T14:32:00.000000000,2026-12-02T14:42:00.000000000,10,BiGRU,pm2_5,34.0,35.8202,-1.8202
2026-12-02T14:32:00.000000000,2026-12-02T14:42:00.000000000,10,BiGRU,pm10,43.0,45.6285,-2.6285
2026-12-02T14:32:00.000000000,2026-12-02T14:42:00.000000000,10,BiGRU,co2,2386.0,1792.6179,593.3821
2026-12-02T14:32:00.000000000,2026-12-02T14:42:00.000000000,10,BiGRU,voc,82.0,86.3619,-4.3619
2026-12-02T14:33:00.000000000,2026-12-02T14:43:00.000000000,10,BiGRU,pm1,21.0,21.974,-0.974
2026-12-02T14:33:00.000000000,2026-12-02T14:43:00.000000000,10,BiGRU,pm2_5,34.0,35.5548,-1.5548
2026-12-02T14:33:00.000000000,2026-12-02T14:43:00.000000000,10,BiGRU,pm10,44.0,45.0779,-1.0779
2026-12-02T14:33:00.000000000,2026-12-02T14:43:00.000000000,10,BiGRU,co2,2332.0,1785.0305,546.9695
2026-12-02T14:33:00.000000000,2026-12-02T14:43:00.000000000,10,BiGRU,voc,75.0,89.7901,-14.7901
2026-12-02T14:34:00.000000000,2026-12-02T14:44:00.000000000,10,BiGRU,pm1,21.0,21.9697,-0.9697
2026-12-02T14:34:00.000000000,2026-12-02T14:44:00.000000000,10,BiGRU,pm2_5,34.0,35.577,-1.577
2026-12-02T14:34:00.000000000,2026-12-02T14:44:00.000000000,10,BiGRU,pm10,43.0,45.1317,-2.1317
2026-12-02T14:34:00.000000000,2026-12-02T14:44:00.000000000,10,BiGRU,co2,2271.0,1810.0713,460.9287
2026-12-02T14:34:00.000000000,2026-12-02T14:44:00.000000000,10,BiGRU,voc,71.0,94.0787,-23.0787
2026-12-02T14:35:00.000000000,2026-12-02T14:45:00.000000000,10,BiGRU,pm1,22.0,21.8957,0.1043
2026-12-02T14:35:00.000000000,2026-12-02T14:45:00.000000000,10,BiGRU,pm2_5,35.0,35.4433,-0.4433
2026-12-02T14:35:00.000000000,2026-12-02T14:45:00.000000000,10,BiGRU,pm10,43.0,44.9373,-1.9373
2026-12-02T14:35:00.000000000,2026-12-02T14:45:00.000000000,10,BiGRU,co2,2158.0,1836.6119,321.3881
2026-12-02T14:35:00.000000000,2026-12-02T14:45:00.000000000,10,BiGRU,voc,69.0,95.7178,-26.7178
2026-12-02T14:36:00.000000000,2026-12-02T14:46:00.000000000,10,BiGRU,pm1,22.0,21.7461,0.2539
2026-12-02T14:36:00.000000000,2026-12-02T14:46:00.000000000,10,BiGRU,pm2_5,35.0,35.2699,-0.2699
2026-12-02T14:36:00.000000000,2026-12-02T14:46:00.000000000,10,BiGRU,pm10,45.0,44.5892,0.4108
2026-12-02T14:36:00.000000000,2026-12-02T14:46:00.000000000,10,BiGRU,co2,2087.0,1858.7595,228.2405
2026-12-02T14:36:00.000000000,2026-12-02T14:46:00.000000000,10,BiGRU,voc,68.0,95.8917,-27.8917
2026-12-02T14:37:00.000000000,2026-12-02T14:48:00.000000000,10,BiGRU,pm1,22.0,21.6256,0.3744
2026-12-02T14:37:00.000000000,2026-12-02T14:48:00.000000000,10,BiGRU,pm2_5,36.0,35.0927,0.9073
2026-12-02T14:37:00.000000000,2026-12-02T14:48:00.000000000,10,BiGRU,pm10,47.0,44.2606,2.7394
2026-12-02T14:37:00.000000000,2026-12-02T14:48:00.000000000,10,BiGRU,co2,2068.0,1888.5417,179.4583
2026-12-02T14:37:00.000000000,2026-12-02T14:48:00.000000000,10,BiGRU,voc,59.0,95.565,-36.565
2026-12-02T14:38:00.000000000,2026-12-02T14:49:00.000000000,10,BiGRU,pm1,22.0,21.4731,0.5269
2026-12-02T14:38:00.000000000,2026-12-02T14:49:00.000000000,10,BiGRU,pm2_5,36.0,34.8637,1.1363
2026-12-02T14:38:00.000000000,2026-12-02T14:49:00.000000000,10,BiGRU,pm10,47.0,43.8416,3.1584
2026-12-02T14:38:00.000000000,2026-12-02T14:49:00.000000000,10,BiGRU,co2,2068.0,1915.1614,152.8386
2026-12-02T14:38:00.000000000,2026-12-02T14:49:00.000000000,10,BiGRU,voc,59.0,96.7263,-37.7263
2026-12-02T14:39:00.000000000,2026-12-02T14:50:00.000000000,10,BiGRU,pm1,23.0,21.2458,1.7542
2026-12-02T14:39:00.000000000,2026-12-02T14:50:00.000000000,10,BiGRU,pm2_5,35.0,34.4783,0.5217
2026-12-02T14:39:00.000000000,2026-12-02T14:50:00.000000000,10,BiGRU,pm10,45.0,43.2035,1.7965
2026-12-02T14:39:00.000000000,2026-12-02T14:50:00.000000000,10,BiGRU,co2,2110.0,1946.0371,163.9629
2026-12-02T14:39:00.000000000,2026-12-02T14:50:00.000000000,10,BiGRU,voc,66.0,95.4678,-29.4678
2026-12-02T14:40:00.000000000,2026-12-02T14:51:00.000000000,10,BiGRU,pm1,22.0,21.1008,0.8992
2026-12-02T14:40:00.000000000,2026-12-02T14:51:00.000000000,10,BiGRU,pm2_5,35.0,34.2576,0.7424
2026-12-02T14:40:00.000000000,2026-12-02T14:51:00.000000000,10,BiGRU,pm10,44.0,42.8277,1.1723
2026-12-02T14:40:00.000000000,2026-12-02T14:51:00.000000000,10,BiGRU,co2,2046.0,2001.199,44.801
2026-12-02T14:40:00.000000000,2026-12-02T14:51:00.000000000,10,BiGRU,voc,67.0,92.7111,-25.7111
2026-12-02T14:41:00.000000000,2026-12-02T14:52:00.000000000,10,BiGRU,pm1,21.0,21.036,-0.036
2026-12-02T14:41:00.000000000,2026-12-02T14:52:00.000000000,10,BiGRU,pm2_5,34.0,34.1038,-0.1038
2026-12-02T14:41:00.000000000,2026-12-02T14:52:00.000000000,10,BiGRU,pm10,43.0,42.6147,0.3853
2026-12-02T14:41:00.000000000,2026-12-02T14:52:00.000000000,10,BiGRU,co2,1998.0,2060.5425,-62.5425
2026-12-02T14:41:00.000000000,2026-12-02T14:52:00.000000000,10,BiGRU,voc,67.0,90.097,-23.097
2026-12-02T14:42:00.000000000,2026-12-02T14:53:00.000000000,10,BiGRU,pm1,21.0,20.8362,0.1638
2026-12-02T14:42:00.000000000,2026-12-02T14:53:00.000000000,10,BiGRU,pm2_5,34.0,33.6312,0.3688
2026-12-02T14:42:00.000000000,2026-12-02T14:53:00.000000000,10,BiGRU,pm10,43.0,41.9547,1.0453
2026-12-02T14:42:00.000000000,2026-12-02T14:53:00.000000000,10,BiGRU,co2,1961.0001,2112.3838,-151.3837
2026-12-02T14:42:00.000000000,2026-12-02T14:53:00.000000000,10,BiGRU,voc,66.0,85.1746,-19.1746
2026-12-02T14:43:00.000000000,2026-12-02T14:54:00.000000000,10,BiGRU,pm1,22.0,20.8472,1.1528
2026-12-02T14:43:00.000000000,2026-12-02T14:54:00.000000000,10,BiGRU,pm2_5,35.0,33.6012,1.3988
2026-12-02T14:43:00.000000000,2026-12-02T14:54:00.000000000,10,BiGRU,pm10,44.0,41.7586,2.2414
2026-12-02T14:43:00.000000000,2026-12-02T14:54:00.000000000,10,BiGRU,co2,1946.0,2170.4431,-224.4431
2026-12-02T14:43:00.000000000,2026-12-02T14:54:00.000000000,10,BiGRU,voc,68.0,76.2588,-8.2588
2026-12-02T14:44:00.000000000,2026-12-02T14:55:00.000000000,10,BiGRU,pm1,21.0,20.8351,0.1649
2026-12-02T14:44:00.000000000,2026-12-02T14:55:00.000000000,10,BiGRU,pm2_5,34.0,33.5795,0.4205
2026-12-02T14:44:00.000000000,2026-12-02T14:55:00.000000000,10,BiGRU,pm10,44.0,41.6606,2.3394
2026-12-02T14:44:00.000000000,2026-12-02T14:55:00.000000000,10,BiGRU,co2,1899.0,2208.793,-309.793
2026-12-02T14:44:00.000000000,2026-12-02T14:55:00.000000000,10,BiGRU,voc,63.0,68.3196,-5.3196
2026-12-02T14:45:00.000000000,2026-12-02T14:56:00.000000000,10,BiGRU,pm1,21.0,20.7803,0.2197
2026-12-02T14:45:00.000000000,2026-12-02T14:56:00.000000000,10,BiGRU,pm2_5,35.0,33.4874,1.5126
2026-12-02T14:45:00.000000000,2026-12-02T14:56:00.000000000,10,BiGRU,pm10,45.0,41.5023,3.4977
2026-12-02T14:45:00.000000000,2026-12-02T14:56:00.000000000,10,BiGRU,co2,1876.0,2223.1487,-347.1487
2026-12-02T14:45:00.000000000,2026-12-02T14:56:00.000000000,10,BiGRU,voc,61.0,61.9278,-0.9278
2026-12-02T14:46:00.000000000,2026-12-02T14:57:00.000000000,10,BiGRU,pm1,22.0,20.9397,1.0603
2026-12-02T14:46:00.000000000,2026-12-02T14:57:00.000000000,10,BiGRU,pm2_5,35.0,33.7352,1.2648
2026-12-02T14:46:00.000000000,2026-12-02T14:57:00.000000000,10,BiGRU,pm10,43.0,41.9782,1.0218
2026-12-02T14:46:00.000000000,2026-12-02T14:57:00.000000000,10,BiGRU,co2,1905.0,2237.8193,-332.8193
2026-12-02T14:46:00.000000000,2026-12-02T14:57:00.000000000,10,BiGRU,voc,62.0,57.0947,4.9053
2026-12-02T14:48:00.000000000,2026-12-02T14:58:00.000000000,10,BiGRU,pm1,22.0,21.095,0.905
2026-12-02T14:48:00.000000000,2026-12-02T14:58:00.000000000,10,BiGRU,pm2_5,35.0,34.0049,0.9951
2026-12-02T14:48:00.000000000,2026-12-02T14:58:00.000000000,10,BiGRU,pm10,44.0,42.4211,1.5789
2026-12-02T14:48:00.000000000,2026-12-02T14:58:00.000000000,10,BiGRU,co2,1946.0,2241.1238,-295.1238
2026-12-02T14:48:00.000000000,2026-12-02T14:58:00.000000000,10,BiGRU,voc,61.0,52.888,8.112
2026-12-02T14:49:00.000000000,2026-12-02T14:59:00.000000000,10,BiGRU,pm1,22.0,21.3628,0.6372
2026-12-02T14:49:00.000000000,2026-12-02T14:59:00.000000000,10,BiGRU,pm2_5,35.0,34.4477,0.5523
2026-12-02T14:49:00.000000000,2026-12-02T14:59:00.000000000,10,BiGRU,pm10,44.0,43.2775,0.7225
2026-12-02T14:49:00.000000000,2026-12-02T14:59:00.000000000,10,BiGRU,co2,1840.0,2246.9102,-406.9102
2026-12-02T14:49:00.000000000,2026-12-02T14:59:00.000000000,10,BiGRU,voc,59.0,47.7496,11.2504
2026-12-02T14:50:00.000000000,2026-12-02T15:00:00.000000000,10,BiGRU,pm1,22.0,21.4288,0.5712
2026-12-02T14:50:00.000000000,2026-12-02T15:00:00.000000000,10,BiGRU,pm2_5,35.0,34.6141,0.3859
2026-12-02T14:50:00.000000000,2026-12-02T15:00:00.000000000,10,BiGRU,pm10,45.0,43.579,1.421
2026-12-02T14:50:00.000000000,2026-12-02T15:00:00.000000000,10,BiGRU,co2,1827.0,2217.925,-390.925
2026-12-02T14:50:00.000000000,2026-12-02T15:00:00.000000000,10,BiGRU,voc,60.0,44.7081,15.2919
2026-12-02T14:51:00.000000000,2026-12-02T15:01:00.000000000,10,BiGRU,pm1,21.0,21.5447,-0.5447
2026-12-02T14:51:00.000000000,2026-12-02T15:01:00.000000000,10,BiGRU,pm2_5,34.0,34.786,-0.786
2026-12-02T14:51:00.000000000,2026-12-02T15:01:00.000000000,10,BiGRU,pm10,43.0,43.9762,-0.9762
2026-12-02T14:51:00.000000000,2026-12-02T15:01:00.000000000,10,BiGRU,co2,1873.0,2189.1704,-316.1704
2026-12-02T14:51:00.000000000,2026-12-02T15:01:00.000000000,10,BiGRU,voc,60.0,47.9885,12.0115
2026-12-02T14:52:00.000000000,2026-12-02T15:02:00.000000000,10,BiGRU,pm1,21.0,21.6471,-0.6471
2026-12-02T14:52:00.000000000,2026-12-02T15:02:00.000000000,10,BiGRU,pm2_5,35.0,34.9828,0.0172
2026-12-02T14:52:00.000000000,2026-12-02T15:02:00.000000000,10,BiGRU,pm10,45.0,44.3423,0.6577
2026-12-02T14:52:00.000000000,2026-12-02T15:02:00.000000000,10,BiGRU,co2,1911.0,2156.4172,-245.4172
2026-12-02T14:52:00.000000000,2026-12-02T15:02:00.000000000,10,BiGRU,voc,60.0,48.7654,11.2346
2026-12-02T14:53:00.000000000,2026-12-02T15:03:00.000000000,10,BiGRU,pm1,22.0,21.6134,0.3866
2026-12-02T14:53:00.000000000,2026-12-02T15:03:00.000000000,10,BiGRU,pm2_5,35.0,34.9411,0.0589
2026-12-02T14:53:00.000000000,2026-12-02T15:03:00.000000000,10,BiGRU,pm10,46.0,44.2988,1.7012
2026-12-02T14:53:00.000000000,2026-12-02T15:03:00.000000000,10,BiGRU,co2,1839.0,2109.4961,-270.4961
2026-12-02T14:53:00.000000000,2026-12-02T15:03:00.000000000,10,BiGRU,voc,58.0,48.2285,9.7715
2026-12-02T14:54:00.000000000,2026-12-02T15:04:00.000000000,10,BiGRU,pm1,21.0,21.6646,-0.6646
2026-12-02T14:54:00.000000000,2026-12-02T15:04:00.000000000,10,BiGRU,pm2_5,34.0,35.0396,-1.0396
2026-12-02T14:54:00.000000000,2026-12-02T15:04:00.000000000,10,BiGRU,pm10,44.0,44.5226,-0.5226
2026-12-02T14:54:00.000000000,2026-12-02T15:04:00.000000000,10,BiGRU,co2,1928.0,2070.957,-142.957
2026-12-02T14:54:00.000000000,2026-12-02T15:04:00.000000000,10,BiGRU,voc,58.0,48.0635,9.9365
2026-12-02T14:55:00.000000000,2026-12-02T15:05:00.000000000,10,BiGRU,pm1,21.0,21.8725,-0.8725
2026-12-02T14:55:00.000000000,2026-12-02T15:05:00.000000000,10,BiGRU,pm2_5,34.0,35.366,-1.366
2026-12-02T14:55:00.000000000,2026-12-02T15:05:00.000000000,10,BiGRU,pm10,43.0,45.1583,-2.1583
2026-12-02T14:55:00.000000000,2026-12-02T15:05:00.000000000,10,BiGRU,co2,1950.0,2057.0461,-107.0461
2026-12-02T14:55:00.000000000,2026-12-02T15:05:00.000000000,10,BiGRU,voc,58.0,50.5704,7.4296
2026-12-02T14:56:00.000000000,2026-12-02T15:06:00.000000000,10,BiGRU,pm1,22.0,21.7927,0.2073
2026-12-02T14:56:00.000000000,2026-12-02T15:06:00.000000000,10,BiGRU,pm2_5,34.0,35.2652,-1.2652
2026-12-02T14:56:00.000000000,2026-12-02T15:06:00.000000000,10,BiGRU,pm10,42.0,44.8869,-2.8869
2026-12-02T14:56:00.000000000,2026-12-02T15:06:00.000000000,10,BiGRU,co2,1972.0,2013.8838,-41.8838
2026-12-02T14:56:00.000000000,2026-12-02T15:06:00.000000000,10,BiGRU,voc,61.0,47.862,13.138
2026-12-02T14:57:00.000000000,2026-12-02T15:07:00.000000000,10,BiGRU,pm1,21.0,21.918,-0.918
2026-12-02T14:57:00.000000000,2026-12-02T15:07:00.000000000,10,BiGRU,pm2_5,34.0,35.4629,-1.4629
2026-12-02T14:57:00.000000000,2026-12-02T15:07:00.000000000,10,BiGRU,pm10,44.0,45.234,-1.234
2026-12-02T14:57:00.000000000,2026-12-02T15:07:00.000000000,10,BiGRU,co2,2011.0001,1986.6718,24.3284
2026-12-02T14:57:00.000000000,2026-12-02T15:07:00.000000000,10,BiGRU,voc,61.0,48.8763,12.1237
2026-12-02T14:58:00.000000000,2026-12-02T15:08:00.000000000,10,BiGRU,pm1,21.0,21.9635,-0.9635
2026-12-02T14:58:00.000000000,2026-12-02T15:08:00.000000000,10,BiGRU,pm2_5,33.0,35.507,-2.507
2026-12-02T14:58:00.000000000,2026-12-02T15:08:00.000000000,10,BiGRU,pm10,43.0,45.3822,-2.3822
2026-12-02T14:58:00.000000000,2026-12-02T15:08:00.000000000,10,BiGRU,co2,2038.9999,1964.9438,74.056
2026-12-02T14:58:00.000000000,2026-12-02T15:08:00.000000000,10,BiGRU,voc,60.0,49.501,10.499
2026-12-02T14:59:00.000000000,2026-12-02T15:09:00.000000000,10,BiGRU,pm1,21.0,22.0148,-1.0148
2026-12-02T14:59:00.000000000,2026-12-02T15:09:00.000000000,10,BiGRU,pm2_5,34.0,35.5728,-1.5728
2026-12-02T14:59:00.000000000,2026-12-02T15:09:00.000000000,10,BiGRU,pm10,43.0,45.4411,-2.4411
2026-12-02T14:59:00.000000000,2026-12-02T15:09:00.000000000,10,BiGRU,co2,2004.0,1940.2733,63.7267
2026-12-02T14:59:00.000000000,2026-12-02T15:09:00.000000000,10,BiGRU,voc,59.0,50.7712,8.2288
2026-12-02T15:00:00.000000000,2026-12-02T15:10:00.000000000,10,BiGRU,pm1,22.0,22.0355,-0.0355
2026-12-02T15:00:00.000000000,2026-12-02T15:10:00.000000000,10,BiGRU,pm2_5,34.0,35.5633,-1.5633
2026-12-02T15:00:00.000000000,2026-12-02T15:10:00.000000000,10,BiGRU,pm10,44.0,45.4206,-1.4206
2026-12-02T15:00:00.000000000,2026-12-02T15:10:00.000000000,10,BiGRU,co2,2020.0,1917.8018,102.1982
2026-12-02T15:00:00.000000000,2026-12-02T15:10:00.000000000,10,BiGRU,voc,72.0,52.9541,19.0459
2026-12-02T15:01:00.000000000,2026-12-02T15:11:00.000000000,10,BiGRU,pm1,22.0,22.0479,-0.0479
2026-12-02T15:01:00.000000000,2026-12-02T15:11:00.000000000,10,BiGRU,pm2_5,35.0,35.5507,-0.5507
2026-12-02T15:01:00.000000000,2026-12-02T15:11:00.000000000,10,BiGRU,pm10,46.0,45.4092,0.5908
2026-12-02T15:01:00.000000000,2026-12-02T15:11:00.000000000,10,BiGRU,co2,1942.9999,1896.5435,46.4564
2026-12-02T15:01:00.000000000,2026-12-02T15:11:00.000000000,10,BiGRU,voc,78.0,55.3743,22.6257
2026-12-02T15:02:00.000000000,2026-12-02T15:12:00.000000000,10,BiGRU,pm1,21.0,21.8133,-0.8133
2026-12-02T15:02:00.000000000,2026-12-02T15:12:00.000000000,10,BiGRU,pm2_5,34.0,35.1567,-1.1567
2026-12-02T15:02:00.000000000,2026-12-02T15:12:00.000000000,10,BiGRU,pm10,44.0,44.711,-0.711
2026-12-02T15:02:00.000000000,2026-12-02T15:12:00.000000000,10,BiGRU,co2,1944.9999,1854.4941,90.5057
2026-12-02T15:02:00.000000000,2026-12-02T15:12:00.000000000,10,BiGRU,voc,70.0,56.3633,13.6367
2026-12-02T15:03:00.000000000,2026-12-02T15:13:00.000000000,10,BiGRU,pm1,22.0,21.9036,0.0964
2026-12-02T15:03:00.000000000,2026-12-02T15:13:00.000000000,10,BiGRU,pm2_5,34.0,35.2682,-1.2682
2026-12-02T15:03:00.000000000,2026-12-02T15:13:00.000000000,10,BiGRU,pm10,44.0,44.9061,-0.9061
2026-12-02T15:03:00.000000000,2026-12-02T15:13:00.000000000,10,BiGRU,co2,1974.0,1843.8903,130.1097
2026-12-02T15:03:00.000000000,2026-12-02T15:13:00.000000000,10,BiGRU,voc,67.0,59.5067,7.4933
2026-12-02T15:04:00.000000000,2026-12-02T15:14:00.000000000,10,BiGRU,pm1,21.0,21.954,-0.954
2026-12-02T15:04:00.000000000,2026-12-02T15:14:00.000000000,10,BiGRU,pm2_5,34.0,35.2908,-1.2908
2026-12-02T15:04:00.000000000,2026-12-02T15:14:00.000000000,10,BiGRU,pm10,44.0,44.9575,-0.9575
2026-12-02T15:04:00.000000000,2026-12-02T15:14:00.000000000,10,BiGRU,co2,1912.0,1830.967,81.033
2026-12-02T15:04:00.000000000,2026-12-02T15:14:00.000000000,10,BiGRU,voc,66.0,62.8674,3.1326
2026-12-02T15:05:00.000000000,2026-12-02T15:15:00.000000000,10,BiGRU,pm1,21.0,21.8099,-0.8099
2026-12-02T15:05:00.000000000,2026-12-02T15:15:00.000000000,10,BiGRU,pm2_5,35.0,35.0404,-0.0404
2026-12-02T15:05:00.000000000,2026-12-02T15:15:00.000000000,10,BiGRU,pm10,45.0,44.4901,0.5099
2026-12-02T15:05:00.000000000,2026-12-02T15:15:00.000000000,10,BiGRU,co2,1935.0,1812.3298,122.6702
2026-12-02T15:05:00.000000000,2026-12-02T15:15:00.000000000,10,BiGRU,voc,60.0,60.9534,-0.9534
2026-12-02T15:06:00.000000000,2026-12-02T15:16:00.000000000,10,BiGRU,pm1,21.0,21.7089,-0.7089
2026-12-02T15:06:00.000000000,2026-12-02T15:16:00.000000000,10,BiGRU,pm2_5,35.0,34.8729,0.1271
2026-12-02T15:06:00.000000000,2026-12-02T15:16:00.000000000,10,BiGRU,pm10,44.0,44.2023,-0.2023
2026-12-02T15:06:00.000000000,2026-12-02T15:16:00.000000000,10,BiGRU,co2,1939.0001,1803.5011,135.499
2026-12-02T15:06:00.000000000,2026-12-02T15:16:00.000000000,10,BiGRU,voc,57.0,57.421,-0.421
2026-12-02T15:07:00.000000000,2026-12-02T15:17:00.000000000,10,BiGRU,pm1,22.0,21.6786,0.3214
2026-12-02T15:07:00.000000000,2026-12-02T15:17:00.000000000,10,BiGRU,pm2_5,35.0,34.6802,0.3198
2026-12-02T15:07:00.000000000,2026-12-02T15:17:00.000000000,10,BiGRU,pm10,44.0,44.0576,-0.0576
2026-12-02T15:07:00.000000000,2026-12-02T15:17:00.000000000,10,BiGRU,co2,1924.0,1802.5157,121.4843
2026-12-02T15:07:00.000000000,2026-12-02T15:17:00.000000000,10,BiGRU,voc,55.0,58.9279,-3.9279
2026-12-02T15:08:00.000000000,2026-12-02T15:18:00.000000000,10,BiGRU,pm1,21.0,21.6794,-0.6794
2026-12-02T15:08:00.000000000,2026-12-02T15:18:00.000000000,10,BiGRU,pm2_5,34.0,34.6519,-0.6519
2026-12-02T15:08:00.000000000,2026-12-02T15:18:00.000000000,10,BiGRU,pm10,44.0,44.0108,-0.0108
2026-12-02T15:08:00.000000000,2026-12-02T15:18:00.000000000,10,BiGRU,co2,1809.0,1803.8464,5.1536
2026-12-02T15:08:00.000000000,2026-12-02T15:18:00.000000000,10,BiGRU,voc,53.0,58.3788,-5.3788
2026-12-02T15:09:00.000000000,2026-12-02T15:19:00.000000000,10,BiGRU,pm1,22.0,21.5269,0.4731
2026-12-02T15:09:00.000000000,2026-12-02T15:19:00.000000000,10,BiGRU,pm2_5,35.0,34.3587,0.6413
2026-12-02T15:09:00.000000000,2026-12-02T15:19:00.000000000,10,BiGRU,pm10,44.0,43.5369,0.4631
2026-12-02T15:09:00.000000000,2026-12-02T15:19:00.000000000,10,BiGRU,co2,1751.0,1790.6281,-39.6281
2026-12-02T15:09:00.000000000,2026-12-02T15:19:00.000000000,10,BiGRU,voc,54.0,58.2191,-4.2191
2026-12-02T15:10:00.000000000,2026-12-02T15:20:00.000000000,10,BiGRU,pm1,22.0,21.5082,0.4918
2026-12-02T15:10:00.000000000,2026-12-02T15:20:00.000000000,10,BiGRU,pm2_5,35.0,34.3498,0.6502
2026-12-02T15:10:00.000000000,2026-12-02T15:20:00.000000000,10,BiGRU,pm10,45.0,43.4992,1.5008
2026-12-02T15:10:00.000000000,2026-12-02T15:20:00.000000000,10,BiGRU,co2,1774.0,1788.1653,-14.1653
2026-12-02T15:10:00.000000000,2026-12-02T15:20:00.000000000,10,BiGRU,voc,49.0,58.4679,-9.4679
2026-12-02T15:11:00.000000000,2026-12-02T15:21:00.000000000,10,BiGRU,pm1,23.0,21.5965,1.4035
2026-12-02T15:11:00.000000000,2026-12-02T15:21:00.000000000,10,BiGRU,pm2_5,37.0,34.4198,2.5802
2026-12-02T15:11:00.000000000,2026-12-02T15:21:00.000000000,10,BiGRU,pm10,47.0,43.7025,3.2975
2026-12-02T15:11:00.000000000,2026-12-02T15:21:00.000000000,10,BiGRU,co2,1817.0,1806.7349,10.2651
2026-12-02T15:11:00.000000000,2026-12-02T15:21:00.000000000,10,BiGRU,voc,45.0,63.0717,-18.0717
2026-12-02T15:12:00.000000000,2026-12-02T15:22:00.000000000,10,BiGRU,pm1,22.0,21.7096,0.2904
2026-12-02T15:12:00.000000000,2026-12-02T15:22:00.000000000,10,BiGRU,pm2_5,36.0,34.6182,1.3818
2026-12-02T15:12:00.000000000,2026-12-02T15:22:00.000000000,10,BiGRU,pm10,46.0,44.0425,1.9575
2026-12-02T15:12:00.000000000,2026-12-02T15:22:00.000000000,10,BiGRU,co2,1779.0,1822.9708,-43.9708
2026-12-02T15:12:00.000000000,2026-12-02T15:22:00.000000000,10,BiGRU,voc,45.0,68.9269,-23.9269
2026-12-02T15:13:00.000000000,2026-12-02T15:23:00.000000000,10,BiGRU,pm1,22.0,21.5267,0.4733
2026-12-02T15:13:00.000000000,2026-12-02T15:23:00.000000000,10,BiGRU,pm2_5,36.0,34.3772,1.6228
2026-12-02T15:13:00.000000000,2026-12-02T15:23:00.000000000,10,BiGRU,pm10,47.0,43.5776,3.4224
2026-12-02T15:13:00.000000000,2026-12-02T15:23:00.000000000,10,BiGRU,co2,1691.0,1816.7155,-125.7155
2026-12-02T15:13:00.000000000,2026-12-02T15:23:00.000000000,10,BiGRU,voc,50.0,66.8929,-16.8929
2026-12-02T15:14:00.000000000,2026-12-02T15:24:00.000000000,10,BiGRU,pm1,23.0,21.5206,1.4794
2026-12-02T15:14:00.000000000,2026-12-02T15:24:00.000000000,10,BiGRU,pm2_5,37.0,34.3024,2.6976
2026-12-02T15:14:00.000000000,2026-12-02T15:24:00.000000000,10,BiGRU,pm10,48.0,43.5337,4.4663
2026-12-02T15:14:00.000000000,2026-12-02T15:24:00.000000000,10,BiGRU,co2,1687.0,1822.0895,-135.0895
2026-12-02T15:14:00.000000000,2026-12-02T15:24:00.000000000,10,BiGRU,voc,49.0,68.5813,-19.5813
2026-12-02T15:15:00.000000000,2026-12-02T15:25:00.000000000,10,BiGRU,pm1,23.0,21.4275,1.5725
2026-12-02T15:15:00.000000000,2026-12-02T15:25:00.000000000,10,BiGRU,pm2_5,36.0,34.1643,1.8357
2026-12-02T15:15:00.000000000,2026-12-02T15:25:00.000000000,10,BiGRU,pm10,47.0,43.255,3.745
2026-12-02T15:15:00.000000000,2026-12-02T15:25:00.000000000,10,BiGRU,co2,1665.0,1821.209,-156.209
2026-12-02T15:15:00.000000000,2026-12-02T15:25:00.000000000,10,BiGRU,voc,49.0,69.0366,-20.0366
2026-12-02T15:16:00.000000000,2026-12-02T15:26:00.000000000,10,BiGRU,pm1,22.0,21.5138,0.4862
2026-12-02T15:16:00.000000000,2026-12-02T15:26:00.000000000,10,BiGRU,pm2_5,35.0,34.3051,0.6949
2026-12-02T15:16:00.000000000,2026-12-02T15:26:00.000000000,10,BiGRU,pm10,45.0,43.5075,1.4925
2026-12-02T15:16:00.000000000,2026-12-02T15:26:00.000000000,10,BiGRU,co2,1625.0,1831.7122,-206.7122
2026-12-02T15:16:00.000000000,2026-12-02T15:26:00.000000000,10,BiGRU,voc,52.0,68.4509,-16.4509
2026-12-02T15:17:00.000000000,2026-12-02T15:27:00.000000000,10,BiGRU,pm1,21.0,21.5207,-0.5207
2026-12-02T15:17:00.000000000,2026-12-02T15:27:00.000000000,10,BiGRU,pm2_5,35.0,34.2849,0.7151
2026-12-02T15:17:00.000000000,2026-12-02T15:27:00.000000000,10,BiGRU,pm10,45.0,43.5014,1.4986
2026-12-02T15:17:00.000000000,2026-12-02T15:27:00.000000000,10,BiGRU,co2,1673.0,1843.0239,-170.0239
2026-12-02T15:17:00.000000000,2026-12-02T15:27:00.000000000,10,BiGRU,voc,50.0,66.1118,-16.1118
2026-12-02T15:18:00.000000000,2026-12-02T15:28:00.000000000,10,BiGRU,pm1,22.0,21.5527,0.4473
2026-12-02T15:18:00.000000000,2026-12-02T15:28:00.000000000,10,BiGRU,pm2_5,35.0,34.2825,0.7175
2026-12-02T15:18:00.000000000,2026-12-02T15:28:00.000000000,10,BiGRU,pm10,46.0,43.5588,2.4412
2026-12-02T15:18:00.000000000,2026-12-02T15:28:00.000000000,10,BiGRU,co2,1746.0,1843.0804,-97.0804
2026-12-02T15:18:00.000000000,2026-12-02T15:28:00.000000000,10,BiGRU,voc,48.0,66.7721,-18.7721
2026-12-02T15:19:00.000000000,2026-12-02T15:29:00.000000000,10,BiGRU,pm1,23.0,21.4279,1.5721
2026-12-02T15:19:00.000000000,2026-12-02T15:29:00.000000000,10,BiGRU,pm2_5,36.0,34.1247,1.8753
2026-12-02T15:19:00.000000000,2026-12-02T15:29:00.000000000,10,BiGRU,pm10,47.0,43.1987,3.8013
2026-12-02T15:19:00.000000000,2026-12-02T15:29:00.000000000,10,BiGRU,co2,1796.0,1830.6802,-34.6802
2026-12-02T15:19:00.000000000,2026-12-02T15:29:00.000000000,10,BiGRU,voc,47.0,64.4577,-17.4577
2026-12-02T15:20:00.000000000,2026-12-02T15:30:00.000000000,10,BiGRU,pm1,23.0,21.5978,1.4022
2026-12-02T15:20:00.000000000,2026-12-02T15:30:00.000000000,10,BiGRU,pm2_5,37.0,34.3184,2.6816
2026-12-02T15:20:00.000000000,2026-12-02T15:30:00.000000000,10,BiGRU,pm10,47.0,43.703,3.297
2026-12-02T15:20:00.000000000,2026-12-02T15:30:00.000000000,10,BiGRU,co2,1740.0,1849.8184,-109.8184
2026-12-02T15:20:00.000000000,2026-12-02T15:30:00.000000000,10,BiGRU,voc,47.0,65.6015,-18.6015
2026-12-02T15:21:00.000000000,2026-12-02T15:31:00.000000000,10,BiGRU,pm1,23.0,21.6174,1.3826
2026-12-02T15:21:00.000000000,2026-12-02T15:31:00.000000000,10,BiGRU,pm2_5,37.0,34.3569,2.6431
2026-12-02T15:21:00.000000000,2026-12-02T15:31:00.000000000,10,BiGRU,pm10,47.0,43.7893,3.2107
2026-12-02T15:21:00.000000000,2026-12-02T15:31:00.000000000,10,BiGRU,co2,1790.0,1842.4788,-52.4788
2026-12-02T15:21:00.000000000,2026-12-02T15:31:00.000000000,10,BiGRU,voc,49.0,64.3614,-15.3614
2026-12-02T15:22:00.000000000,2026-12-02T15:32:00.000000000,10,BiGRU,pm1,23.0,21.9196,1.0804
2026-12-02T15:22:00.000000000,2026-12-02T15:32:00.000000000,10,BiGRU,pm2_5,37.0,34.8906,2.1094
2026-12-02T15:22:00.000000000,2026-12-02T15:32:00.000000000,10,BiGRU,pm10,47.0,44.7742,2.2258
2026-12-02T15:22:00.000000000,2026-12-02T15:32:00.000000000,10,BiGRU,co2,1744.0,1856.5867,-112.5867
2026-12-02T15:22:00.000000000,2026-12-02T15:32:00.000000000,10,BiGRU,voc,47.0,63.9116,-16.9116
2026-12-02T15:23:00.000000000,2026-12-02T15:33:00.000000000,10,BiGRU,pm1,23.0,21.911,1.089
2026-12-02T15:23:00.000000000,2026-12-02T15:33:00.000000000,10,BiGRU,pm2_5,37.0,34.8895,2.1105
2026-12-02T15:23:00.000000000,2026-12-02T15:33:00.000000000,10,BiGRU,pm10,48.0,44.7231,3.2769
2026-12-02T15:23:00.000000000,2026-12-02T15:33:00.000000000,10,BiGRU,co2,1702.0,1842.6986,-140.6986
2026-12-02T15:23:00.000000000,2026-12-02T15:33:00.000000000,10,BiGRU,voc,46.0,62.4808,-16.4808
2026-12-02T15:24:00.000000000,2026-12-02T15:34:00.000000000,10,BiGRU,pm1,23.0,22.0351,0.9649
2026-12-02T15:24:00.000000000,2026-12-02T15:34:00.000000000,10,BiGRU,pm2_5,37.0,35.1842,1.8158
2026-12-02T15:24:00.000000000,2026-12-02T15:34:00.000000000,10,BiGRU,pm10,48.0,45.1096,2.8904
2026-12-02T15:24:00.000000000,2026-12-02T15:34:00.000000000,10,BiGRU,co2,1697.0,1837.9116,-140.9116
2026-12-02T15:24:00.000000000,2026-12-02T15:34:00.000000000,10,BiGRU,voc,45.0,64.0721,-19.0721
2026-12-02T15:25:00.000000000,2026-12-02T15:35:00.000000000,10,BiGRU,pm1,23.0,22.2667,0.7333
2026-12-02T15:25:00.000000000,2026-12-02T15:35:00.000000000,10,BiGRU,pm2_5,37.0,35.606,1.394
2026-12-02T15:25:00.000000000,2026-12-02T15:35:00.000000000,10,BiGRU,pm10,47.0,45.8703,1.1297
2026-12-02T15:25:00.000000000,2026-12-02T15:35:00.000000000,10,BiGRU,co2,1652.0,1838.1713,-186.1713
2026-12-02T15:25:00.000000000,2026-12-02T15:35:00.000000000,10,BiGRU,voc,44.0,68.3971,-24.3971
2026-12-02T15:26:00.000000000,2026-12-02T15:36:00.000000000,10,BiGRU,pm1,23.0,22.2219,0.7781
2026-12-02T15:26:00.000000000,2026-12-02T15:36:00.000000000,10,BiGRU,pm2_5,37.0,35.5989,1.4011
2026-12-02T15:26:00.000000000,2026-12-02T15:36:00.000000000,10,BiGRU,pm10,47.0,45.762,1.238
2026-12-02T15:26:00.000000000,2026-12-02T15:36:00.000000000,10,BiGRU,co2,1680.0,1808.2338,-128.2338
2026-12-02T15:26:00.000000000,2026-12-02T15:36:00.000000000,10,BiGRU,voc,44.0,66.3561,-22.3561
2026-12-02T15:27:00.000000000,2026-12-02T15:37:00.000000000,10,BiGRU,pm1,23.0,22.096,0.904
2026-12-02T15:27:00.000000000,2026-12-02T15:37:00.000000000,10,BiGRU,pm2_5,37.0,35.3579,1.6421
2026-12-02T15:27:00.000000000,2026-12-02T15:37:00.000000000,10,BiGRU,pm10,48.0,45.34,2.66
2026-12-02T15:27:00.000000000,2026-12-02T15:37:00.000000000,10,BiGRU,co2,1654.0,1770.1315,-116.1315
2026-12-02T15:27:00.000000000,2026-12-02T15:37:00.000000000,10,BiGRU,voc,44.0,66.4721,-22.4721
2026-12-02T15:28:00.000000000,2026-12-02T15:38:00.000000000,10,BiGRU,pm1,23.0,22.1014,0.8986
2026-12-02T15:28:00.000000000,2026-12-02T15:38:00.000000000,10,BiGRU,pm2_5,38.0,35.3784,2.6216
2026-12-02T15:28:00.000000000,2026-12-02T15:38:00.000000000,10,BiGRU,pm10,48.0,45.318,2.682
2026-12-02T15:28:00.000000000,2026-12-02T15:38:00.000000000,10,BiGRU,co2,1590.0,1752.8596,-162.8596
2026-12-02T15:28:00.000000000,2026-12-02T15:38:00.000000000,10,BiGRU,voc,65.0,69.0811,-4.0811
2026-12-02T15:29:00.000000000,2026-12-02T15:39:00.000000000,10,BiGRU,pm1,23.0,22.1648,0.8352
2026-12-02T15:29:00.000000000,2026-12-02T15:39:00.000000000,10,BiGRU,pm2_5,37.0,35.5099,1.4901
2026-12-02T15:29:00.000000000,2026-12-02T15:39:00.000000000,10,BiGRU,pm10,46.0,45.5038,0.4962
2026-12-02T15:29:00.000000000,2026-12-02T15:39:00.000000000,10,BiGRU,co2,1532.0,1735.2476,-203.2476
2026-12-02T15:29:00.000000000,2026-12-02T15:39:00.000000000,10,BiGRU,voc,117.0,71.9388,45.0612
2026-12-02T15:30:00.000000000,2026-12-02T15:40:00.000000000,10,BiGRU,pm1,23.0,22.4026,0.5974
2026-12-02T15:30:00.000000000,2026-12-02T15:40:00.000000000,10,BiGRU,pm2_5,37.0,35.8739,1.1261
2026-12-02T15:30:00.000000000,2026-12-02T15:40:00.000000000,10,BiGRU,pm10,48.0,46.2043,1.7957
2026-12-02T15:30:00.000000000,2026-12-02T15:40:00.000000000,10,BiGRU,co2,1530.0,1742.9193,-212.9193
2026-12-02T15:30:00.000000000,2026-12-02T15:40:00.000000000,10,BiGRU,voc,99.0,75.1502,23.8498
2026-12-02T15:31:00.000000000,2026-12-02T15:41:00.000000000,10,BiGRU,pm1,23.0,22.5267,0.4733
2026-12-02T15:31:00.000000000,2026-12-02T15:41:00.000000000,10,BiGRU,pm2_5,37.0,36.0812,0.9188
2026-12-02T15:31:00.000000000,2026-12-02T15:41:00.000000000,10,BiGRU,pm10,47.0,46.5635,0.4365
2026-12-02T15:31:00.000000000,2026-12-02T15:41:00.000000000,10,BiGRU,co2,1601.0,1741.8341,-140.8341
2026-12-02T15:31:00.000000000,2026-12-02T15:41:00.000000000,10,BiGRU,voc,74.0,78.6839,-4.6839
2026-12-02T15:32:00.000000000,2026-12-02T15:42:00.000000000,10,BiGRU,pm1,23.0,22.5978,0.4022
2026-12-02T15:32:00.000000000,2026-12-02T15:42:00.000000000,10,BiGRU,pm2_5,37.0,36.215,0.785
2026-12-02T15:32:00.000000000,2026-12-02T15:42:00.000000000,10,BiGRU,pm10,47.0,46.7741,0.2259
2026-12-02T15:32:00.000000000,2026-12-02T15:42:00.000000000,10,BiGRU,co2,1670.0,1741.3975,-71.3975
2026-12-02T15:32:00.000000000,2026-12-02T15:42:00.000000000,10,BiGRU,voc,61.0,82.0806,-21.0806
2026-12-02T15:33:00.000000000,2026-12-02T15:43:00.000000000,10,BiGRU,pm1,23.0,22.6181,0.3819
2026-12-02T15:33:00.000000000,2026-12-02T15:43:00.000000000,10,BiGRU,pm2_5,37.0,36.2927,0.7073
2026-12-02T15:33:00.000000000,2026-12-02T15:43:00.000000000,10,BiGRU,pm10,48.0,46.8469,1.1531
2026-12-02T15:33:00.000000000,2026-12-02T15:43:00.000000000,10,BiGRU,co2,1684.0,1735.0132,-51.0132
2026-12-02T15:33:00.000000000,2026-12-02T15:43:00.000000000,10,BiGRU,voc,71.0,84.7288,-13.7288
2026-12-02T15:34:00.000000000,2026-12-02T15:44:00.000000000,10,BiGRU,pm1,23.0,22.7336,0.2664
2026-12-02T15:34:00.000000000,2026-12-02T15:44:00.000000000,10,BiGRU,pm2_5,37.0,36.4821,0.5179
2026-12-02T15:34:00.000000000,2026-12-02T15:44:00.000000000,10,BiGRU,pm10,49.0,47.1455,1.8545
2026-12-02T15:34:00.000000000,2026-12-02T15:44:00.000000000,10,BiGRU,co2,1652.0,1737.3955,-85.3955
2026-12-02T15:34:00.000000000,2026-12-02T15:44:00.000000000,10,BiGRU,voc,72.0,87.5146,-15.5146
2026-12-02T15:35:00.000000000,2026-12-02T15:45:00.000000000,10,BiGRU,pm1,23.0,22.7454,0.2546
2026-12-02T15:35:00.000000000,2026-12-02T15:45:00.000000000,10,BiGRU,pm2_5,37.0,36.5738,0.4262
2026-12-02T15:35:00.000000000,2026-12-02T15:45:00.000000000,10,BiGRU,pm10,48.0,47.2317,0.7683
2026-12-02T15:35:00.000000000,2026-12-02T15:45:00.000000000,10,BiGRU,co2,1647.0,1724.3718,-77.3718
2026-12-02T15:35:00.000000000,2026-12-02T15:45:00.000000000,10,BiGRU,voc,64.0,89.6073,-25.6073
2026-12-02T15:36:00.000000000,2026-12-02T15:46:00.000000000,10,BiGRU,pm1,23.0,22.7929,0.2071
2026-12-02T15:36:00.000000000,2026-12-02T15:46:00.000000000,10,BiGRU,pm2_5,38.0,36.6696,1.3304
2026-12-02T15:36:00.000000000,2026-12-02T15:46:00.000000000,10,BiGRU,pm10,48.0,47.3592,0.6408
2026-12-02T15:36:00.000000000,2026-12-02T15:46:00.000000000,10,BiGRU,co2,1655.0,1719.4365,-64.4365
2026-12-02T15:36:00.000000000,2026-12-02T15:46:00.000000000,10,BiGRU,voc,57.0,92.2167,-35.2167
2026-12-02T15:37:00.000000000,2026-12-02T15:47:00.000000000,10,BiGRU,pm1,24.0,22.7912,1.2088
2026-12-02T15:37:00.000000000,2026-12-02T15:47:00.000000000,10,BiGRU,pm2_5,37.0,36.7038,0.2962
2026-12-02T15:37:00.000000000,2026-12-02T15:47:00.000000000,10,BiGRU,pm10,48.0,47.3335,0.6665
2026-12-02T15:37:00.000000000,2026-12-02T15:47:00.000000000,10,BiGRU,co2,1727.0,1701.15,25.85
2026-12-02T15:37:00.000000000,2026-12-02T15:47:00.000000000,10,BiGRU,voc,52.0,95.5809,-43.5809
2026-12-02T15:38:00.000000000,2026-12-02T15:48:00.000000000,10,BiGRU,pm1,23.0,22.9305,0.0695
2026-12-02T15:38:00.000000000,2026-12-02T15:48:00.000000000,10,BiGRU,pm2_5,37.0,36.9444,0.0556
2026-12-02T15:38:00.000000000,2026-12-02T15:48:00.000000000,10,BiGRU,pm10,47.0,47.7059,-0.7059
2026-12-02T15:38:00.000000000,2026-12-02T15:48:00.000000000,10,BiGRU,co2,1636.0,1708.1976,-72.1976
2026-12-02T15:38:00.000000000,2026-12-02T15:48:00.000000000,10,BiGRU,voc,51.0,96.2793,-45.2793
2026-12-02T15:39:00.000000000,2026-12-02T15:49:00.000000000,10,BiGRU,pm1,23.0,22.9911,0.0089
2026-12-02T15:39:00.000000000,2026-12-02T15:49:00.000000000,10,BiGRU,pm2_5,37.0,37.0512,-0.0512
2026-12-02T15:39:00.000000000,2026-12-02T15:49:00.000000000,10,BiGRU,pm10,49.0,47.9199,1.0801
2026-12-02T15:39:00.000000000,2026-12-02T15:49:00.000000000,10,BiGRU,co2,1636.0,1709.4806,-73.4806
2026-12-02T15:39:00.000000000,2026-12-02T15:49:00.000000000,10,BiGRU,voc,54.0,104.2904,-50.2904
2026-12-02T15:40:00.000000000,2026-12-02T15:50:00.000000000,10,BiGRU,pm1,23.0,22.8053,0.1947
2026-12-02T15:40:00.000000000,2026-12-02T15:50:00.000000000,10,BiGRU,pm2_5,38.0,36.7063,1.2937
2026-12-02T15:40:00.000000000,2026-12-02T15:50:00.000000000,10,BiGRU,pm10,48.0,47.3229,0.6771
2026-12-02T15:40:00.000000000,2026-12-02T15:50:00.000000000,10,BiGRU,co2,1619.0,1690.4213,-71.4213
2026-12-02T15:40:00.000000000,2026-12-02T15:50:00.000000000,10,BiGRU,voc,68.0,128.7761,-60.7761
2026-12-02T15:41:00.000000000,2026-12-02T15:51:00.000000000,10,BiGRU,pm1,23.0,22.9589,0.0411
2026-12-02T15:41:00.000000000,2026-12-02T15:51:00.000000000,10,BiGRU,pm2_5,37.0,36.9768,0.0232
2026-12-02T15:41:00.000000000,2026-12-02T15:51:00.000000000,10,BiGRU,pm10,49.0,47.7447,1.2553
2026-12-02T15:41:00.000000000,2026-12-02T15:51:00.000000000,10,BiGRU,co2,1651.0,1695.9973,-44.9973
2026-12-02T15:41:00.000000000,2026-12-02T15:51:00.000000000,10,BiGRU,voc,73.0,136.9533,-63.9533
2026-12-02T15:42:00.000000000,2026-12-02T15:52:00.000000000,10,BiGRU,pm1,23.0,23.0401,-0.0401
2026-12-02T15:42:00.000000000,2026-12-02T15:52:00.000000000,10,BiGRU,pm2_5,37.0,37.0952,-0.0952
2026-12-02T15:42:00.000000000,2026-12-02T15:52:00.000000000,10,BiGRU,pm10,48.0,47.9433,0.0567
2026-12-02T15:42:00.000000000,2026-12-02T15:52:00.000000000,10,BiGRU,co2,1688.0,1692.2886,-4.2886
2026-12-02T15:42:00.000000000,2026-12-02T15:52:00.000000000,10,BiGRU,voc,68.0,131.9751,-63.9751
2026-12-02T15:43:00.000000000,2026-12-02T15:53:00.000000000,10,BiGRU,pm1,23.0,23.1302,-0.1302
2026-12-02T15:43:00.000000000,2026-12-02T15:53:00.000000000,10,BiGRU,pm2_5,37.0,37.2243,-0.2243
2026-12-02T15:43:00.000000000,2026-12-02T15:53:00.000000000,10,BiGRU,pm10,48.0,48.1468,-0.1468
2026-12-02T15:43:00.000000000,2026-12-02T15:53:00.000000000,10,BiGRU,co2,1727.0,1685.4341,41.5659
2026-12-02T15:43:00.000000000,2026-12-02T15:53:00.000000000,10,BiGRU,voc,61.0,127.3693,-66.3693
2026-12-02T15:44:00.000000000,2026-12-02T15:54:00.000000000,10,BiGRU,pm1,23.0,23.1581,-0.1581
2026-12-02T15:44:00.000000000,2026-12-02T15:54:00.000000000,10,BiGRU,pm2_5,37.0,37.3075,-0.3075
2026-12-02T15:44:00.000000000,2026-12-02T15:54:00.000000000,10,BiGRU,pm10,48.0,48.2088,-0.2088
2026-12-02T15:44:00.000000000,2026-12-02T15:54:00.000000000,10,BiGRU,co2,1700.0,1674.6366,25.3634
2026-12-02T15:44:00.000000000,2026-12-02T15:54:00.000000000,10,BiGRU,voc,57.0,128.6227,-71.6227
2026-12-02T15:45:00.000000000,2026-12-02T15:55:00.000000000,10,BiGRU,pm1,23.0,23.1639,-0.1639
2026-12-02T15:45:00.000000000,2026-12-02T15:55:00.000000000,10,BiGRU,pm2_5,37.0,37.3413,-0.3413
2026-12-02T15:45:00.000000000,2026-12-02T15:55:00.000000000,10,BiGRU,pm10,48.0,48.2203,-0.2203
2026-12-02T15:45:00.000000000,2026-12-02T15:55:00.000000000,10,BiGRU,co2,1728.0,1660.8419,67.1581
2026-12-02T15:45:00.000000000,2026-12-02T15:55:00.000000000,10,BiGRU,voc,55.0,131.7005,-76.7005
2026-12-02T15:46:00.000000000,2026-12-02T15:56:00.000000000,10,BiGRU,pm1,23.0,23.1357,-0.1357
2026-12-02T15:46:00.000000000,2026-12-02T15:56:00.000000000,10,BiGRU,pm2_5,37.0,37.2754,-0.2754
2026-12-02T15:46:00.000000000,2026-12-02T15:56:00.000000000,10,BiGRU,pm10,47.0,48.1311,-1.1311
2026-12-02T15:46:00.000000000,2026-12-02T15:56:00.000000000,10,BiGRU,co2,1694.0,1649.3323,44.6677
2026-12-02T15:46:00.000000000,2026-12-02T15:56:00.000000000,10,BiGRU,voc,53.0,132.2337,-79.2337
2026-12-02T15:47:00.000000000,2026-12-02T15:57:00.000000000,10,BiGRU,pm1,23.0,23.186,-0.186
2026-12-02T15:47:00.000000000,2026-12-02T15:57:00.000000000,10,BiGRU,pm2_5,37.0,37.3538,-0.3538
2026-12-02T15:47:00.000000000,2026-12-02T15:57:00.000000000,10,BiGRU,pm10,48.0,48.2948,-0.2948
2026-12-02T15:47:00.000000000,2026-12-02T15:57:00.000000000,10,BiGRU,co2,1667.0,1648.016,18.984
2026-12-02T15:47:00.000000000,2026-12-02T15:57:00.000000000,10,BiGRU,voc,54.0,131.1087,-77.1087
2026-12-02T15:48:00.000000000,2026-12-02T15:58:00.000000000,10,BiGRU,pm1,23.0,23.1921,-0.1921
2026-12-02T15:48:00.000000000,2026-12-02T15:58:00.000000000,10,BiGRU,pm2_5,37.0,37.3223,-0.3223
2026-12-02T15:48:00.000000000,2026-12-02T15:58:00.000000000,10,BiGRU,pm10,48.0,48.2514,-0.2514
2026-12-02T15:48:00.000000000,2026-12-02T15:58:00.000000000,10,BiGRU,co2,1702.0,1640.2946,61.7054
2026-12-02T15:48:00.000000000,2026-12-02T15:58:00.000000000,10,BiGRU,voc,55.0,130.27,-75.27
2026-12-02T15:49:00.000000000,2026-12-02T15:59:00.000000000,10,BiGRU,pm1,23.0,23.1758,-0.1758
2026-12-02T15:49:00.000000000,2026-12-02T15:59:00.000000000,10,BiGRU,pm2_5,36.0,37.3077,-1.3077
2026-12-02T15:49:00.000000000,2026-12-02T15:59:00.000000000,10,BiGRU,pm10,48.0,48.173,-0.173
2026-12-02T15:49:00.000000000,2026-12-02T15:59:00.000000000,10,BiGRU,co2,1668.0,1635.9332,32.0668
2026-12-02T15:49:00.000000000,2026-12-02T15:59:00.000000000,10,BiGRU,voc,59.0,128.5392,-69.5392
2026-12-02T15:50:00.000000000,2026-12-02T16:00:00.000000000,10,BiGRU,pm1,23.0,23.2668,-0.2668
2026-12-02T15:50:00.000000000,2026-12-02T16:00:00.000000000,10,BiGRU,pm2_5,37.0,37.4943,-0.4943
2026-12-02T15:50:00.000000000,2026-12-02T16:00:00.000000000,10,BiGRU,pm10,48.0,48.4318,-0.4318
2026-12-02T15:50:00.000000000,2026-12-02T16:00:00.000000000,10,BiGRU,co2,1673.0,1638.6187,34.3813
2026-12-02T15:50:00.000000000,2026-12-02T16:00:00.000000000,10,BiGRU,voc,62.0,127.9649,-65.9649
2026-12-02T15:51:00.000000000,2026-12-02T16:01:00.000000000,10,BiGRU,pm1,23.0,23.273,-0.273
2026-12-02T15:51:00.000000000,2026-12-02T16:01:00.000000000,10,BiGRU,pm2_5,37.0,37.5279,-0.5279
2026-12-02T15:51:00.000000000,2026-12-02T16:01:00.000000000,10,BiGRU,pm10,47.0,48.5153,-1.5153
2026-12-02T15:51:00.000000000,2026-12-02T16:01:00.000000000,10,BiGRU,co2,1726.0,1647.9509,78.0491
2026-12-02T15:51:00.000000000,2026-12-02T16:01:00.000000000,10,BiGRU,voc,63.0,132.585,-69.585
2026-12-02T15:52:00.000000000,2026-12-02T16:02:00.000000000,10,BiGRU,pm1,23.0,23.223,-0.223
2026-12-02T15:52:00.000000000,2026-12-02T16:02:00.000000000,10,BiGRU,pm2_5,37.0,37.4259,-0.4259
2026-12-02T15:52:00.000000000,2026-12-02T16:02:00.000000000,10,BiGRU,pm10,48.0,48.3267,-0.3267
2026-12-02T15:52:00.000000000,2026-12-02T16:02:00.000000000,10,BiGRU,co2,1704.0,1641.6934,62.3066
2026-12-02T15:52:00.000000000,2026-12-02T16:02:00.000000000,10,BiGRU,voc,64.0,135.2408,-71.2408
2026-12-02T15:53:00.000000000,2026-12-02T16:03:00.000000000,10,BiGRU,pm1,23.0,23.1743,-0.1743
2026-12-02T15:53:00.000000000,2026-12-02T16:03:00.000000000,10,BiGRU,pm2_5,37.0,37.306,-0.306
2026-12-02T15:53:00.000000000,2026-12-02T16:03:00.000000000,10,BiGRU,pm10,47.0,48.1655,-1.1655
2026-12-02T15:53:00.000000000,2026-12-02T16:03:00.000000000,10,BiGRU,co2,1644.0,1636.24,7.76
2026-12-02T15:53:00.000000000,2026-12-02T16:03:00.000000000,10,BiGRU,voc,72.0,134.7862,-62.7862
2026-12-02T15:54:00.000000000,2026-12-02T16:04:00.000000000,10,BiGRU,pm1,23.0,23.2049,-0.2049
2026-12-02T15:54:00.000000000,2026-12-02T16:04:00.000000000,10,BiGRU,pm2_5,37.0,37.3855,-0.3855
2026-12-02T15:54:00.000000000,2026-12-02T16:04:00.000000000,10,BiGRU,pm10,48.0,48.2644,-0.2644
2026-12-02T15:54:00.000000000,2026-12-02T16:04:00.000000000,10,BiGRU,co2,1609.0,1627.4489,-18.4489
2026-12-02T15:54:00.000000000,2026-12-02T16:04:00.000000000,10,BiGRU,voc,82.0,124.8855,-42.8855
2026-12-02T15:55:00.000000000,2026-12-02T16:05:00.000000000,10,BiGRU,pm1,23.0,23.2872,-0.2872
2026-12-02T15:55:00.000000000,2026-12-02T16:05:00.000000000,10,BiGRU,pm2_5,37.0,37.6311,-0.6311
2026-12-02T15:55:00.000000000,2026-12-02T16:05:00.000000000,10,BiGRU,pm10,48.0,48.5645,-0.5645
2026-12-02T15:55:00.000000000,2026-12-02T16:05:00.000000000,10,BiGRU,co2,1610.0,1627.2871,-17.2871
2026-12-02T15:55:00.000000000,2026-12-02T16:05:00.000000000,10,BiGRU,voc,87.0,105.5211,-18.5211
2026-12-02T15:56:00.000000000,2026-12-02T16:06:00.000000000,10,BiGRU,pm1,23.0,23.3073,-0.3073
2026-12-02T15:56:00.000000000,2026-12-02T16:06:00.000000000,10,BiGRU,pm2_5,38.0,37.661,0.339
2026-12-02T15:56:00.000000000,2026-12-02T16:06:00.000000000,10,BiGRU,pm10,49.0,48.6129,0.3871
2026-12-02T15:56:00.000000000,2026-12-02T16:06:00.000000000,10,BiGRU,co2,1668.0,1631.0089,36.9911
2026-12-02T15:56:00.000000000,2026-12-02T16:06:00.000000000,10,BiGRU,voc,95.0,104.5609,-9.5609
2026-12-02T15:57:00.000000000,2026-12-02T16:07:00.000000000,10,BiGRU,pm1,24.0,23.2959,0.7041
2026-12-02T15:57:00.000000000,2026-12-02T16:07:00.000000000,10,BiGRU,pm2_5,38.0,37.6428,0.3572
2026-12-02T15:57:00.000000000,2026-12-02T16:07:00.000000000,10,BiGRU,pm10,50.0,48.5939,1.4061
2026-12-02T15:57:00.000000000,2026-12-02T16:07:00.000000000,10,BiGRU,co2,1592.0,1643.863,-51.863
2026-12-02T15:57:00.000000000,2026-12-02T16:07:00.000000000,10,BiGRU,voc,152.0,110.8596,41.1404
2026-12-02T15:58:00.000000000,2026-12-02T16:08:00.000000000,10,BiGRU,pm1,23.0,23.3161,-0.3161
2026-12-02T15:58:00.000000000,2026-12-02T16:08:00.000000000,10,BiGRU,pm2_5,38.0,37.6762,0.3238
2026-12-02T15:58:00.000000000,2026-12-02T16:08:00.000000000,10,BiGRU,pm10,49.0,48.655,0.345
2026-12-02T15:58:00.000000000,2026-12-02T16:08:00.000000000,10,BiGRU,co2,1626.0,1651.8682,-25.8682
2026-12-02T15:58:00.000000000,2026-12-02T16:08:00.000000000,10,BiGRU,voc,151.0,115.524,35.476
2026-12-02T15:59:00.000000000,2026-12-02T16:09:00.000000000,10,BiGRU,pm1,23.0,23.3111,-0.3111
2026-12-02T15:59:00.000000000,2026-12-02T16:09:00.000000000,10,BiGRU,pm2_5,37.0,37.6665,-0.6665
2026-12-02T15:59:00.000000000,2026-12-02T16:09:00.000000000,10,BiGRU,pm10,48.0,48.6462,-0.6462
2026-12-02T15:59:00.000000000,2026-12-02T16:09:00.000000000,10,BiGRU,co2,1653.0,1650.2921,2.7079
2026-12-02T15:59:00.000000000,2026-12-02T16:09:00.000000000,10,BiGRU,voc,115.0,114.6543,0.3457
2026-12-02T16:00:00.000000000,2026-12-02T16:10:00.000000000,10,BiGRU,pm1,23.0,23.2486,-0.2486
2026-12-02T16:00:00.000000000,2026-12-02T16:10:00.000000000,10,BiGRU,pm2_5,37.0,37.5413,-0.5413
2026-12-02T16:00:00.000000000,2026-12-02T16:10:00.000000000,10,BiGRU,pm10,48.0,48.4223,-0.4223
2026-12-02T16:00:00.000000000,2026-12-02T16:10:00.000000000,10,BiGRU,co2,1627.0,1640.8313,-13.8313
2026-12-02T16:00:00.000000000,2026-12-02T16:10:00.000000000,10,BiGRU,voc,109.0,114.5084,-5.5084
2026-12-02T16:01:00.000000000,2026-12-02T16:11:00.000000000,10,BiGRU,pm1,23.0,23.3363,-0.3363
2026-12-02T16:01:00.000000000,2026-12-02T16:11:00.000000000,10,BiGRU,pm2_5,36.0,37.7316,-1.7316
2026-12-02T16:01:00.000000000,2026-12-02T16:11:00.000000000,10,BiGRU,pm10,47.0,48.733,-1.733
2026-12-02T16:01:00.000000000,2026-12-02T16:11:00.000000000,10,BiGRU,co2,1654.0,1652.5935,1.4065
2026-12-02T16:01:00.000000000,2026-12-02T16:11:00.000000000,10,BiGRU,voc,118.0,118.9384,-0.9384
2026-12-02T16:02:00.000000000,2026-12-02T16:12:00.000000000,10,BiGRU,pm1,23.0,23.3278,-0.3278
2026-12-02T16:02:00.000000000,2026-12-02T16:12:00.000000000,10,BiGRU,pm2_5,37.0,37.7208,-0.7208
2026-12-02T16:02:00.000000000,2026-12-02T16:12:00.000000000,10,BiGRU,pm10,48.0,48.7031,-0.7031
2026-12-02T16:02:00.000000000,2026-12-02T16:12:00.000000000,10,BiGRU,co2,1632.0,1651.9125,-19.9125
2026-12-02T16:02:00.000000000,2026-12-02T16:12:00.000000000,10,BiGRU,voc,239.0,122.362,116.6381
2026-12-02T16:03:00.000000000,2026-12-02T16:13:00.000000000,10,BiGRU,pm1,23.0,23.3572,-0.3572
2026-12-02T16:03:00.000000000,2026-12-02T16:13:00.000000000,10,BiGRU,pm2_5,37.0,37.8275,-0.8275
2026-12-02T16:03:00.000000000,2026-12-02T16:13:00.000000000,10,BiGRU,pm10,47.0,48.7937,-1.7937
2026-12-02T16:03:00.000000000,2026-12-02T16:13:00.000000000,10,BiGRU,co2,1608.0,1657.5466,-49.5466
2026-12-02T16:03:00.000000000,2026-12-02T16:13:00.000000000,10,BiGRU,voc,200.0,123.1327,76.8673
2026-12-02T16:04:00.000000000,2026-12-02T16:14:00.000000000,10,BiGRU,pm1,23.0,23.3305,-0.3305
2026-12-02T16:04:00.000000000,2026-12-02T16:14:00.000000000,10,BiGRU,pm2_5,36.0,37.7464,-1.7464
2026-12-02T16:04:00.000000000,2026-12-02T16:14:00.000000000,10,BiGRU,pm10,46.0,48.6926,-2.6926
2026-12-02T16:04:00.000000000,2026-12-02T16:14:00.000000000,10,BiGRU,co2,1647.0,1662.8344,-15.8344
2026-12-02T16:04:00.000000000,2026-12-02T16:14:00.000000000,10,BiGRU,voc,153.0,125.9989,27.0011
2026-12-02T16:05:00.000000000,2026-12-02T16:15:00.000000000,10,BiGRU,pm1,23.0,23.306,-0.306
2026-12-02T16:05:00.000000000,2026-12-02T16:15:00.000000000,10,BiGRU,pm2_5,36.0,37.6699,-1.6699
2026-12-02T16:05:00.000000000,2026-12-02T16:15:00.000000000,10,BiGRU,pm10,47.0,48.5848,-1.5848
2026-12-02T16:05:00.000000000,2026-12-02T16:15:00.000000000,10,BiGRU,co2,1725.0,1660.8065,64.1935
2026-12-02T16:05:00.000000000,2026-12-02T16:15:00.000000000,10,BiGRU,voc,123.0,129.3567,-6.3567
2026-12-02T16:06:00.000000000,2026-12-02T16:16:00.000000000,10,BiGRU,pm1,22.0,23.2712,-1.2712
2026-12-02T16:06:00.000000000,2026-12-02T16:16:00.000000000,10,BiGRU,pm2_5,36.0,37.6142,-1.6142
2026-12-02T16:06:00.000000000,2026-12-02T16:16:00.000000000,10,BiGRU,pm10,46.0,48.5194,-2.5194
2026-12-02T16:06:00.000000000,2026-12-02T16:16:00.000000000,10,BiGRU,co2,1685.0,1654.7109,30.2891
2026-12-02T16:06:00.000000000,2026-12-02T16:16:00.000000000,10,BiGRU,voc,103.0,129.601,-26.601
2026-12-02T16:07:00.000000000,2026-12-02T16:17:00.000000000,10,BiGRU,pm1,22.0,23.3626,-1.3626
2026-12-02T16:07:00.000000000,2026-12-02T16:17:00.000000000,10,BiGRU,pm2_5,36.0,37.795,-1.795
2026-12-02T16:07:00.000000000,2026-12-02T16:17:00.000000000,10,BiGRU,pm10,46.0,48.8305,-2.8305
2026-12-02T16:07:00.000000000,2026-12-02T16:17:00.000000000,10,BiGRU,co2,1685.0,1665.4459,19.5541
2026-12-02T16:07:00.000000000,2026-12-02T16:17:00.000000000,10,BiGRU,voc,103.0,132.7886,-29.7886
2026-12-02T16:08:00.000000000,2026-12-02T16:18:00.000000000,10,BiGRU,pm1,22.0,23.4307,-1.4307
2026-12-02T16:08:00.000000000,2026-12-02T16:18:00.000000000,10,BiGRU,pm2_5,36.0,37.9187,-1.9187
2026-12-02T16:08:00.000000000,2026-12-02T16:18:00.000000000,10,BiGRU,pm10,47.0,49.0569,-2.0569
2026-12-02T16:08:00.000000000,2026-12-02T16:18:00.000000000,10,BiGRU,co2,1685.0,1683.297,1.703
2026-12-02T16:08:00.000000000,2026-12-02T16:18:00.000000000,10,BiGRU,voc,81.0,159.611,-78.611
2026-12-02T16:09:00.000000000,2026-12-02T16:19:00.000000000,10,BiGRU,pm1,23.0,23.4163,-0.4163
2026-12-02T16:09:00.000000000,2026-12-02T16:19:00.000000000,10,BiGRU,pm2_5,36.0,37.9169,-1.9169
2026-12-02T16:09:00.000000000,2026-12-02T16:19:00.000000000,10,BiGRU,pm10,47.0,49.004,-2.004
2026-12-02T16:09:00.000000000,2026-12-02T16:19:00.000000000,10,BiGRU,co2,1655.0,1690.9862,-35.9862
2026-12-02T16:09:00.000000000,2026-12-02T16:19:00.000000000,10,BiGRU,voc,78.0,175.0144,-97.0144
2026-12-02T16:10:00.000000000,2026-12-02T16:20:00.000000000,10,BiGRU,pm1,23.0,23.401,-0.401
2026-12-02T16:10:00.000000000,2026-12-02T16:20:00.000000000,10,BiGRU,pm2_5,36.0,37.8604,-1.8604
2026-12-02T16:10:00.000000000,2026-12-02T16:20:00.000000000,10,BiGRU,pm10,48.0,48.8899,-0.8899
2026-12-02T16:10:00.000000000,2026-12-02T16:20:00.000000000,10,BiGRU,co2,1677.0,1681.9413,-4.9413
2026-12-02T16:10:00.000000000,2026-12-02T16:20:00.000000000,10,BiGRU,voc,84.0,173.6901,-89.6901
2026-12-02T16:11:00.000000000,2026-12-02T16:21:00.000000000,10,BiGRU,pm1,23.0,23.4127,-0.4127
2026-12-02T16:11:00.000000000,2026-12-02T16:21:00.000000000,10,BiGRU,pm2_5,37.0,37.8594,-0.8594
2026-12-02T16:11:00.000000000,2026-12-02T16:21:00.000000000,10,BiGRU,pm10,48.0,48.8868,-0.8868
2026-12-02T16:11:00.000000000,2026-12-02T16:21:00.000000000,10,BiGRU,co2,1732.0,1675.1921,56.8079
2026-12-02T16:11:00.000000000,2026-12-02T16:21:00.000000000,10,BiGRU,voc,264.0,172.4585,91.5415
2026-12-02T16:12:00.000000000,2026-12-02T16:22:00.000000000,10,BiGRU,pm1,23.0,23.3151,-0.3151
2026-12-02T16:12:00.000000000,2026-12-02T16:22:00.000000000,10,BiGRU,pm2_5,36.0,37.6747,-1.6747
2026-12-02T16:12:00.000000000,2026-12-02T16:22:00.000000000,10,BiGRU,pm10,47.0,48.5656,-1.5656
2026-12-02T16:12:00.000000000,2026-12-02T16:22:00.000000000,10,BiGRU,co2,1713.0,1661.7266,51.2734
2026-12-02T16:12:00.000000000,2026-12-02T16:22:00.000000000,10,BiGRU,voc,489.0,175.3859,313.6141
2026-12-02T16:13:00.000000000,2026-12-02T16:23:00.000000000,10,BiGRU,pm1,23.0,23.2479,-0.2479
2026-12-02T16:13:00.000000000,2026-12-02T16:23:00.000000000,10,BiGRU,pm2_5,36.0,37.6199,-1.6199
2026-12-02T16:13:00.000000000,2026-12-02T16:23:00.000000000,10,BiGRU,pm10,48.0,48.4386,-0.4386
2026-12-02T16:13:00.000000000,2026-12-02T16:23:00.000000000,10,BiGRU,co2,1677.0,1678.6221,-1.6221
2026-12-02T16:13:00.000000000,2026-12-02T16:23:00.000000000,10,BiGRU,voc,499.0,227.9748,271.0251
2026-12-02T16:14:00.000000000,2026-12-02T16:24:00.000000000,10,BiGRU,pm1,23.0,23.272,-0.272
2026-12-02T16:14:00.000000000,2026-12-02T16:24:00.000000000,10,BiGRU,pm2_5,36.0,37.6599,-1.6599
2026-12-02T16:14:00.000000000,2026-12-02T16:24:00.000000000,10,BiGRU,pm10,47.0,48.4708,-1.4708
2026-12-02T16:14:00.000000000,2026-12-02T16:24:00.000000000,10,BiGRU,co2,1661.0,1682.991,-21.991
2026-12-02T16:14:00.000000000,2026-12-02T16:24:00.000000000,10,BiGRU,voc,499.0,242.2703,256.7297
2026-12-02T16:15:00.000000000,2026-12-02T16:25:00.000000000,10,BiGRU,pm1,23.0,23.2543,-0.2543
2026-12-02T16:15:00.000000000,2026-12-02T16:25:00.000000000,10,BiGRU,pm2_5,37.0,37.5969,-0.5969
2026-12-02T16:15:00.000000000,2026-12-02T16:25:00.000000000,10,BiGRU,pm10,47.0,48.3109,-1.3109
2026-12-02T16:15:00.000000000,2026-12-02T16:25:00.000000000,10,BiGRU,co2,1700.0,1668.3711,31.6289
2026-12-02T16:15:00.000000000,2026-12-02T16:25:00.000000000,10,BiGRU,voc,499.0,233.6074,265.3926
2026-12-02T16:16:00.000000000,2026-12-02T16:26:00.000000000,10,BiGRU,pm1,23.0,23.2742,-0.2742
2026-12-02T16:16:00.000000000,2026-12-02T16:26:00.000000000,10,BiGRU,pm2_5,37.0,37.5834,-0.5834
2026-12-02T16:16:00.000000000,2026-12-02T16:26:00.000000000,10,BiGRU,pm10,47.0,48.3165,-1.3165
2026-12-02T16:16:00.000000000,2026-12-02T16:26:00.000000000,10,BiGRU,co2,1701.0,1654.5349,46.4651
2026-12-02T16:16:00.000000000,2026-12-02T16:26:00.000000000,10,BiGRU,voc,499.0,224.7373,274.2627
2026-12-02T16:17:00.000000000,2026-12-02T16:27:00.000000000,10,BiGRU,pm1,22.0,23.1942,-1.1942
2026-12-02T16:17:00.000000000,2026-12-02T16:27:00.000000000,10,BiGRU,pm2_5,36.0,37.4256,-1.4256
2026-12-02T16:17:00.000000000,2026-12-02T16:27:00.000000000,10,BiGRU,pm10,46.0,48.0625,-2.0625
2026-12-02T16:17:00.000000000,2026-12-02T16:27:00.000000000,10,BiGRU,co2,1708.0,1642.3469,65.6531
2026-12-02T16:17:00.000000000,2026-12-02T16:27:00.000000000,10,BiGRU,voc,499.0,215.904,283.096
2026-12-02T16:18:00.000000000,2026-12-02T16:28:00.000000000,10,BiGRU,pm1,23.0,23.1138,-0.1138
2026-12-02T16:18:00.000000000,2026-12-02T16:28:00.000000000,10,BiGRU,pm2_5,36.0,37.2415,-1.2415
2026-12-02T16:18:00.000000000,2026-12-02T16:28:00.000000000,10,BiGRU,pm10,46.0,47.7853,-1.7853
2026-12-02T16:18:00.000000000,2026-12-02T16:28:00.000000000,10,BiGRU,co2,1736.0,1630.4126,105.5874
2026-12-02T16:18:00.000000000,2026-12-02T16:28:00.000000000,10,BiGRU,voc,498.0,210.9619,287.0381
2026-12-02T16:19:00.000000000,2026-12-02T16:29:00.000000000,10,BiGRU,pm1,22.0,23.1045,-1.1045
2026-12-02T16:19:00.000000000,2026-12-02T16:29:00.000000000,10,BiGRU,pm2_5,36.0,37.2234,-1.2234
2026-12-02T16:19:00.000000000,2026-12-02T16:29:00.000000000,10,BiGRU,pm10,47.0,47.7347,-0.7347
2026-12-02T16:19:00.000000000,2026-12-02T16:29:00.000000000,10,BiGRU,co2,1734.0,1623.4187,110.5813
2026-12-02T16:19:00.000000000,2026-12-02T16:29:00.000000000,10,BiGRU,voc,497.0,200.6934,296.3066
2026-12-02T16:20:00.000000000,2026-12-02T16:30:00.000000000,10,BiGRU,pm1,23.0,23.0964,-0.0964
2026-12-02T16:20:00.000000000,2026-12-02T16:30:00.000000000,10,BiGRU,pm2_5,37.0,37.1746,-0.1746
2026-12-02T16:20:00.000000000,2026-12-02T16:30:00.000000000,10,BiGRU,pm10,47.0,47.6568,-0.6568
2026-12-02T16:20:00.000000000,2026-12-02T16:30:00.000000000,10,BiGRU,co2,1662.0,1615.7679,46.2321
2026-12-02T16:20:00.000000000,2026-12-02T16:30:00.000000000,10,BiGRU,voc,496.0,190.3578,305.6422
2026-12-02T16:21:00.000000000,2026-12-02T16:31:00.000000000,10,BiGRU,pm1,23.0,23.0752,-0.0752
2026-12-02T16:21:00.000000000,2026-12-02T16:31:00.000000000,10,BiGRU,pm2_5,37.0,37.1441,-0.1441
2026-12-02T16:21:00.000000000,2026-12-02T16:31:00.000000000,10,BiGRU,pm10,46.0,47.5726,-1.5726
2026-12-02T16:21:00.000000000,2026-12-02T16:31:00.000000000,10,BiGRU,co2,1671.0,1612.3724,58.6276
2026-12-02T16:21:00.000000000,2026-12-02T16:31:00.000000000,10,BiGRU,voc,495.0,181.4644,313.5356
2026-12-02T16:22:00.000000000,2026-12-02T16:32:00.000000000,10,BiGRU,pm1,23.0,22.8446,0.1554
2026-12-02T16:22:00.000000000,2026-12-02T16:32:00.000000000,10,BiGRU,pm2_5,37.0,36.7937,0.2063
2026-12-02T16:22:00.000000000,2026-12-02T16:32:00.000000000,10,BiGRU,pm10,47.0,47.0476,-0.0476
2026-12-02T16:22:00.000000000,2026-12-02T16:32:00.000000000,10,BiGRU,co2,1780.0,1636.9155,143.0845
2026-12-02T16:22:00.000000000,2026-12-02T16:32:00.000000000,10,BiGRU,voc,493.0,243.9424,249.0576
2026-12-02T16:23:00.000000000,2026-12-02T16:33:00.000000000,10,BiGRU,pm1,23.0,22.4342,0.5658
2026-12-02T16:23:00.000000000,2026-12-02T16:33:00.000000000,10,BiGRU,pm2_5,37.0,36.2069,0.7931
2026-12-02T16:23:00.000000000,2026-12-02T16:33:00.000000000,10,BiGRU,pm10,47.0,46.0171,0.9829
2026-12-02T16:23:00.000000000,2026-12-02T16:33:00.000000000,10,BiGRU,co2,1766.0,1693.6328,72.3672
2026-12-02T16:23:00.000000000,2026-12-02T16:33:00.000000000,10,BiGRU,voc,493.0,382.0938,110.9062
2026-12-02T16:24:00.000000000,2026-12-02T16:34:00.000000000,10,BiGRU,pm1,23.0,22.4899,0.5101
2026-12-02T16:24:00.000000000,2026-12-02T16:34:00.000000000,10,BiGRU,pm2_5,37.0,36.3233,0.6767
2026-12-02T16:24:00.000000000,2026-12-02T16:34:00.000000000,10,BiGRU,pm10,48.0,46.0893,1.9107
2026-12-02T16:24:00.000000000,2026-12-02T16:34:00.000000000,10,BiGRU,co2,1731.0,1741.4565,-10.4565
2026-12-02T16:24:00.000000000,2026-12-02T16:34:00.000000000,10,BiGRU,voc,493.0,453.4122,39.5878
2026-12-02T16:25:00.000000000,2026-12-02T16:36:00.000000000,10,BiGRU,pm1,23.0,22.4819,0.5181
2026-12-02T16:25:00.000000000,2026-12-02T16:36:00.000000000,10,BiGRU,pm2_5,38.0,36.26,1.74
2026-12-02T16:25:00.000000000,2026-12-02T16:36:00.000000000,10,BiGRU,pm10,47.0,45.9151,1.0849
2026-12-02T16:25:00.000000000,2026-12-02T16:36:00.000000000,10,BiGRU,co2,1648.0,1746.8552,-98.8552
2026-12-02T16:25:00.000000000,2026-12-02T16:36:00.000000000,10,BiGRU,voc,492.0,486.0282,5.9718
2026-12-02T16:26:00.000000000,2026-12-02T16:37:00.000000000,10,BiGRU,pm1,23.0,22.6385,0.3615
2026-12-02T16:26:00.000000000,2026-12-02T16:37:00.000000000,10,BiGRU,pm2_5,37.0,36.5075,0.4925
2026-12-02T16:26:00.000000000,2026-12-02T16:37:00.000000000,10,BiGRU,pm10,47.0,46.2685,0.7315
2026-12-02T16:26:00.000000000,2026-12-02T16:37:00.000000000,10,BiGRU,co2,1651.0,1754.4299,-103.4299
2026-12-02T16:26:00.000000000,2026-12-02T16:37:00.000000000,10,BiGRU,voc,492.0,507.3365,-15.3365
2026-12-02T16:27:00.000000000,2026-12-02T16:38:00.000000000,10,BiGRU,pm1,23.0,22.7357,0.2643
2026-12-02T16:27:00.000000000,2026-12-02T16:38:00.000000000,10,BiGRU,pm2_5,37.0,36.6745,0.3255
2026-12-02T16:27:00.000000000,2026-12-02T16:38:00.000000000,10,BiGRU,pm10,48.0,46.4466,1.5534
2026-12-02T16:27:00.000000000,2026-12-02T16:38:00.000000000,10,BiGRU,co2,1611.0,1749.2935,-138.2935
2026-12-02T16:27:00.000000000,2026-12-02T16:38:00.000000000,10,BiGRU,voc,490.0,515.7065,-25.7066
2026-12-02T16:28:00.000000000,2026-12-02T16:39:00.000000000,10,BiGRU,pm1,23.0,22.7158,0.2842
2026-12-02T16:28:00.000000000,2026-12-02T16:39:00.000000000,10,BiGRU,pm2_5,37.0,36.6803,0.3197
2026-12-02T16:28:00.000000000,2026-12-02T16:39:00.000000000,10,BiGRU,pm10,47.0,46.3196,0.6804
2026-12-02T16:28:00.000000000,2026-12-02T16:39:00.000000000,10,BiGRU,co2,1605.0,1712.583,-107.583
2026-12-02T16:28:00.000000000,2026-12-02T16:39:00.000000000,10,BiGRU,voc,481.0,509.0169,-28.0168
2026-12-02T16:29:00.000000000,2026-12-02T16:40:00.000000000,10,BiGRU,pm1,23.0,22.7828,0.2172
2026-12-02T16:29:00.000000000,2026-12-02T16:40:00.000000000,10,BiGRU,pm2_5,37.0,36.7747,0.2253
2026-12-02T16:29:00.000000000,2026-12-02T16:40:00.000000000,10,BiGRU,pm10,47.0,46.4628,0.5372
2026-12-02T16:29:00.000000000,2026-12-02T16:40:00.000000000,10,BiGRU,co2,1666.0,1708.0625,-42.0625
2026-12-02T16:29:00.000000000,2026-12-02T16:40:00.000000000,10,BiGRU,voc,482.0,519.511,-37.511
2026-12-02T16:30:00.000000000,2026-12-02T16:41:00.000000000,10,BiGRU,pm1,23.0,22.8183,0.1817
2026-12-02T16:30:00.000000000,2026-12-02T16:41:00.000000000,10,BiGRU,pm2_5,37.0,36.8287,0.1713
2026-12-02T16:30:00.000000000,2026-12-02T16:41:00.000000000,10,BiGRU,pm10,48.0,46.4649,1.5351
2026-12-02T16:30:00.000000000,2026-12-02T16:41:00.000000000,10,BiGRU,co2,1633.0,1708.9008,-75.9008
2026-12-02T16:30:00.000000000,2026-12-02T16:41:00.000000000,10,BiGRU,voc,477.0,530.9594,-53.9594
2026-12-02T16:31:00.000000000,2026-12-02T16:42:00.000000000,10,BiGRU,pm1,23.0,22.9207,0.0793
2026-12-02T16:31:00.000000000,2026-12-02T16:42:00.000000000,10,BiGRU,pm2_5,37.0,36.9667,0.0333
2026-12-02T16:31:00.000000000,2026-12-02T16:42:00.000000000,10,BiGRU,pm10,47.0,46.7135,0.2865
2026-12-02T16:31:00.000000000,2026-12-02T16:42:00.000000000,10,BiGRU,co2,1626.0,1714.4438,-88.4438
2026-12-02T16:31:00.000000000,2026-12-02T16:42:00.000000000,10,BiGRU,voc,471.0,542.8483,-71.8483
2026-12-02T16:32:00.000000000,2026-12-02T16:43:00.000000000,10,BiGRU,pm1,23.0,22.9162,0.0838
2026-12-02T16:32:00.000000000,2026-12-02T16:43:00.000000000,10,BiGRU,pm2_5,37.0,36.9309,0.0691
2026-12-02T16:32:00.000000000,2026-12-02T16:43:00.000000000,10,BiGRU,pm10,48.0,46.6057,1.3943
2026-12-02T16:32:00.000000000,2026-12-02T16:43:00.000000000,10,BiGRU,co2,1676.0,1710.3933,-34.3933
2026-12-02T16:32:00.000000000,2026-12-02T16:43:00.000000000,10,BiGRU,voc,472.0,550.8595,-78.8595
2026-12-02T16:33:00.000000000,2026-12-02T16:44:00.000000000,10,BiGRU,pm1,23.0,22.9904,0.0096
2026-12-02T16:33:00.000000000,2026-12-02T16:44:00.000000000,10,BiGRU,pm2_5,37.0,37.0382,-0.0382
2026-12-02T16:33:00.000000000,2026-12-02T16:44:00.000000000,10,BiGRU,pm10,48.0,46.731,1.269
2026-12-02T16:33:00.000000000,2026-12-02T16:44:00.000000000,10,BiGRU,co2,1558.0,1703.6412,-145.6412
2026-12-02T16:33:00.000000000,2026-12-02T16:44:00.000000000,10,BiGRU,voc,466.0,554.1036,-88.1036
2026-12-02T16:34:00.000000000,2026-12-02T16:45:00.000000000,10,BiGRU,pm1,23.0,23.0249,-0.0249
2026-12-02T16:34:00.000000000,2026-12-02T16:45:00.000000000,10,BiGRU,pm2_5,37.0,37.0545,-0.0545
2026-12-02T16:34:00.000000000,2026-12-02T16:45:00.000000000,10,BiGRU,pm10,48.0,46.7135,1.2865
2026-12-02T16:34:00.000000000,2026-12-02T16:45:00.000000000,10,BiGRU,co2,1568.0,1695.8374,-127.8374
2026-12-02T16:34:00.000000000,2026-12-02T16:45:00.000000000,10,BiGRU,voc,454.0,556.112,-102.112
2026-12-02T16:36:00.000000000,2026-12-02T16:46:00.000000000,10,BiGRU,pm1,23.0,23.0402,-0.0402
2026-12-02T16:36:00.000000000,2026-12-02T16:46:00.000000000,10,BiGRU,pm2_5,37.0,37.0526,-0.0526
2026-12-02T16:36:00.000000000,2026-12-02T16:46:00.000000000,10,BiGRU,pm10,48.0,46.6786,1.3214
2026-12-02T16:36:00.000000000,2026-12-02T16:46:00.000000000,10,BiGRU,co2,1582.0,1683.0618,-101.0618
2026-12-02T16:36:00.000000000,2026-12-02T16:46:00.000000000,10,BiGRU,voc,438.0,551.3106,-113.3106
2026-12-02T16:37:00.000000000,2026-12-02T16:47:00.000000000,10,BiGRU,pm1,23.0,23.0393,-0.0393
2026-12-02T16:37:00.000000000,2026-12-02T16:47:00.000000000,10,BiGRU,pm2_5,37.0,36.9563,0.0437
2026-12-02T16:37:00.000000000,2026-12-02T16:47:00.000000000,10,BiGRU,pm10,47.0,46.5737,0.4263
2026-12-02T16:37:00.000000000,2026-12-02T16:47:00.000000000,10,BiGRU,co2,1580.0,1661.9402,-81.9402
2026-12-02T16:37:00.000000000,2026-12-02T16:47:00.000000000,10,BiGRU,voc,416.0,535.3921,-119.3921
2026-12-02T16:38:00.000000000,2026-12-02T16:48:00.000000000,10,BiGRU,pm1,23.0,23.1266,-0.1266
2026-12-02T16:38:00.000000000,2026-12-02T16:48:00.000000000,10,BiGRU,pm2_5,37.0,37.0118,-0.0118
2026-12-02T16:38:00.000000000,2026-12-02T16:48:00.000000000,10,BiGRU,pm10,48.0,46.7077,1.2923
2026-12-02T16:38:00.000000000,2026-12-02T16:48:00.000000000,10,BiGRU,co2,1571.0,1574.2725,-3.2725
2026-12-02T16:38:00.000000000,2026-12-02T16:48:00.000000000,10,BiGRU,voc,395.0,455.5064,-60.5064
2026-12-02T16:39:00.000000000,2026-12-02T16:49:00.000000000,10,BiGRU,pm1,23.0,23.2061,-0.2061
2026-12-02T16:39:00.000000000,2026-12-02T16:49:00.000000000,10,BiGRU,pm2_5,36.0,37.1275,-1.1275
2026-12-02T16:39:00.000000000,2026-12-02T16:49:00.000000000,10,BiGRU,pm10,46.0,46.8219,-0.8219
2026-12-02T16:39:00.000000000,2026-12-02T16:49:00.000000000,10,BiGRU,co2,1562.0,1475.3657,86.6343
2026-12-02T16:39:00.000000000,2026-12-02T16:49:00.000000000,10,BiGRU,voc,385.0,351.8231,33.1769
2026-12-02T16:40:00.000000000,2026-12-02T16:50:00.000000000,10,BiGRU,pm1,23.0,23.2064,-0.2064
2026-12-02T16:40:00.000000000,2026-12-02T16:50:00.000000000,10,BiGRU,pm2_5,37.0,37.0987,-0.0987
2026-12-02T16:40:00.000000000,2026-12-02T16:50:00.000000000,10,BiGRU,pm10,47.0,46.7869,0.2131
2026-12-02T16:40:00.000000000,2026-12-02T16:50:00.000000000,10,BiGRU,co2,1484.0,1433.7531,50.2469
2026-12-02T16:40:00.000000000,2026-12-02T16:50:00.000000000,10,BiGRU,voc,364.0,321.382,42.618
2026-12-02T16:41:00.000000000,2026-12-02T16:51:00.000000000,10,BiGRU,pm1,23.0,23.2566,-0.2566
2026-12-02T16:41:00.000000000,2026-12-02T16:51:00.000000000,10,BiGRU,pm2_5,37.0,37.2058,-0.2058
2026-12-02T16:41:00.000000000,2026-12-02T16:51:00.000000000,10,BiGRU,pm10,47.0,46.9478,0.0522
2026-12-02T16:41:00.000000000,2026-12-02T16:51:00.000000000,10,BiGRU,co2,1460.0,1430.9857,29.0143
2026-12-02T16:41:00.000000000,2026-12-02T16:51:00.000000000,10,BiGRU,voc,342.0,317.5911,24.4089
2026-12-02T16:42:00.000000000,2026-12-02T16:52:00.000000000,10,BiGRU,pm1,23.0,23.3155,-0.3155
2026-12-02T16:42:00.000000000,2026-12-02T16:52:00.000000000,10,BiGRU,pm2_5,37.0,37.3052,-0.3052
2026-12-02T16:42:00.000000000,2026-12-02T16:52:00.000000000,10,BiGRU,pm10,47.0,47.1222,-0.1222
2026-12-02T16:42:00.000000000,2026-12-02T16:52:00.000000000,10,BiGRU,co2,1528.0,1427.8812,100.1188
2026-12-02T16:42:00.000000000,2026-12-02T16:52:00.000000000,10,BiGRU,voc,325.0,315.2877,9.7123
2026-12-02T16:43:00.000000000,2026-12-02T16:53:00.000000000,10,BiGRU,pm1,23.0,23.2979,-0.2979
2026-12-02T16:43:00.000000000,2026-12-02T16:53:00.000000000,10,BiGRU,pm2_5,37.0,37.2557,-0.2557
2026-12-02T16:43:00.000000000,2026-12-02T16:53:00.000000000,10,BiGRU,pm10,47.0,47.0687,-0.0687
2026-12-02T16:43:00.000000000,2026-12-02T16:53:00.000000000,10,BiGRU,co2,1587.0,1423.7616,163.2384
2026-12-02T16:43:00.000000000,2026-12-02T16:53:00.000000000,10,BiGRU,voc,309.0,312.4138,-3.4138
2026-12-02T16:44:00.000000000,2026-12-02T16:54:00.000000000,10,BiGRU,pm1,23.0,23.3546,-0.3546
2026-12-02T16:44:00.000000000,2026-12-02T16:54:00.000000000,10,BiGRU,pm2_5,36.0,37.3377,-1.3377
2026-12-02T16:44:00.000000000,2026-12-02T16:54:00.000000000,10,BiGRU,pm10,46.0,47.2237,-1.2237
2026-12-02T16:44:00.000000000,2026-12-02T16:54:00.000000000,10,BiGRU,co2,1566.0,1427.4319,138.5681
2026-12-02T16:44:00.000000000,2026-12-02T16:54:00.000000000,10,BiGRU,voc,300.0,311.0312,-11.0312
2026-12-02T16:45:00.000000000,2026-12-02T16:55:00.000000000,10,BiGRU,pm1,23.0,23.3572,-0.3572
2026-12-02T16:45:00.000000000,2026-12-02T16:55:00.000000000,10,BiGRU,pm2_5,37.0,37.3597,-0.3597
2026-12-02T16:45:00.000000000,2026-12-02T16:55:00.000000000,10,BiGRU,pm10,48.0,47.2384,0.7616
2026-12-02T16:45:00.000000000,2026-12-02T16:55:00.000000000,10,BiGRU,co2,1579.0,1419.526,159.474
2026-12-02T16:45:00.000000000,2026-12-02T16:55:00.000000000,10,BiGRU,voc,290.0,308.6785,-18.6785
2026-12-02T16:46:00.000000000,2026-12-02T16:56:00.000000000,10,BiGRU,pm1,23.0,23.3824,-0.3824
2026-12-02T16:46:00.000000000,2026-12-02T16:56:00.000000000,10,BiGRU,pm2_5,36.0,37.3687,-1.3687
2026-12-02T16:46:00.000000000,2026-12-02T16:56:00.000000000,10,BiGRU,pm10,47.0,47.2957,-0.2957
2026-12-02T16:46:00.000000000,2026-12-02T16:56:00.000000000,10,BiGRU,co2,1549.0,1411.411,137.589
2026-12-02T16:46:00.000000000,2026-12-02T16:56:00.000000000,10,BiGRU,voc,280.0,305.6179,-25.6179
2026-12-02T16:47:00.000000000,2026-12-02T16:57:00.000000000,10,BiGRU,pm1,23.0,23.4021,-0.4021
2026-12-02T16:47:00.000000000,2026-12-02T16:57:00.000000000,10,BiGRU,pm2_5,37.0,37.4214,-0.4214
2026-12-02T16:47:00.000000000,2026-12-02T16:57:00.000000000,10,BiGRU,pm10,47.0,47.3611,-0.3611
2026-12-02T16:47:00.000000000,2026-12-02T16:57:00.000000000,10,BiGRU,co2,1527.0,1396.6741,130.3259
2026-12-02T16:47:00.000000000,2026-12-02T16:57:00.000000000,10,BiGRU,voc,272.0,299.3371,-27.3371
2026-12-02T16:48:00.000000000,2026-12-02T16:58:00.000000000,10,BiGRU,pm1,23.0,23.4267,-0.4267
2026-12-02T16:48:00.000000000,2026-12-02T16:58:00.000000000,10,BiGRU,pm2_5,37.0,37.4711,-0.4711
2026-12-02T16:48:00.000000000,2026-12-02T16:58:00.000000000,10,BiGRU,pm10,47.0,47.4272,-0.4272
2026-12-02T16:48:00.000000000,2026-12-02T16:58:00.000000000,10,BiGRU,co2,1472.0,1389.6989,82.3011
2026-12-02T16:48:00.000000000,2026-12-02T16:58:00.000000000,10,BiGRU,voc,260.0,289.0597,-29.0597
2026-12-02T16:49:00.000000000,2026-12-02T16:59:00.000000000,10,BiGRU,pm1,23.0,23.4622,-0.4622
2026-12-02T16:49:00.000000000,2026-12-02T16:59:00.000000000,10,BiGRU,pm2_5,37.0,37.5126,-0.5126
2026-12-02T16:49:00.000000000,2026-12-02T16:59:00.000000000,10,BiGRU,pm10,47.0,47.4827,-0.4827
2026-12-02T16:49:00.000000000,2026-12-02T16:59:00.000000000,10,BiGRU,co2,1413.0,1380.1819,32.8181
2026-12-02T16:49:00.000000000,2026-12-02T16:59:00.000000000,10,BiGRU,voc,240.0,277.6159,-37.6159
2026-12-02T16:50:00.000000000,2026-12-02T17:00:00.000000000,10,BiGRU,pm1,23.0,23.3391,-0.3391
2026-12-02T16:50:00.000000000,2026-12-02T17:00:00.000000000,10,BiGRU,pm2_5,37.0,37.2593,-0.2593
2026-12-02T16:50:00.000000000,2026-12-02T17:00:00.000000000,10,BiGRU,pm10,48.0,47.0835,0.9165
2026-12-02T16:50:00.000000000,2026-12-02T17:00:00.000000000,10,BiGRU,co2,1387.0,1362.1118,24.8882
2026-12-02T16:50:00.000000000,2026-12-02T17:00:00.000000000,10,BiGRU,voc,229.0,267.1354,-38.1354
2026-12-02T16:51:00.000000000,2026-12-02T17:01:00.000000000,10,BiGRU,pm1,23.0,23.3924,-0.3924
2026-12-02T16:51:00.000000000,2026-12-02T17:01:00.000000000,10,BiGRU,pm2_5,37.0,37.3242,-0.3242
2026-12-02T16:51:00.000000000,2026-12-02T17:01:00.000000000,10,BiGRU,pm10,48.0,47.2247,0.7753
2026-12-02T16:51:00.000000000,2026-12-02T17:01:00.000000000,10,BiGRU,co2,1360.0,1357.1923,2.8077
2026-12-02T16:51:00.000000000,2026-12-02T17:01:00.000000000,10,BiGRU,voc,208.0,255.5123,-47.5123
2026-12-02T16:52:00.000000000,2026-12-02T17:02:00.000000000,10,BiGRU,pm1,23.0,23.3647,-0.3647
2026-12-02T16:52:00.000000000,2026-12-02T17:02:00.000000000,10,BiGRU,pm2_5,36.0,37.2643,-1.2643
2026-12-02T16:52:00.000000000,2026-12-02T17:02:00.000000000,10,BiGRU,pm10,47.0,47.1457,-0.1457
2026-12-02T16:52:00.000000000,2026-12-02T17:02:00.000000000,10,BiGRU,co2,1326.0,1343.2378,-17.2378
2026-12-02T16:52:00.000000000,2026-12-02T17:02:00.000000000,10,BiGRU,voc,195.0,241.2237,-46.2237
2026-12-02T16:53:00.000000000,2026-12-02T17:03:00.000000000,10,BiGRU,pm1,23.0,23.3195,-0.3195
2026-12-02T16:53:00.000000000,2026-12-02T17:03:00.000000000,10,BiGRU,pm2_5,36.0,37.1735,-1.1735
2026-12-02T16:53:00.000000000,2026-12-02T17:03:00.000000000,10,BiGRU,pm10,47.0,47.0054,-0.0054
2026-12-02T16:53:00.000000000,2026-12-02T17:03:00.000000000,10,BiGRU,co2,1361.0,1334.5864,26.4136
2026-12-02T16:53:00.000000000,2026-12-02T17:03:00.000000000,10,BiGRU,voc,193.0,226.659,-33.659
2026-12-02T16:54:00.000000000,2026-12-02T17:04:00.000000000,10,BiGRU,pm1,23.0,23.3153,-0.3153
2026-12-02T16:54:00.000000000,2026-12-02T17:04:00.000000000,10,BiGRU,pm2_5,37.0,37.1674,-0.1674
2026-12-02T16:54:00.000000000,2026-12-02T17:04:00.000000000,10,BiGRU,pm10,47.0,46.985,0.015
2026-12-02T16:54:00.000000000,2026-12-02T17:04:00.000000000,10,BiGRU,co2,1329.0,1326.7889,2.2111
2026-12-02T16:54:00.000000000,2026-12-02T17:04:00.000000000,10,BiGRU,voc,182.0,212.7144,-30.7144
2026-12-02T16:55:00.000000000,2026-12-02T17:05:00.000000000,10,BiGRU,pm1,24.0,23.2357,0.7643
2026-12-02T16:55:00.000000000,2026-12-02T17:05:00.000000000,10,BiGRU,pm2_5,38.0,37.0318,0.9682
2026-12-02T16:55:00.000000000,2026-12-02T17:05:00.000000000,10,BiGRU,pm10,48.0,46.7543,1.2457
2026-12-02T16:55:00.000000000,2026-12-02T17:05:00.000000000,10,BiGRU,co2,1343.0,1318.723,24.277
2026-12-02T16:55:00.000000000,2026-12-02T17:05:00.000000000,10,BiGRU,voc,177.0,201.4048,-24.4048
2026-12-02T16:56:00.000000000,2026-12-02T17:06:00.000000000,10,BiGRU,pm1,24.0,23.3447,0.6553
2026-12-02T16:56:00.000000000,2026-12-02T17:06:00.000000000,10,BiGRU,pm2_5,38.0,37.233,0.767
2026-12-02T16:56:00.000000000,2026-12-02T17:06:00.000000000,10,BiGRU,pm10,49.0,47.1134,1.8866
2026-12-02T16:56:00.000000000,2026-12-02T17:06:00.000000000,10,BiGRU,co2,1351.0,1327.0503,23.9497
2026-12-02T16:56:00.000000000,2026-12-02T17:06:00.000000000,10,BiGRU,voc,168.0,190.2205,-22.2205
2026-12-02T16:57:00.000000000,2026-12-02T17:07:00.000000000,10,BiGRU,pm1,24.0,23.2654,0.7346
2026-12-02T16:57:00.000000000,2026-12-02T17:07:00.000000000,10,BiGRU,pm2_5,38.0,37.0758,0.9242
2026-12-02T16:57:00.000000000,2026-12-02T17:07:00.000000000,10,BiGRU,pm10,48.0,46.8575,1.1425
2026-12-02T16:57:00.000000000,2026-12-02T17:07:00.000000000,10,BiGRU,co2,1307.0,1316.7043,-9.7043
2026-12-02T16:57:00.000000000,2026-12-02T17:07:00.000000000,10,BiGRU,voc,162.0,178.6462,-16.6462
2026-12-02T16:58:00.000000000,2026-12-02T17:08:00.000000000,10,BiGRU,pm1,24.0,23.3197,0.6803
2026-12-02T16:58:00.000000000,2026-12-02T17:08:00.000000000,10,BiGRU,pm2_5,38.0,37.193,0.807
2026-12-02T16:58:00.000000000,2026-12-02T17:08:00.000000000,10,BiGRU,pm10,48.0,47.0863,0.9137
2026-12-02T16:58:00.000000000,2026-12-02T17:08:00.000000000,10,BiGRU,co2,1328.0,1326.5779,1.4221
2026-12-02T16:58:00.000000000,2026-12-02T17:08:00.000000000,10,BiGRU,voc,153.0,169.0037,-16.0037
2026-12-02T16:59:00.000000000,2026-12-02T17:09:00.000000000,10,BiGRU,pm1,24.0,23.3088,0.6912
2026-12-02T16:59:00.000000000,2026-12-02T17:09:00.000000000,10,BiGRU,pm2_5,38.0,37.161,0.839
2026-12-02T16:59:00.000000000,2026-12-02T17:09:00.000000000,10,BiGRU,pm10,48.0,47.0494,0.9506
2026-12-02T16:59:00.000000000,2026-12-02T17:09:00.000000000,10,BiGRU,co2,1330.0,1323.9949,6.0051
2026-12-02T16:59:00.000000000,2026-12-02T17:09:00.000000000,10,BiGRU,voc,148.0,156.4107,-8.4107
2026-12-02T17:00:00.000000000,2026-12-02T17:10:00.000000000,10,BiGRU,pm1,24.0,23.3088,0.6912
2026-12-02T17:00:00.000000000,2026-12-02T17:10:00.000000000,10,BiGRU,pm2_5,38.0,37.1581,0.8419
2026-12-02T17:00:00.000000000,2026-12-02T17:10:00.000000000,10,BiGRU,pm10,49.0,47.0622,1.9378
2026-12-02T17:00:00.000000000,2026-12-02T17:10:00.000000000,10,BiGRU,co2,1290.0,1323.7764,-33.7764
2026-12-02T17:00:00.000000000,2026-12-02T17:10:00.000000000,10,BiGRU,voc,141.0,142.9043,-1.9043
2026-12-02T17:01:00.000000000,2026-12-02T17:11:00.000000000,10,BiGRU,pm1,24.0,23.3225,0.6775
2026-12-02T17:01:00.000000000,2026-12-02T17:11:00.000000000,10,BiGRU,pm2_5,38.0,37.1977,0.8023
2026-12-02T17:01:00.000000000,2026-12-02T17:11:00.000000000,10,BiGRU,pm10,49.0,47.1384,1.8616
2026-12-02T17:01:00.000000000,2026-12-02T17:11:00.000000000,10,BiGRU,co2,1294.0,1328.3551,-34.3551
2026-12-02T17:01:00.000000000,2026-12-02T17:11:00.000000000,10,BiGRU,voc,134.0,132.3364,1.6636
2026-12-02T17:02:00.000000000,2026-12-02T17:12:00.000000000,10,BiGRU,pm1,24.0,23.3036,0.6964
2026-12-02T17:02:00.000000000,2026-12-02T17:12:00.000000000,10,BiGRU,pm2_5,38.0,37.1504,0.8496
2026-12-02T17:02:00.000000000,2026-12-02T17:12:00.000000000,10,BiGRU,pm10,48.0,47.1064,0.8936
2026-12-02T17:02:00.000000000,2026-12-02T17:12:00.000000000,10,BiGRU,co2,1298.0,1331.8518,-33.8518
2026-12-02T17:02:00.000000000,2026-12-02T17:12:00.000000000,10,BiGRU,voc,127.0,123.4657,3.5343
2026-12-02T17:03:00.000000000,2026-12-02T17:13:00.000000000,10,BiGRU,pm1,24.0,23.2042,0.7958
2026-12-02T17:03:00.000000000,2026-12-02T17:13:00.000000000,10,BiGRU,pm2_5,38.0,36.9473,1.0527
2026-12-02T17:03:00.000000000,2026-12-02T17:13:00.000000000,10,BiGRU,pm10,49.0,46.7966,2.2034
2026-12-02T17:03:00.000000000,2026-12-02T17:13:00.000000000,10,BiGRU,co2,1285.0,1328.4985,-43.4985
2026-12-02T17:03:00.000000000,2026-12-02T17:13:00.000000000,10,BiGRU,voc,124.0,116.7695,7.2305
2026-12-02T17:04:00.000000000,2026-12-02T17:14:00.000000000,10,BiGRU,pm1,24.0,23.1509,0.8491
2026-12-02T17:04:00.000000000,2026-12-02T17:14:00.000000000,10,BiGRU,pm2_5,37.0,36.8267,0.1733
2026-12-02T17:04:00.000000000,2026-12-02T17:14:00.000000000,10,BiGRU,pm10,48.0,46.6421,1.3579
2026-12-02T17:04:00.000000000,2026-12-02T17:14:00.000000000,10,BiGRU,co2,1308.0,1330.9967,-22.9967
2026-12-02T17:04:00.000000000,2026-12-02T17:14:00.000000000,10,BiGRU,voc,121.0,115.5708,5.4292
2026-12-02T17:05:00.000000000,2026-12-02T17:15:00.000000000,10,BiGRU,pm1,24.0,23.1506,0.8494
2026-12-02T17:05:00.000000000,2026-12-02T17:15:00.000000000,10,BiGRU,pm2_5,38.0,36.8642,1.1358
2026-12-02T17:05:00.000000000,2026-12-02T17:15:00.000000000,10,BiGRU,pm10,48.0,46.7175,1.2825
2026-12-02T17:05:00.000000000,2026-12-02T17:15:00.000000000,10,BiGRU,co2,1308.0,1345.156,-37.156
2026-12-02T17:05:00.000000000,2026-12-02T17:15:00.000000000,10,BiGRU,voc,120.0,110.3669,9.6331
2026-12-02T17:06:00.000000000,2026-12-02T17:16:00.000000000,10,BiGRU,pm1,24.0,23.2136,0.7864
2026-12-02T17:06:00.000000000,2026-12-02T17:16:00.000000000,10,BiGRU,pm2_5,38.0,36.9327,1.0673
2026-12-02T17:06:00.000000000,2026-12-02T17:16:00.000000000,10,BiGRU,pm10,48.0,46.9439,1.0561
2026-12-02T17:06:00.000000000,2026-12-02T17:16:00.000000000,10,BiGRU,co2,1309.0,1359.0909,-50.0909
2026-12-02T17:06:00.000000000,2026-12-02T17:16:00.000000000,10,BiGRU,voc,112.0,110.5162,1.4838
2026-12-02T17:07:00.000000000,2026-12-02T17:17:00.000000000,10,BiGRU,pm1,24.0,23.2402,0.7598
2026-12-02T17:07:00.000000000,2026-12-02T17:17:00.000000000,10,BiGRU,pm2_5,38.0,36.9774,1.0226
2026-12-02T17:07:00.000000000,2026-12-02T17:17:00.000000000,10,BiGRU,pm10,48.0,47.0348,0.9652
2026-12-02T17:07:00.000000000,2026-12-02T17:17:00.000000000,10,BiGRU,co2,1321.0,1372.9681,-51.9681
2026-12-02T17:07:00.000000000,2026-12-02T17:17:00.000000000,10,BiGRU,voc,109.0,109.1693,-0.1693
2026-12-02T17:08:00.000000000,2026-12-02T17:18:00.000000000,10,BiGRU,pm1,24.0,23.2248,0.7752
2026-12-02T17:08:00.000000000,2026-12-02T17:18:00.000000000,10,BiGRU,pm2_5,38.0,36.939,1.061
2026-12-02T17:08:00.000000000,2026-12-02T17:18:00.000000000,10,BiGRU,pm10,48.0,47.0141,0.9859
2026-12-02T17:08:00.000000000,2026-12-02T17:18:00.000000000,10,BiGRU,co2,1300.0,1384.6333,-84.6333
2026-12-02T17:08:00.000000000,2026-12-02T17:18:00.000000000,10,BiGRU,voc,105.0,107.1046,-2.1046
2026-12-02T17:09:00.000000000,2026-12-02T17:19:00.000000000,10,BiGRU,pm1,24.0,23.2156,0.7844
2026-12-02T17:09:00.000000000,2026-12-02T17:19:00.000000000,10,BiGRU,pm2_5,38.0,36.9011,1.0989
2026-12-02T17:09:00.000000000,2026-12-02T17:19:00.000000000,10,BiGRU,pm10,47.0,47.0152,-0.0152
2026-12-02T17:09:00.000000000,2026-12-02T17:19:00.000000000,10,BiGRU,co2,1271.0,1394.3521,-123.3521
2026-12-02T17:09:00.000000000,2026-12-02T17:19:00.000000000,10,BiGRU,voc,100.0,104.6936,-4.6936
2026-12-02T17:10:00.000000000,2026-12-02T17:20:00.000000000,10,BiGRU,pm1,24.0,23.2006,0.7994
2026-12-02T17:10:00.000000000,2026-12-02T17:20:00.000000000,10,BiGRU,pm2_5,38.0,36.8769,1.1231
2026-12-02T17:10:00.000000000,2026-12-02T17:20:00.000000000,10,BiGRU,pm10,48.0,47.0122,0.9878
2026-12-02T17:10:00.000000000,2026-12-02T17:20:00.000000000,10,BiGRU,co2,1304.0,1404.9879,-100.9879
2026-12-02T17:10:00.000000000,2026-12-02T17:20:00.000000000,10,BiGRU,voc,101.0,100.8274,0.1726
2026-12-02T17:11:00.000000000,2026-12-02T17:21:00.000000000,10,BiGRU,pm1,23.0,23.214,-0.214
2026-12-02T17:11:00.000000000,2026-12-02T17:21:00.000000000,10,BiGRU,pm2_5,38.0,36.8523,1.1477
2026-12-02T17:11:00.000000000,2026-12-02T17:21:00.000000000,10,BiGRU,pm10,49.0,47.0417,1.9583
2026-12-02T17:11:00.000000000,2026-12-02T17:21:00.000000000,10,BiGRU,co2,1288.0,1405.0259,-117.0259
2026-12-02T17:11:00.000000000,2026-12-02T17:21:00.000000000,10,BiGRU,voc,100.0,98.5495,1.4505
2026-12-02T17:12:00.000000000,2026-12-02T17:22:00.000000000,10,BiGRU,pm1,23.0,23.2197,-0.2197
2026-12-02T17:12:00.000000000,2026-12-02T17:22:00.000000000,10,BiGRU,pm2_5,38.0,36.8719,1.1281
2026-12-02T17:12:00.000000000,2026-12-02T17:22:00.000000000,10,BiGRU,pm10,48.0,47.1101,0.8899
2026-12-02T17:12:00.000000000,2026-12-02T17:22:00.000000000,10,BiGRU,co2,1292.0,1414.239,-122.239
2026-12-02T17:12:00.000000000,2026-12-02T17:22:00.000000000,10,BiGRU,voc,98.0,95.3184,2.6816
2026-12-02T17:13:00.000000000,2026-12-02T17:23:00.000000000,10,BiGRU,pm1,24.0,23.1939,0.8061
2026-12-02T17:13:00.000000000,2026-12-02T17:23:00.000000000,10,BiGRU,pm2_5,39.0,36.7911,2.2089
2026-12-02T17:13:00.000000000,2026-12-02T17:23:00.000000000,10,BiGRU,pm10,50.0,47.0546,2.9454
2026-12-02T17:13:00.000000000,2026-12-02T17:23:00.000000000,10,BiGRU,co2,1315.0,1413.9132,-98.9132
2026-12-02T17:13:00.000000000,2026-12-02T17:23:00.000000000,10,BiGRU,voc,95.0,93.2804,1.7196
2026-12-02T17:14:00.000000000,2026-12-02T17:24:00.000000000,10,BiGRU,pm1,24.0,23.2344,0.7656
2026-12-02T17:14:00.000000000,2026-12-02T17:24:00.000000000,10,BiGRU,pm2_5,38.0,36.8601,1.1399
2026-12-02T17:14:00.000000000,2026-12-02T17:24:00.000000000,10,BiGRU,pm10,49.0,47.195,1.805
2026-12-02T17:14:00.000000000,2026-12-02T17:24:00.000000000,10,BiGRU,co2,1297.0,1421.8134,-124.8134
2026-12-02T17:14:00.000000000,2026-12-02T17:24:00.000000000,10,BiGRU,voc,90.0,93.3153,-3.3153
2026-12-02T17:15:00.000000000,2026-12-02T17:25:00.000000000,10,BiGRU,pm1,24.0,23.1633,0.8367
2026-12-02T17:15:00.000000000,2026-12-02T17:25:00.000000000,10,BiGRU,pm2_5,38.0,36.7108,1.2892
2026-12-02T17:15:00.000000000,2026-12-02T17:25:00.000000000,10,BiGRU,pm10,50.0,46.9788,3.0212
2026-12-02T17:15:00.000000000,2026-12-02T17:25:00.000000000,10,BiGRU,co2,1303.0,1422.6975,-119.6975
2026-12-02T17:15:00.000000000,2026-12-02T17:25:00.000000000,10,BiGRU,voc,87.0,95.826,-8.826
2026-12-02T17:16:00.000000000,2026-12-02T17:26:00.000000000,10,BiGRU,pm1,24.0,23.2154,0.7846
2026-12-02T17:16:00.000000000,2026-12-02T17:26:00.000000000,10,BiGRU,pm2_5,38.0,36.7943,1.2057
2026-12-02T17:16:00.000000000,2026-12-02T17:26:00.000000000,10,BiGRU,pm10,49.0,47.1888,1.8112
2026-12-02T17:16:00.000000000,2026-12-02T17:26:00.000000000,10,BiGRU,co2,1311.0,1438.7041,-127.7041
2026-12-02T17:16:00.000000000,2026-12-02T17:26:00.000000000,10,BiGRU,voc,84.0,100.0817,-16.0817
2026-12-02T17:17:00.000000000,2026-12-02T17:27:00.000000000,10,BiGRU,pm1,24.0,23.2069,0.7931
2026-12-02T17:17:00.000000000,2026-12-02T17:27:00.000000000,10,BiGRU,pm2_5,38.0,36.7641,1.2359
2026-12-02T17:17:00.000000000,2026-12-02T17:27:00.000000000,10,BiGRU,pm10,48.0,47.1841,0.8159
2026-12-02T17:17:00.000000000,2026-12-02T17:27:00.000000000,10,BiGRU,co2,1266.0,1447.5494,-181.5494
2026-12-02T17:17:00.000000000,2026-12-02T17:27:00.000000000,10,BiGRU,voc,85.0,102.1391,-17.1391
2026-12-02T17:18:00.000000000,2026-12-02T17:28:00.000000000,10,BiGRU,pm1,24.0,23.1941,0.8059
2026-12-02T17:18:00.000000000,2026-12-02T17:28:00.000000000,10,BiGRU,pm2_5,38.0,36.7505,1.2495
2026-12-02T17:18:00.000000000,2026-12-02T17:28:00.000000000,10,BiGRU,pm10,48.0,47.1808,0.8192
2026-12-02T17:18:00.000000000,2026-12-02T17:28:00.000000000,10,BiGRU,co2,1277.0,1459.5481,-182.5481
2026-12-02T17:18:00.000000000,2026-12-02T17:28:00.000000000,10,BiGRU,voc,83.0,102.4518,-19.4518
2026-12-02T17:19:00.000000000,2026-12-02T17:29:00.000000000,10,BiGRU,pm1,24.0,23.1777,0.8223
2026-12-02T17:19:00.000000000,2026-12-02T17:29:00.000000000,10,BiGRU,pm2_5,38.0,36.7124,1.2876
2026-12-02T17:19:00.000000000,2026-12-02T17:29:00.000000000,10,BiGRU,pm10,49.0,47.1455,1.8545
2026-12-02T17:19:00.000000000,2026-12-02T17:29:00.000000000,10,BiGRU,co2,1303.0,1463.9128,-160.9128
2026-12-02T17:19:00.000000000,2026-12-02T17:29:00.000000000,10,BiGRU,voc,80.0,100.4351,-20.4351
2026-12-02T17:20:00.000000000,2026-12-02T17:30:00.000000000,10,BiGRU,pm1,24.0,23.126,0.874
2026-12-02T17:20:00.000000000,2026-12-02T17:30:00.000000000,10,BiGRU,pm2_5,37.0,36.5894,0.4106
2026-12-02T17:20:00.000000000,2026-12-02T17:30:00.000000000,10,BiGRU,pm10,48.0,47.0054,0.9946
2026-12-02T17:20:00.000000000,2026-12-02T17:30:00.000000000,10,BiGRU,co2,1328.0,1462.2985,-134.2985
2026-12-02T17:20:00.000000000,2026-12-02T17:30:00.000000000,10,BiGRU,voc,80.0,100.0365,-20.0365
2026-12-02T17:21:00.000000000,2026-12-02T17:31:00.000000000,10,BiGRU,pm1,24.0,23.0883,0.9117
2026-12-02T17:21:00.000000000,2026-12-02T17:31:00.000000000,10,BiGRU,pm2_5,38.0,36.5235,1.4765
2026-12-02T17:21:00.000000000,2026-12-02T17:31:00.000000000,10,BiGRU,pm10,48.0,46.8982,1.1018
2026-12-02T17:21:00.000000000,2026-12-02T17:31:00.000000000,10,BiGRU,co2,1267.0,1458.1129,-191.1129
2026-12-02T17:21:00.000000000,2026-12-02T17:31:00.000000000,10,BiGRU,voc,79.0,100.302,-21.302
2026-12-02T17:22:00.000000000,2026-12-02T17:32:00.000000000,10,BiGRU,pm1,24.0,23.0383,0.9617
2026-12-02T17:22:00.000000000,2026-12-02T17:32:00.000000000,10,BiGRU,pm2_5,38.0,36.4433,1.5567
2026-12-02T17:22:00.000000000,2026-12-02T17:32:00.000000000,10,BiGRU,pm10,49.0,46.7467,2.2533
2026-12-02T17:22:00.000000000,2026-12-02T17:32:00.000000000,10,BiGRU,co2,1245.0,1459.5778,-214.5778
2026-12-02T17:22:00.000000000,2026-12-02T17:32:00.000000000,10,BiGRU,voc,79.0,100.019,-21.019
2026-12-02T17:23:00.000000000,2026-12-02T17:33:00.000000000,10,BiGRU,pm1,24.0,22.9564,1.0436
2026-12-02T17:23:00.000000000,2026-12-02T17:33:00.000000000,10,BiGRU,pm2_5,38.0,36.2901,1.7099
2026-12-02T17:23:00.000000000,2026-12-02T17:33:00.000000000,10,BiGRU,pm10,49.0,46.5278,2.4722
2026-12-02T17:23:00.000000000,2026-12-02T17:33:00.000000000,10,BiGRU,co2,1258.0,1462.1348,-204.1348
2026-12-02T17:23:00.000000000,2026-12-02T17:33:00.000000000,10,BiGRU,voc,76.0,100.5338,-24.5338
2026-12-02T17:24:00.000000000,2026-12-02T17:34:00.000000000,10,BiGRU,pm1,24.0,23.0588,0.9412
2026-12-02T17:24:00.000000000,2026-12-02T17:34:00.000000000,10,BiGRU,pm2_5,39.0,36.4509,2.5491
2026-12-02T17:24:00.000000000,2026-12-02T17:34:00.000000000,10,BiGRU,pm10,49.0,46.8684,2.1316
2026-12-02T17:24:00.000000000,2026-12-02T17:34:00.000000000,10,BiGRU,co2,1265.0,1482.0382,-217.0382
2026-12-02T17:24:00.000000000,2026-12-02T17:34:00.000000000,10,BiGRU,voc,74.0,103.4224,-29.4224
2026-12-02T17:25:00.000000000,2026-12-02T17:35:00.000000000,10,BiGRU,pm1,24.0,22.9723,1.0277
2026-12-02T17:25:00.000000000,2026-12-02T17:35:00.000000000,10,BiGRU,pm2_5,38.0,36.2645,1.7355
2026-12-02T17:25:00.000000000,2026-12-02T17:35:00.000000000,10,BiGRU,pm10,49.0,46.5691,2.4309
2026-12-02T17:25:00.000000000,2026-12-02T17:35:00.000000000,10,BiGRU,co2,1275.0,1480.8243,-205.8243
2026-12-02T17:25:00.000000000,2026-12-02T17:35:00.000000000,10,BiGRU,voc,73.0,102.5848,-29.5848
2026-12-02T17:26:00.000000000,2026-12-02T17:36:00.000000000,10,BiGRU,pm1,24.0,22.9877,1.0123
2026-12-02T17:26:00.000000000,2026-12-02T17:36:00.000000000,10,BiGRU,pm2_5,39.0,36.2702,2.7298
2026-12-02T17:26:00.000000000,2026-12-02T17:36:00.000000000,10,BiGRU,pm10,50.0,46.5961,3.4039
2026-12-02T17:26:00.000000000,2026-12-02T17:36:00.000000000,10,BiGRU,co2,1276.0,1487.12,-211.12
2026-12-02T17:26:00.000000000,2026-12-02T17:36:00.000000000,10,BiGRU,voc,75.0,103.1539,-28.1539
2026-12-02T17:27:00.000000000,2026-12-02T17:37:00.000000000,10,BiGRU,pm1,24.0,22.9551,1.0449
2026-12-02T17:27:00.000000000,2026-12-02T17:37:00.000000000,10,BiGRU,pm2_5,39.0,36.198,2.802
2026-12-02T17:27:00.000000000,2026-12-02T17:37:00.000000000,10,BiGRU,pm10,49.0,46.5141,2.4859
2026-12-02T17:27:00.000000000,2026-12-02T17:37:00.000000000,10,BiGRU,co2,1271.0,1492.4633,-221.4633
2026-12-02T17:27:00.000000000,2026-12-02T17:37:00.000000000,10,BiGRU,voc,75.0,103.9991,-28.9991
2026-12-02T17:28:00.000000000,2026-12-02T17:38:00.000000000,10,BiGRU,pm1,23.0,22.9171,0.0829
2026-12-02T17:28:00.000000000,2026-12-02T17:38:00.000000000,10,BiGRU,pm2_5,38.0,36.1215,1.8785
2026-12-02T17:28:00.000000000,2026-12-02T17:38:00.000000000,10,BiGRU,pm10,48.0,46.4186,1.5814
2026-12-02T17:28:00.000000000,2026-12-02T17:38:00.000000000,10,BiGRU,co2,1260.0,1497.3915,-237.3915
2026-12-02T17:28:00.000000000,2026-12-02T17:38:00.000000000,10,BiGRU,voc,75.0,105.5809,-30.5809
2026-12-02T17:29:00.000000000,2026-12-02T17:39:00.000000000,10,BiGRU,pm1,24.0,22.8958,1.1042
2026-12-02T17:29:00.000000000,2026-12-02T17:39:00.000000000,10,BiGRU,pm2_5,38.0,36.0582,1.9418
2026-12-02T17:29:00.000000000,2026-12-02T17:39:00.000000000,10,BiGRU,pm10,47.0,46.3456,0.6544
2026-12-02T17:29:00.000000000,2026-12-02T17:39:00.000000000,10,BiGRU,co2,1250.0,1498.9235,-248.9235
2026-12-02T17:29:00.000000000,2026-12-02T17:39:00.000000000,10,BiGRU,voc,74.0,106.0876,-32.0876
2026-12-02T17:30:00.000000000,2026-12-02T17:40:00.000000000,10,BiGRU,pm1,23.0,22.9166,0.0834
2026-12-02T17:30:00.000000000,2026-12-02T17:40:00.000000000,10,BiGRU,pm2_5,36.0,36.1117,-0.1117
2026-12-02T17:30:00.000000000,2026-12-02T17:40:00.000000000,10,BiGRU,pm10,47.0,46.4088,0.5912
2026-12-02T17:30:00.000000000,2026-12-02T17:40:00.000000000,10,BiGRU,co2,1232.0,1506.1924,-274.1924
2026-12-02T17:30:00.000000000,2026-12-02T17:40:00.000000000,10,BiGRU,voc,76.0,104.3639,-28.3639
2026-12-02T17:31:00.000000000,2026-12-02T17:41:00.000000000,10,BiGRU,pm1,22.0,22.8249,-0.8249
2026-12-02T17:31:00.000000000,2026-12-02T17:41:00.000000000,10,BiGRU,pm2_5,36.0,35.9241,0.0759
2026-12-02T17:31:00.000000000,2026-12-02T17:41:00.000000000,10,BiGRU,pm10,46.0,46.1203,-0.1203
2026-12-02T17:31:00.000000000,2026-12-02T17:41:00.000000000,10,BiGRU,co2,1170.0,1496.0853,-326.0853
2026-12-02T17:31:00.000000000,2026-12-02T17:41:00.000000000,10,BiGRU,voc,78.0,103.8706,-25.8706
2026-12-02T17:32:00.000000000,2026-12-02T17:42:00.000000000,10,BiGRU,pm1,21.0,22.8704,-1.8704
2026-12-02T17:32:00.000000000,2026-12-02T17:42:00.000000000,10,BiGRU,pm2_5,35.0,36.0051,-1.0051
2026-12-02T17:32:00.000000000,2026-12-02T17:42:00.000000000,10,BiGRU,pm10,45.0,46.2907,-1.2907
2026-12-02T17:32:00.000000000,2026-12-02T17:42:00.000000000,10,BiGRU,co2,1184.0,1506.4901,-322.4901
2026-12-02T17:32:00.000000000,2026-12-02T17:42:00.000000000,10,BiGRU,voc,79.0,106.3867,-27.3867
2026-12-02T17:33:00.000000000,2026-12-02T17:43:00.000000000,10,BiGRU,pm1,21.0,22.8922,-1.8922
2026-12-02T17:33:00.000000000,2026-12-02T17:43:00.000000000,10,BiGRU,pm2_5,34.0,36.0403,-2.0403
2026-12-02T17:33:00.000000000,2026-12-02T17:43:00.000000000,10,BiGRU,pm10,42.0,46.3412,-4.3412
2026-12-02T17:33:00.000000000,2026-12-02T17:43:00.000000000,10,BiGRU,co2,1215.0,1508.9817,-293.9817
2026-12-02T17:33:00.000000000,2026-12-02T17:43:00.000000000,10,BiGRU,voc,79.0,107.0924,-28.0924
2026-12-02T17:34:00.000000000,2026-12-02T17:44:00.000000000,10,BiGRU,pm1,21.0,22.892,-1.892
2026-12-02T17:34:00.000000000,2026-12-02T17:44:00.000000000,10,BiGRU,pm2_5,33.0,36.0378,-3.0378
2026-12-02T17:34:00.000000000,2026-12-02T17:44:00.000000000,10,BiGRU,pm10,43.0,46.3396,-3.3396
2026-12-02T17:34:00.000000000,2026-12-02T17:44:00.000000000,10,BiGRU,co2,1185.0,1510.7032,-325.7032
2026-12-02T17:34:00.000000000,2026-12-02T17:44:00.000000000,10,BiGRU,voc,76.0,107.2662,-31.2662
2026-12-02T17:35:00.000000000,2026-12-02T17:45:00.000000000,10,BiGRU,pm1,21.0,22.9475,-1.9475
2026-12-02T17:35:00.000000000,2026-12-02T17:45:00.000000000,10,BiGRU,pm2_5,33.0,36.1522,-3.1522
2026-12-02T17:35:00.000000000,2026-12-02T17:45:00.000000000,10,BiGRU,pm10,42.0,46.5426,-4.5426
2026-12-02T17:35:00.000000000,2026-12-02T17:45:00.000000000,10,BiGRU,co2,1137.0,1521.3081,-384.3081
2026-12-02T17:35:00.000000000,2026-12-02T17:45:00.000000000,10,BiGRU,voc,76.0,108.3124,-32.3124
2026-12-02T17:36:00.000000000,2026-12-02T17:46:00.000000000,10,BiGRU,pm1,21.0,22.9092,-1.9092
2026-12-02T17:36:00.000000000,2026-12-02T17:46:00.000000000,10,BiGRU,pm2_5,33.0,36.0612,-3.0612
2026-12-02T17:36:00.000000000,2026-12-02T17:46:00.000000000,10,BiGRU,pm10,42.0,46.374,-4.374
2026-12-02T17:36:00.000000000,2026-12-02T17:46:00.000000000,10,BiGRU,co2,1161.0,1513.873,-352.873
2026-12-02T17:36:00.000000000,2026-12-02T17:46:00.000000000,10,BiGRU,voc,76.0,106.8685,-30.8685
2026-12-02T17:37:00.000000000,2026-12-02T17:47:00.000000000,10,BiGRU,pm1,21.0,23.0272,-2.0272
2026-12-02T17:37:00.000000000,2026-12-02T17:47:00.000000000,10,BiGRU,pm2_5,33.0,36.2525,-3.2525
2026-12-02T17:37:00.000000000,2026-12-02T17:47:00.000000000,10,BiGRU,pm10,42.0,46.725,-4.725
2026-12-02T17:37:00.000000000,2026-12-02T17:47:00.000000000,10,BiGRU,co2,1108.0,1526.5854,-418.5854
2026-12-02T17:37:00.000000000,2026-12-02T17:47:00.000000000,10,BiGRU,voc,72.0,108.7941,-36.7941
2026-12-02T17:38:00.000000000,2026-12-02T17:48:00.000000000,10,BiGRU,pm1,21.0,23.021,-2.021
2026-12-02T17:38:00.000000000,2026-12-02T17:48:00.000000000,10,BiGRU,pm2_5,32.0,36.2592,-4.2592
2026-12-02T17:38:00.000000000,2026-12-02T17:48:00.000000000,10,BiGRU,pm10,41.0,46.7328,-5.7328
2026-12-02T17:38:00.000000000,2026-12-02T17:48:00.000000000,10,BiGRU,co2,1112.0,1528.3282,-416.3282
2026-12-02T17:38:00.000000000,2026-12-02T17:48:00.000000000,10,BiGRU,voc,71.0,109.4663,-38.4663
2026-12-02T17:39:00.000000000,2026-12-02T17:49:00.000000000,10,BiGRU,pm1,20.0,22.886,-2.886
2026-12-02T17:39:00.000000000,2026-12-02T17:49:00.000000000,10,BiGRU,pm2_5,33.0,36.0397,-3.0397
2026-12-02T17:39:00.000000000,2026-12-02T17:49:00.000000000,10,BiGRU,pm10,41.0,46.3174,-5.3174
2026-12-02T17:39:00.000000000,2026-12-02T17:49:00.000000000,10,BiGRU,co2,1092.0,1509.4208,-417.4208
2026-12-02T17:39:00.000000000,2026-12-02T17:49:00.000000000,10,BiGRU,voc,68.0,109.2116,-41.2116
2026-12-02T17:40:00.000000000,2026-12-02T17:50:00.000000000,10,BiGRU,pm1,21.0,22.9029,-1.9029
2026-12-02T17:40:00.000000000,2026-12-02T17:50:00.000000000,10,BiGRU,pm2_5,33.0,36.0549,-3.0549
2026-12-02T17:40:00.000000000,2026-12-02T17:50:00.000000000,10,BiGRU,pm10,42.0,46.384,-4.384
2026-12-02T17:40:00.000000000,2026-12-02T17:50:00.000000000,10,BiGRU,co2,1047.0,1517.275,-470.275
2026-12-02T17:40:00.000000000,2026-12-02T17:50:00.000000000,10,BiGRU,voc,67.0,111.0003,-44.0003
2026-12-02T17:41:00.000000000,2026-12-02T17:51:00.000000000,10,BiGRU,pm1,21.0,22.7521,-1.7521
2026-12-02T17:41:00.000000000,2026-12-02T17:51:00.000000000,10,BiGRU,pm2_5,33.0,35.7694,-2.7694
2026-12-02T17:41:00.000000000,2026-12-02T17:51:00.000000000,10,BiGRU,pm10,42.0,45.8559,-3.8559
2026-12-02T17:41:00.000000000,2026-12-02T17:51:00.000000000,10,BiGRU,co2,1039.0,1499.0607,-460.0607
2026-12-02T17:41:00.000000000,2026-12-02T17:51:00.000000000,10,BiGRU,voc,65.0,108.8085,-43.8085
2026-12-02T17:42:00.000000000,2026-12-02T17:52:00.000000000,10,BiGRU,pm1,20.0,22.6245,-2.6245
2026-12-02T17:42:00.000000000,2026-12-02T17:52:00.000000000,10,BiGRU,pm2_5,33.0,35.5489,-2.5489
2026-12-02T17:42:00.000000000,2026-12-02T17:52:00.000000000,10,BiGRU,pm10,41.0,45.4707,-4.4707
2026-12-02T17:42:00.000000000,2026-12-02T17:52:00.000000000,10,BiGRU,co2,1070.0,1489.9651,-419.9651
2026-12-02T17:42:00.000000000,2026-12-02T17:52:00.000000000,10,BiGRU,voc,66.0,107.8428,-41.8428
2026-12-02T17:43:00.000000000,2026-12-02T17:53:00.000000000,10,BiGRU,pm1,22.0,22.4047,-0.4047
2026-12-02T17:43:00.000000000,2026-12-02T17:53:00.000000000,10,BiGRU,pm2_5,35.0,35.1431,-0.1431
2026-12-02T17:43:00.000000000,2026-12-02T17:53:00.000000000,10,BiGRU,pm10,44.0,44.775,-0.775
2026-12-02T17:43:00.000000000,2026-12-02T17:53:00.000000000,10,BiGRU,co2,1044.0,1469.5507,-425.5507
2026-12-02T17:43:00.000000000,2026-12-02T17:53:00.000000000,10,BiGRU,voc,67.0,104.2882,-37.2882
2026-12-02T17:44:00.000000000,2026-12-02T17:54:00.000000000,10,BiGRU,pm1,22.0,22.1312,-0.1312
2026-12-02T17:44:00.000000000,2026-12-02T17:54:00.000000000,10,BiGRU,pm2_5,34.0,34.5803,-0.5803
2026-12-02T17:44:00.000000000,2026-12-02T17:54:00.000000000,10,BiGRU,pm10,43.0,43.8823,-0.8823
2026-12-02T17:44:00.000000000,2026-12-02T17:54:00.000000000,10,BiGRU,co2,1047.0,1446.2296,-399.2296
2026-12-02T17:44:00.000000000,2026-12-02T17:54:00.000000000,10,BiGRU,voc,65.0,101.9394,-36.9394
2026-12-02T17:45:00.000000000,2026-12-02T17:55:00.000000000,10,BiGRU,pm1,21.0,21.9197,-0.9197
2026-12-02T17:45:00.000000000,2026-12-02T17:55:00.000000000,10,BiGRU,pm2_5,34.0,34.1232,-0.1232
2026-12-02T17:45:00.000000000,2026-12-02T17:55:00.000000000,10,BiGRU,pm10,43.0,43.0821,-0.0821
2026-12-02T17:45:00.000000000,2026-12-02T17:55:00.000000000,10,BiGRU,co2,1077.0,1423.3115,-346.3115
2026-12-02T17:45:00.000000000,2026-12-02T17:55:00.000000000,10,BiGRU,voc,64.0,98.6326,-34.6326
2026-12-02T17:46:00.000000000,2026-12-02T17:56:00.000000000,10,BiGRU,pm1,21.0,21.6762,-0.6762
2026-12-02T17:46:00.000000000,2026-12-02T17:56:00.000000000,10,BiGRU,pm2_5,34.0,33.6206,0.3794
2026-12-02T17:46:00.000000000,2026-12-02T17:56:00.000000000,10,BiGRU,pm10,43.0,42.2177,0.7823
2026-12-02T17:46:00.000000000,2026-12-02T17:56:00.000000000,10,BiGRU,co2,1054.0,1407.1052,-353.1052
2026-12-02T17:46:00.000000000,2026-12-02T17:56:00.000000000,10,BiGRU,voc,65.0,94.0453,-29.0453
2026-12-02T17:47:00.000000000,2026-12-02T17:57:00.000000000,10,BiGRU,pm1,21.0,21.4546,-0.4546
2026-12-02T17:47:00.000000000,2026-12-02T17:57:00.000000000,10,BiGRU,pm2_5,34.0,33.062,0.938
2026-12-02T17:47:00.000000000,2026-12-02T17:57:00.000000000,10,BiGRU,pm10,43.0,41.2869,1.7131
2026-12-02T17:47:00.000000000,2026-12-02T17:57:00.000000000,10,BiGRU,co2,1036.0,1382.6504,-346.6504
2026-12-02T17:47:00.000000000,2026-12-02T17:57:00.000000000,10,BiGRU,voc,65.0,90.8001,-25.8001
2026-12-02T17:48:00.000000000,2026-12-02T17:58:00.000000000,10,BiGRU,pm1,20.0,21.2503,-1.2503
2026-12-02T17:48:00.000000000,2026-12-02T17:58:00.000000000,10,BiGRU,pm2_5,34.0,32.5056,1.4944
2026-12-02T17:48:00.000000000,2026-12-02T17:58:00.000000000,10,BiGRU,pm10,42.0,40.3491,1.6509
2026-12-02T17:48:00.000000000,2026-12-02T17:58:00.000000000,10,BiGRU,co2,1065.0,1362.4794,-297.4794
2026-12-02T17:48:00.000000000,2026-12-02T17:58:00.000000000,10,BiGRU,voc,65.0,86.1491,-21.1491
2026-12-02T17:49:00.000000000,2026-12-02T17:59:00.000000000,10,BiGRU,pm1,21.0,20.9696,0.0304
2026-12-02T17:49:00.000000000,2026-12-02T17:59:00.000000000,10,BiGRU,pm2_5,33.0,31.8415,1.1585
2026-12-02T17:49:00.000000000,2026-12-02T17:59:00.000000000,10,BiGRU,pm10,43.0,39.2838,3.7162
2026-12-02T17:49:00.000000000,2026-12-02T17:59:00.000000000,10,BiGRU,co2,1073.0,1335.5586,-262.5586
2026-12-02T17:49:00.000000000,2026-12-02T17:59:00.000000000,10,BiGRU,voc,68.0,81.4893,-13.4893
2026-12-02T17:50:00.000000000,2026-12-02T18:00:00.000000000,10,BiGRU,pm1,21.0,20.7503,0.2497
2026-12-02T17:50:00.000000000,2026-12-02T18:00:00.000000000,10,BiGRU,pm2_5,32.0,31.3746,0.6254
2026-12-02T17:50:00.000000000,2026-12-02T18:00:00.000000000,10,BiGRU,pm10,41.0,38.4745,2.5255
2026-12-02T17:50:00.000000000,2026-12-02T18:00:00.000000000,10,BiGRU,co2,1078.0,1313.679,-235.679
2026-12-02T17:50:00.000000000,2026-12-02T18:00:00.000000000,10,BiGRU,voc,72.0,77.5317,-5.5317
2026-12-02T17:51:00.000000000,2026-12-02T18:01:00.000000000,10,BiGRU,pm1,21.0,20.6484,0.3516
2026-12-02T17:51:00.000000000,2026-12-02T18:01:00.000000000,10,BiGRU,pm2_5,34.0,31.1414,2.8586
2026-12-02T17:51:00.000000000,2026-12-02T18:01:00.000000000,10,BiGRU,pm10,42.0,37.9584,4.0416
2026-12-02T17:51:00.000000000,2026-12-02T18:01:00.000000000,10,BiGRU,co2,1098.0,1301.2399,-203.2399
2026-12-02T17:51:00.000000000,2026-12-02T18:01:00.000000000,10,BiGRU,voc,71.0,72.1949,-1.1949
2026-12-02T17:52:00.000000000,2026-12-02T18:02:00.000000000,10,BiGRU,pm1,21.0,20.5034,0.4966
2026-12-02T17:52:00.000000000,2026-12-02T18:02:00.000000000,10,BiGRU,pm2_5,33.0,30.9018,2.0982
2026-12-02T17:52:00.000000000,2026-12-02T18:02:00.000000000,10,BiGRU,pm10,42.0,37.3521,4.6479
2026-12-02T17:52:00.000000000,2026-12-02T18:02:00.000000000,10,BiGRU,co2,1109.0,1273.9081,-164.9081
2026-12-02T17:52:00.000000000,2026-12-02T18:02:00.000000000,10,BiGRU,voc,71.0,67.1904,3.8096
2026-12-02T17:53:00.000000000,2026-12-02T18:03:00.000000000,10,BiGRU,pm1,20.0,20.4329,-0.4329
2026-12-02T17:53:00.000000000,2026-12-02T18:03:00.000000000,10,BiGRU,pm2_5,32.0,30.8537,1.1463
2026-12-02T17:53:00.000000000,2026-12-02T18:03:00.000000000,10,BiGRU,pm10,39.0,36.9919,2.0081
2026-12-02T17:53:00.000000000,2026-12-02T18:03:00.000000000,10,BiGRU,co2,1117.0,1254.822,-137.822
2026-12-02T17:53:00.000000000,2026-12-02T18:03:00.000000000,10,BiGRU,voc,73.0,61.7444,11.2556
2026-12-02T17:54:00.000000000,2026-12-02T18:04:00.000000000,10,BiGRU,pm1,21.0,20.8808,0.1192
2026-12-02T17:54:00.000000000,2026-12-02T18:04:00.000000000,10,BiGRU,pm2_5,32.0,31.6276,0.3724
2026-12-02T17:54:00.000000000,2026-12-02T18:04:00.000000000,10,BiGRU,pm10,41.0,38.3015,2.6985
2026-12-02T17:54:00.000000000,2026-12-02T18:04:00.000000000,10,BiGRU,co2,1127.0,1285.2526,-158.2526
2026-12-02T17:54:00.000000000,2026-12-02T18:04:00.000000000,10,BiGRU,voc,74.0,61.2838,12.7162
2026-12-02T17:55:00.000000000,2026-12-02T18:05:00.000000000,10,BiGRU,pm1,20.0,20.9229,-0.9229
2026-12-02T17:55:00.000000000,2026-12-02T18:05:00.000000000,10,BiGRU,pm2_5,33.0,31.82,1.18
2026-12-02T17:55:00.000000000,2026-12-02T18:05:00.000000000,10,BiGRU,pm10,41.0,38.3842,2.6158
2026-12-02T17:55:00.000000000,2026-12-02T18:05:00.000000000,10,BiGRU,co2,1117.0,1271.7413,-154.7413
2026-12-02T17:55:00.000000000,2026-12-02T18:05:00.000000000,10,BiGRU,voc,73.0,57.4842,15.5158
2026-12-02T17:56:00.000000000,2026-12-02T18:06:00.000000000,10,BiGRU,pm1,20.0,21.1718,-1.1718
2026-12-02T17:56:00.000000000,2026-12-02T18:06:00.000000000,10,BiGRU,pm2_5,33.0,32.2549,0.7451
2026-12-02T17:56:00.000000000,2026-12-02T18:06:00.000000000,10,BiGRU,pm10,42.0,38.9319,3.0681
2026-12-02T17:56:00.000000000,2026-12-02T18:06:00.000000000,10,BiGRU,co2,1066.0,1282.5875,-216.5875
2026-12-02T17:56:00.000000000,2026-12-02T18:06:00.000000000,10,BiGRU,voc,75.0,53.0431,21.9569
2026-12-02T17:57:00.000000000,2026-12-02T18:07:00.000000000,10,BiGRU,pm1,21.0,21.3778,-0.3778
2026-12-02T17:57:00.000000000,2026-12-02T18:07:00.000000000,10,BiGRU,pm2_5,32.0,32.6708,-0.6708
2026-12-02T17:57:00.000000000,2026-12-02T18:07:00.000000000,10,BiGRU,pm10,40.0,39.5186,0.4814
2026-12-02T17:57:00.000000000,2026-12-02T18:07:00.000000000,10,BiGRU,co2,1051.0,1290.4321,-239.4321
2026-12-02T17:57:00.000000000,2026-12-02T18:07:00.000000000,10,BiGRU,voc,74.0,50.9822,23.0178
2026-12-02T17:58:00.000000000,2026-12-02T18:08:00.000000000,10,BiGRU,pm1,21.0,21.5842,-0.5842
2026-12-02T17:58:00.000000000,2026-12-02T18:08:00.000000000,10,BiGRU,pm2_5,34.0,33.0972,0.9028
2026-12-02T17:58:00.000000000,2026-12-02T18:08:00.000000000,10,BiGRU,pm10,42.0,40.1192,1.8808
2026-12-02T17:58:00.000000000,2026-12-02T18:08:00.000000000,10,BiGRU,co2,1048.0,1303.7233,-255.7233
2026-12-02T17:58:00.000000000,2026-12-02T18:08:00.000000000,10,BiGRU,voc,70.0,48.9493,21.0507
2026-12-02T17:59:00.000000000,2026-12-02T18:09:00.000000000,10,BiGRU,pm1,21.0,21.6529,-0.6529
2026-12-02T17:59:00.000000000,2026-12-02T18:09:00.000000000,10,BiGRU,pm2_5,34.0,33.3348,0.6652
2026-12-02T17:59:00.000000000,2026-12-02T18:09:00.000000000,10,BiGRU,pm10,41.0,40.3203,0.6797
2026-12-02T17:59:00.000000000,2026-12-02T18:09:00.000000000,10,BiGRU,co2,1034.0,1305.8754,-271.8754
2026-12-02T17:59:00.000000000,2026-12-02T18:09:00.000000000,10,BiGRU,voc,68.0,45.7945,22.2055
2026-12-02T18:00:00.000000000,2026-12-02T18:10:00.000000000,10,BiGRU,pm1,21.0,21.7243,-0.7243
2026-12-02T18:00:00.000000000,2026-12-02T18:10:00.000000000,10,BiGRU,pm2_5,34.0,33.4624,0.5376
2026-12-02T18:00:00.000000000,2026-12-02T18:10:00.000000000,10,BiGRU,pm10,42.0,40.4385,1.5615
2026-12-02T18:00:00.000000000,2026-12-02T18:10:00.000000000,10,BiGRU,co2,1029.0,1304.8805,-275.8805
2026-12-02T18:00:00.000000000,2026-12-02T18:10:00.000000000,10,BiGRU,voc,71.0,46.2815,24.7185
2026-12-02T13:15:00.000000000,2026-12-02T13:27:00.000000000,10,BiLSTM,pm1,16.0,15.8888,0.1112
2026-12-02T13:15:00.000000000,2026-12-02T13:27:00.000000000,10,BiLSTM,pm2_5,26.0,23.2619,2.7381
2026-12-02T13:15:00.000000000,2026-12-02T13:27:00.000000000,10,BiLSTM,pm10,32.0,27.1242,4.8758
2026-12-02T13:15:00.000000000,2026-12-02T13:27:00.000000000,10,BiLSTM,co2,2790.0,2433.1135,356.8865
2026-12-02T13:15:00.000000000,2026-12-02T13:27:00.000000000,10,BiLSTM,voc,114.0,140.1738,-26.1738
2026-12-02T13:16:00.000000000,2026-12-02T13:28:00.000000000,10,BiLSTM,pm1,17.0,15.9795,1.0205
2026-12-02T13:16:00.000000000,2026-12-02T13:28:00.000000000,10,BiLSTM,pm2_5,27.0,23.4678,3.5322
2026-12-02T13:16:00.000000000,2026-12-02T13:28:00.000000000,10,BiLSTM,pm10,31.0,27.4915,3.5085
2026-12-02T13:16:00.000000000,2026-12-02T13:28:00.000000000,10,BiLSTM,co2,2707.0,2431.9683,275.0317
2026-12-02T13:16:00.000000000,2026-12-02T13:28:00.000000000,10,BiLSTM,voc,110.0,137.1347,-27.1347
2026-12-02T13:17:00.000000000,2026-12-02T13:29:00.000000000,10,BiLSTM,pm1,17.0,16.0023,0.9977
2026-12-02T13:17:00.000000000,2026-12-02T13:29:00.000000000,10,BiLSTM,pm2_5,26.0,23.5668,2.4332
2026-12-02T13:17:00.000000000,2026-12-02T13:29:00.000000000,10,BiLSTM,pm10,31.0,27.7088,3.2912
2026-12-02T13:17:00.000000000,2026-12-02T13:29:00.000000000,10,BiLSTM,co2,2777.0,2422.7944,354.2056
2026-12-02T13:17:00.000000000,2026-12-02T13:29:00.000000000,10,BiLSTM,voc,113.0,136.4702,-23.4703
2026-12-02T13:18:00.000000000,2026-12-02T13:30:00.000000000,10,BiLSTM,pm1,16.0,16.108,-0.108
2026-12-02T13:18:00.000000000,2026-12-02T13:30:00.000000000,10,BiLSTM,pm2_5,26.0,23.828,2.172
2026-12-02T13:18:00.000000000,2026-12-02T13:30:00.000000000,10,BiLSTM,pm10,31.0,28.1008,2.8992
2026-12-02T13:18:00.000000000,2026-12-02T13:30:00.000000000,10,BiLSTM,co2,2766.0,2414.0063,351.9937
2026-12-02T13:18:00.000000000,2026-12-02T13:30:00.000000000,10,BiLSTM,voc,108.0,133.8034,-25.8034
2026-12-02T13:19:00.000000000,2026-12-02T13:31:00.000000000,10,BiLSTM,pm1,16.0,16.2901,-0.2901
2026-12-02T13:19:00.000000000,2026-12-02T13:31:00.000000000,10,BiLSTM,pm2_5,26.0,24.3155,1.6845
2026-12-02T13:19:00.000000000,2026-12-02T13:31:00.000000000,10,BiLSTM,pm10,30.0,28.8256,1.1744
2026-12-02T13:19:00.000000000,2026-12-02T13:31:00.000000000,10,BiLSTM,co2,2705.0,2414.2266,290.7734
2026-12-02T13:19:00.000000000,2026-12-02T13:31:00.000000000,10,BiLSTM,voc,108.0,129.0026,-21.0026
2026-12-02T13:21:00.000000000,2026-12-02T13:32:00.000000000,10,BiLSTM,pm1,16.0,16.3023,-0.3023
2026-12-02T13:21:00.000000000,2026-12-02T13:32:00.000000000,10,BiLSTM,pm2_5,25.0,24.3827,0.6173
2026-12-02T13:21:00.000000000,2026-12-02T13:32:00.000000000,10,BiLSTM,pm10,32.0,28.9414,3.0586
2026-12-02T13:21:00.000000000,2026-12-02T13:32:00.000000000,10,BiLSTM,co2,2767.0,2403.4509,363.5491
2026-12-02T13:21:00.000000000,2026-12-02T13:32:00.000000000,10,BiLSTM,voc,107.0,128.3694,-21.3694
2026-12-02T13:22:00.000000000,2026-12-02T13:33:00.000000000,10,BiLSTM,pm1,17.0,16.3129,0.6871
2026-12-02T13:22:00.000000000,2026-12-02T13:33:00.000000000,10,BiLSTM,pm2_5,25.0,24.4418,0.5582
2026-12-02T13:22:00.000000000,2026-12-02T13:33:00.000000000,10,BiLSTM,pm10,33.0,29.0096,3.9904
2026-12-02T13:22:00.000000000,2026-12-02T13:33:00.000000000,10,BiLSTM,co2,2759.0,2389.6333,369.3667
2026-12-02T13:22:00.000000000,2026-12-02T13:33:00.000000000,10,BiLSTM,voc,114.0,126.8151,-12.8151
2026-12-02T13:24:00.000000000,2026-12-02T13:34:00.000000000,10,BiLSTM,pm1,16.0,16.27,-0.27
2026-12-02T13:24:00.000000000,2026-12-02T13:34:00.000000000,10,BiLSTM,pm2_5,25.0,24.4031,0.5969
2026-12-02T13:24:00.000000000,2026-12-02T13:34:00.000000000,10,BiLSTM,pm10,30.0,28.9833,1.0167
2026-12-02T13:24:00.000000000,2026-12-02T13:34:00.000000000,10,BiLSTM,co2,2702.0,2373.6765,328.3235
2026-12-02T13:24:00.000000000,2026-12-02T13:34:00.000000000,10,BiLSTM,voc,106.0,124.3309,-18.3309
2026-12-02T13:25:00.000000000,2026-12-02T13:35:00.000000000,10,BiLSTM,pm1,15.0,16.3688,-1.3688
2026-12-02T13:25:00.000000000,2026-12-02T13:35:00.000000000,10,BiLSTM,pm2_5,24.0,24.6548,-0.6548
2026-12-02T13:25:00.000000000,2026-12-02T13:35:00.000000000,10,BiLSTM,pm10,29.0,29.3234,-0.3234
2026-12-02T13:25:00.000000000,2026-12-02T13:35:00.000000000,10,BiLSTM,co2,2611.0,2365.0173,245.9827
2026-12-02T13:25:00.000000000,2026-12-02T13:35:00.000000000,10,BiLSTM,voc,106.0,122.5797,-16.5797
2026-12-02T13:26:00.000000000,2026-12-02T13:36:00.000000000,10,BiLSTM,pm1,16.0,16.374,-0.374
2026-12-02T13:26:00.000000000,2026-12-02T13:36:00.000000000,10,BiLSTM,pm2_5,25.0,24.7258,0.2742
2026-12-02T13:26:00.000000000,2026-12-02T13:36:00.000000000,10,BiLSTM,pm10,30.0,29.4333,0.5667
2026-12-02T13:26:00.000000000,2026-12-02T13:36:00.000000000,10,BiLSTM,co2,2684.0,2353.7349,330.2651
2026-12-02T13:26:00.000000000,2026-12-02T13:36:00.000000000,10,BiLSTM,voc,105.0,122.8678,-17.8678
2026-12-02T13:27:00.000000000,2026-12-02T13:37:00.000000000,10,BiLSTM,pm1,15.0,16.5855,-1.5855
2026-12-02T13:27:00.000000000,2026-12-02T13:37:00.000000000,10,BiLSTM,pm2_5,25.0,25.2318,-0.2318
2026-12-02T13:27:00.000000000,2026-12-02T13:37:00.000000000,10,BiLSTM,pm10,29.0,30.1406,-1.1406
2026-12-02T13:27:00.000000000,2026-12-02T13:37:00.000000000,10,BiLSTM,co2,2639.0,2349.3328,289.6672
2026-12-02T13:27:00.000000000,2026-12-02T13:37:00.000000000,10,BiLSTM,voc,106.0,117.0282,-11.0282
2026-12-02T13:28:00.000000000,2026-12-02T13:38:00.000000000,10,BiLSTM,pm1,16.0,16.616,-0.616
2026-12-02T13:28:00.000000000,2026-12-02T13:38:00.000000000,10,BiLSTM,pm2_5,25.0,25.3689,-0.3689
2026-12-02T13:28:00.000000000,2026-12-02T13:38:00.000000000,10,BiLSTM,pm10,31.0,30.3495,0.6505
2026-12-02T13:28:00.000000000,2026-12-02T13:38:00.000000000,10,BiLSTM,co2,2605.0,2338.4438,266.5562
2026-12-02T13:28:00.000000000,2026-12-02T13:38:00.000000000,10,BiLSTM,voc,106.0,115.377,-9.377
2026-12-02T13:29:00.000000000,2026-12-02T13:39:00.000000000,10,BiLSTM,pm1,15.0,16.7335,-1.7335
2026-12-02T13:29:00.000000000,2026-12-02T13:39:00.000000000,10,BiLSTM,pm2_5,25.0,25.686,-0.686
2026-12-02T13:29:00.000000000,2026-12-02T13:39:00.000000000,10,BiLSTM,pm10,30.0,30.764,-0.764
2026-12-02T13:29:00.000000000,2026-12-02T13:39:00.000000000,10,BiLSTM,co2,2602.0,2325.0168,276.9832
2026-12-02T13:29:00.000000000,2026-12-02T13:39:00.000000000,10,BiLSTM,voc,106.0,111.7784,-5.7784
2026-12-02T13:30:00.000000000,2026-12-02T13:40:00.000000000,10,BiLSTM,pm1,15.0,16.6824,-1.6824
2026-12-02T13:30:00.000000000,2026-12-02T13:40:00.000000000,10,BiLSTM,pm2_5,25.0,25.6426,-0.6426
2026-12-02T13:30:00.000000000,2026-12-02T13:40:00.000000000,10,BiLSTM,pm10,28.0,30.6357,-2.6357
2026-12-02T13:30:00.000000000,2026-12-02T13:40:00.000000000,10,BiLSTM,co2,2607.0,2302.0593,304.9407
2026-12-02T13:30:00.000000000,2026-12-02T13:40:00.000000000,10,BiLSTM,voc,104.0,111.2112,-7.2112
2026-12-02T13:31:00.000000000,2026-12-02T13:41:00.000000000,10,BiLSTM,pm1,16.0,16.6636,-0.6636
2026-12-02T13:31:00.000000000,2026-12-02T13:41:00.000000000,10,BiLSTM,pm2_5,25.0,25.6389,-0.6389
2026-12-02T13:31:00.000000000,2026-12-02T13:41:00.000000000,10,BiLSTM,pm10,27.0,30.6315,-3.6315
2026-12-02T13:31:00.000000000,2026-12-02T13:41:00.000000000,10,BiLSTM,co2,2541.0,2292.1418,248.8582
2026-12-02T13:31:00.000000000,2026-12-02T13:41:00.000000000,10,BiLSTM,voc,102.0,111.5904,-9.5904
2026-12-02T13:32:00.000000000,2026-12-02T13:42:00.000000000,10,BiLSTM,pm1,16.0,16.6215,-0.6215
2026-12-02T13:32:00.000000000,2026-12-02T13:42:00.000000000,10,BiLSTM,pm2_5,25.0,25.6145,-0.6145
2026-12-02T13:32:00.000000000,2026-12-02T13:42:00.000000000,10,BiLSTM,pm10,29.0,30.5475,-1.5475
2026-12-02T13:32:00.000000000,2026-12-02T13:42:00.000000000,10,BiLSTM,co2,2507.0,2277.4084,229.5916
2026-12-02T13:32:00.000000000,2026-12-02T13:42:00.000000000,10,BiLSTM,voc,100.0,111.2247,-11.2247
2026-12-02T13:33:00.000000000,2026-12-02T13:43:00.000000000,10,BiLSTM,pm1,15.0,16.5813,-1.5813
2026-12-02T13:33:00.000000000,2026-12-02T13:43:00.000000000,10,BiLSTM,pm2_5,24.0,25.5298,-1.5298
2026-12-02T13:33:00.000000000,2026-12-02T13:43:00.000000000,10,BiLSTM,pm10,29.0,30.4067,-1.4067
2026-12-02T13:33:00.000000000,2026-12-02T13:43:00.000000000,10,BiLSTM,co2,2581.0,2269.5825,311.4175
2026-12-02T13:33:00.000000000,2026-12-02T13:43:00.000000000,10,BiLSTM,voc,101.0,110.9571,-9.9571
2026-12-02T13:34:00.000000000,2026-12-02T13:44:00.000000000,10,BiLSTM,pm1,15.0,16.685,-1.685
2026-12-02T13:34:00.000000000,2026-12-02T13:44:00.000000000,10,BiLSTM,pm2_5,25.0,25.7256,-0.7256
2026-12-02T13:34:00.000000000,2026-12-02T13:44:00.000000000,10,BiLSTM,pm10,30.0,30.6647,-0.6647
2026-12-02T13:34:00.000000000,2026-12-02T13:44:00.000000000,10,BiLSTM,co2,2569.0,2274.6782,294.3218
2026-12-02T13:34:00.000000000,2026-12-02T13:44:00.000000000,10,BiLSTM,voc,100.0,109.6136,-9.6136
2026-12-02T13:35:00.000000000,2026-12-02T13:45:00.000000000,10,BiLSTM,pm1,16.0,16.5601,-0.5601
2026-12-02T13:35:00.000000000,2026-12-02T13:45:00.000000000,10,BiLSTM,pm2_5,25.0,25.4982,-0.4982
2026-12-02T13:35:00.000000000,2026-12-02T13:45:00.000000000,10,BiLSTM,pm10,30.0,30.3328,-0.3328
2026-12-02T13:35:00.000000000,2026-12-02T13:45:00.000000000,10,BiLSTM,co2,2532.0,2259.897,272.103
2026-12-02T13:35:00.000000000,2026-12-02T13:45:00.000000000,10,BiLSTM,voc,97.0,111.789,-14.789
2026-12-02T13:36:00.000000000,2026-12-02T13:46:00.000000000,10,BiLSTM,pm1,17.0,16.3902,0.6098
2026-12-02T13:36:00.000000000,2026-12-02T13:46:00.000000000,10,BiLSTM,pm2_5,25.0,25.1386,-0.1386
2026-12-02T13:36:00.000000000,2026-12-02T13:46:00.000000000,10,BiLSTM,pm10,31.0,29.8245,1.1755
2026-12-02T13:36:00.000000000,2026-12-02T13:46:00.000000000,10,BiLSTM,co2,2442.0,2237.1494,204.8506
2026-12-02T13:36:00.000000000,2026-12-02T13:46:00.000000000,10,BiLSTM,voc,96.0,114.0679,-18.0679
2026-12-02T13:37:00.000000000,2026-12-02T13:47:00.000000000,10,BiLSTM,pm1,16.0,16.5822,-0.5822
2026-12-02T13:37:00.000000000,2026-12-02T13:47:00.000000000,10,BiLSTM,pm2_5,25.0,25.5325,-0.5325
2026-12-02T13:37:00.000000000,2026-12-02T13:47:00.000000000,10,BiLSTM,pm10,31.0,30.4258,0.5742
2026-12-02T13:37:00.000000000,2026-12-02T13:47:00.000000000,10,BiLSTM,co2,2421.0,2249.1807,171.8193
2026-12-02T13:37:00.000000000,2026-12-02T13:47:00.000000000,10,BiLSTM,voc,95.0,110.4328,-15.4328
2026-12-02T13:38:00.000000000,2026-12-02T13:48:00.000000000,10,BiLSTM,pm1,17.0,16.6043,0.3957
2026-12-02T13:38:00.000000000,2026-12-02T13:48:00.000000000,10,BiLSTM,pm2_5,25.0,25.5964,-0.5964
2026-12-02T13:38:00.000000000,2026-12-02T13:48:00.000000000,10,BiLSTM,pm10,31.0,30.5319,0.4681
2026-12-02T13:38:00.000000000,2026-12-02T13:48:00.000000000,10,BiLSTM,co2,2463.0,2247.9351,215.0649
2026-12-02T13:38:00.000000000,2026-12-02T13:48:00.000000000,10,BiLSTM,voc,96.0,110.908,-14.908
2026-12-02T13:39:00.000000000,2026-12-02T13:49:00.000000000,10,BiLSTM,pm1,16.0,16.7989,-0.7989
2026-12-02T13:39:00.000000000,2026-12-02T13:49:00.000000000,10,BiLSTM,pm2_5,25.0,25.9887,-0.9887
2026-12-02T13:39:00.000000000,2026-12-02T13:49:00.000000000,10,BiLSTM,pm10,29.0,31.1314,-2.1314
2026-12-02T13:39:00.000000000,2026-12-02T13:49:00.000000000,10,BiLSTM,co2,2443.0,2258.9788,184.0212
2026-12-02T13:39:00.000000000,2026-12-02T13:49:00.000000000,10,BiLSTM,voc,93.0,108.0759,-15.076
2026-12-02T13:40:00.000000000,2026-12-02T13:50:00.000000000,10,BiLSTM,pm1,17.0,16.7353,0.2647
2026-12-02T13:40:00.000000000,2026-12-02T13:50:00.000000000,10,BiLSTM,pm2_5,25.0,25.9031,-0.9031
2026-12-02T13:40:00.000000000,2026-12-02T13:50:00.000000000,10,BiLSTM,pm10,30.0,31.0427,-1.0427
2026-12-02T13:40:00.000000000,2026-12-02T13:50:00.000000000,10,BiLSTM,co2,2403.0,2247.4297,155.5703
2026-12-02T13:40:00.000000000,2026-12-02T13:50:00.000000000,10,BiLSTM,voc,96.0,109.3102,-13.3102
2026-12-02T13:41:00.000000000,2026-12-02T13:51:00.000000000,10,BiLSTM,pm1,16.0,16.7291,-0.7291
2026-12-02T13:41:00.000000000,2026-12-02T13:51:00.000000000,10,BiLSTM,pm2_5,25.0,25.8669,-0.8669
2026-12-02T13:41:00.000000000,2026-12-02T13:51:00.000000000,10,BiLSTM,pm10,32.0,31.0001,0.9999
2026-12-02T13:41:00.000000000,2026-12-02T13:51:00.000000000,10,BiLSTM,co2,2392.0,2237.8118,154.1882
2026-12-02T13:41:00.000000000,2026-12-02T13:51:00.000000000,10,BiLSTM,voc,93.0,109.3068,-16.3068
2026-12-02T13:42:00.000000000,2026-12-02T13:52:00.000000000,10,BiLSTM,pm1,17.0,16.6826,0.3174
2026-12-02T13:42:00.000000000,2026-12-02T13:52:00.000000000,10,BiLSTM,pm2_5,26.0,25.7897,0.2103
2026-12-02T13:42:00.000000000,2026-12-02T13:52:00.000000000,10,BiLSTM,pm10,31.0,30.8708,0.1292
2026-12-02T13:42:00.000000000,2026-12-02T13:52:00.000000000,10,BiLSTM,co2,2238.0,2216.7505,21.2495
2026-12-02T13:42:00.000000000,2026-12-02T13:52:00.000000000,10,BiLSTM,voc,82.0,109.4411,-27.4411
2026-12-02T13:43:00.000000000,2026-12-02T13:53:00.000000000,10,BiLSTM,pm1,17.0,16.7888,0.2112
2026-12-02T13:43:00.000000000,2026-12-02T13:53:00.000000000,10,BiLSTM,pm2_5,26.0,25.9812,0.0188
2026-12-02T13:43:00.000000000,2026-12-02T13:53:00.000000000,10,BiLSTM,pm10,34.0,31.1995,2.8005
2026-12-02T13:43:00.000000000,2026-12-02T13:53:00.000000000,10,BiLSTM,co2,2253.0,2219.8586,33.1414
2026-12-02T13:43:00.000000000,2026-12-02T13:53:00.000000000,10,BiLSTM,voc,83.0,107.838,-24.838
2026-12-02T13:44:00.000000000,2026-12-02T13:54:00.000000000,10,BiLSTM,pm1,17.0,16.7252,0.2748
2026-12-02T13:44:00.000000000,2026-12-02T13:54:00.000000000,10,BiLSTM,pm2_5,27.0,25.8568,1.1432
2026-12-02T13:44:00.000000000,2026-12-02T13:54:00.000000000,10,BiLSTM,pm10,32.0,31.0745,0.9255
2026-12-02T13:44:00.000000000,2026-12-02T13:54:00.000000000,10,BiLSTM,co2,2355.0,2208.3293,146.6707
2026-12-02T13:44:00.000000000,2026-12-02T13:54:00.000000000,10,BiLSTM,voc,86.0,110.7734,-24.7734
2026-12-02T13:45:00.000000000,2026-12-02T13:55:00.000000000,10,BiLSTM,pm1,17.0,16.8762,0.1238
2026-12-02T13:45:00.000000000,2026-12-02T13:55:00.000000000,10,BiLSTM,pm2_5,26.0,26.2045,-0.2045
2026-12-02T13:45:00.000000000,2026-12-02T13:55:00.000000000,10,BiLSTM,pm10,32.0,31.6564,0.3436
2026-12-02T13:45:00.000000000,2026-12-02T13:55:00.000000000,10,BiLSTM,co2,2314.0,2213.6619,100.3381
2026-12-02T13:45:00.000000000,2026-12-02T13:55:00.000000000,10,BiLSTM,voc,86.0,108.6102,-22.6102
2026-12-02T13:46:00.000000000,2026-12-02T13:56:00.000000000,10,BiLSTM,pm1,16.0,17.0566,-1.0566
2026-12-02T13:46:00.000000000,2026-12-02T13:56:00.000000000,10,BiLSTM,pm2_5,26.0,26.5556,-0.5556
2026-12-02T13:46:00.000000000,2026-12-02T13:56:00.000000000,10,BiLSTM,pm10,31.0,32.1882,-1.1882
2026-12-02T13:46:00.000000000,2026-12-02T13:56:00.000000000,10,BiLSTM,co2,2291.0,2218.1201,72.8799
2026-12-02T13:46:00.000000000,2026-12-02T13:56:00.000000000,10,BiLSTM,voc,86.0,106.555,-20.555
2026-12-02T13:47:00.000000000,2026-12-02T13:57:00.000000000,10,BiLSTM,pm1,17.0,17.245,-0.245
2026-12-02T13:47:00.000000000,2026-12-02T13:57:00.000000000,10,BiLSTM,pm2_5,27.0,26.9502,0.0498
2026-12-02T13:47:00.000000000,2026-12-02T13:57:00.000000000,10,BiLSTM,pm10,34.0,32.8034,1.1966
2026-12-02T13:47:00.000000000,2026-12-02T13:57:00.000000000,10,BiLSTM,co2,2161.0,2222.5234,-61.5234
2026-12-02T13:47:00.000000000,2026-12-02T13:57:00.000000000,10,BiLSTM,voc,77.0,103.6009,-26.6009
2026-12-02T13:48:00.000000000,2026-12-02T13:58:00.000000000,10,BiLSTM,pm1,17.0,17.2679,-0.2679
2026-12-02T13:48:00.000000000,2026-12-02T13:58:00.000000000,10,BiLSTM,pm2_5,27.0,27.0247,-0.0247
2026-12-02T13:48:00.000000000,2026-12-02T13:58:00.000000000,10,BiLSTM,pm10,32.0,32.9544,-0.9544
2026-12-02T13:48:00.000000000,2026-12-02T13:58:00.000000000,10,BiLSTM,co2,2078.0,2214.0754,-136.0754
2026-12-02T13:48:00.000000000,2026-12-02T13:58:00.000000000,10,BiLSTM,voc,74.0,103.4127,-29.4127
2026-12-02T13:49:00.000000000,2026-12-02T13:59:00.000000000,10,BiLSTM,pm1,17.0,17.373,-0.373
2026-12-02T13:49:00.000000000,2026-12-02T13:59:00.000000000,10,BiLSTM,pm2_5,27.0,27.2728,-0.2728
2026-12-02T13:49:00.000000000,2026-12-02T13:59:00.000000000,10,BiLSTM,pm10,35.0,33.3253,1.6747
2026-12-02T13:49:00.000000000,2026-12-02T13:59:00.000000000,10,BiLSTM,co2,1963.0001,2201.8796,-238.8795
2026-12-02T13:49:00.000000000,2026-12-02T13:59:00.000000000,10,BiLSTM,voc,64.0,100.0644,-36.0644
2026-12-02T13:50:00.000000000,2026-12-02T14:00:00.000000000,10,BiLSTM,pm1,17.0,17.4471,-0.4471
2026-12-02T13:50:00.000000000,2026-12-02T14:00:00.000000000,10,BiLSTM,pm2_5,29.0,27.4326,1.5674
2026-12-02T13:50:00.000000000,2026-12-02T14:00:00.000000000,10,BiLSTM,pm10,35.0,33.5996,1.4004
2026-12-02T13:50:00.000000000,2026-12-02T14:00:00.000000000,10,BiLSTM,co2,1903.0,2197.5725,-294.5725
2026-12-02T13:50:00.000000000,2026-12-02T14:00:00.000000000,10,BiLSTM,voc,63.0,99.2066,-36.2066
2026-12-02T13:51:00.000000000,2026-12-02T14:01:00.000000000,10,BiLSTM,pm1,18.0,17.6775,0.3225
2026-12-02T13:51:00.000000000,2026-12-02T14:01:00.000000000,10,BiLSTM,pm2_5,28.0,27.9168,0.0832
2026-12-02T13:51:00.000000000,2026-12-02T14:01:00.000000000,10,BiLSTM,pm10,36.0,34.2751,1.7249
2026-12-02T13:51:00.000000000,2026-12-02T14:01:00.000000000,10,BiLSTM,co2,1892.0,2202.1025,-310.1025
2026-12-02T13:51:00.000000000,2026-12-02T14:01:00.000000000,10,BiLSTM,voc,58.0,94.9799,-36.9799
2026-12-02T13:52:00.000000000,2026-12-02T14:02:00.000000000,10,BiLSTM,pm1,18.0,17.6527,0.3473
2026-12-02T13:52:00.000000000,2026-12-02T14:02:00.000000000,10,BiLSTM,pm2_5,28.0,27.9277,0.0723
2026-12-02T13:52:00.000000000,2026-12-02T14:02:00.000000000,10,BiLSTM,pm10,35.0,34.333,0.667
2026-12-02T13:52:00.000000000,2026-12-02T14:02:00.000000000,10,BiLSTM,co2,1786.0,2187.4919,-401.4919
2026-12-02T13:52:00.000000000,2026-12-02T14:02:00.000000000,10,BiLSTM,voc,56.0,94.5281,-38.5281
2026-12-02T13:53:00.000000000,2026-12-02T14:03:00.000000000,10,BiLSTM,pm1,18.0,17.8636,0.1364
2026-12-02T13:53:00.000000000,2026-12-02T14:03:00.000000000,10,BiLSTM,pm2_5,29.0,28.3872,0.6128
2026-12-02T13:53:00.000000000,2026-12-02T14:03:00.000000000,10,BiLSTM,pm10,37.0,35.0098,1.9902
2026-12-02T13:53:00.000000000,2026-12-02T14:03:00.000000000,10,BiLSTM,co2,1773.0,2186.5139,-413.5139
2026-12-02T13:53:00.000000000,2026-12-02T14:03:00.000000000,10,BiLSTM,voc,53.0,88.7774,-35.7774
2026-12-02T13:54:00.000000000,2026-12-02T14:04:00.000000000,10,BiLSTM,pm1,18.0,17.9718,0.0282
2026-12-02T13:54:00.000000000,2026-12-02T14:04:00.000000000,10,BiLSTM,pm2_5,30.0,28.6973,1.3027
2026-12-02T13:54:00.000000000,2026-12-02T14:04:00.000000000,10,BiLSTM,pm10,37.0,35.457,1.543
2026-12-02T13:54:00.000000000,2026-12-02T14:04:00.000000000,10,BiLSTM,co2,1668.0,2176.9524,-508.9524
2026-12-02T13:54:00.000000000,2026-12-02T14:04:00.000000000,10,BiLSTM,voc,50.0,84.2926,-34.2926
2026-12-02T13:55:00.000000000,2026-12-02T14:05:00.000000000,10,BiLSTM,pm1,18.0,18.1126,-0.1126
2026-12-02T13:55:00.000000000,2026-12-02T14:05:00.000000000,10,BiLSTM,pm2_5,29.0,29.0323,-0.0323
2026-12-02T13:55:00.000000000,2026-12-02T14:05:00.000000000,10,BiLSTM,pm10,37.0,35.955,1.045
2026-12-02T13:55:00.000000000,2026-12-02T14:05:00.000000000,10,BiLSTM,co2,1692.0,2171.7979,-479.7979
2026-12-02T13:55:00.000000000,2026-12-02T14:05:00.000000000,10,BiLSTM,voc,48.0,81.2838,-33.2838
2026-12-02T13:56:00.000000000,2026-12-02T14:06:00.000000000,10,BiLSTM,pm1,19.0,18.1745,0.8255
2026-12-02T13:56:00.000000000,2026-12-02T14:06:00.000000000,10,BiLSTM,pm2_5,30.0,29.2143,0.7857
2026-12-02T13:56:00.000000000,2026-12-02T14:06:00.000000000,10,BiLSTM,pm10,38.0,36.1779,1.8221
2026-12-02T13:56:00.000000000,2026-12-02T14:06:00.000000000,10,BiLSTM,co2,1565.0,2162.9172,-597.9172
2026-12-02T13:56:00.000000000,2026-12-02T14:06:00.000000000,10,BiLSTM,voc,47.0,79.0306,-32.0306
2026-12-02T13:57:00.000000000,2026-12-02T14:07:00.000000000,10,BiLSTM,pm1,19.0,18.1142,0.8858
2026-12-02T13:57:00.000000000,2026-12-02T14:07:00.000000000,10,BiLSTM,pm2_5,30.0,29.1824,0.8176
2026-12-02T13:57:00.000000000,2026-12-02T14:07:00.000000000,10,BiLSTM,pm10,38.0,36.1232,1.8768
2026-12-02T13:57:00.000000000,2026-12-02T14:07:00.000000000,10,BiLSTM,co2,1606.0,2144.687,-538.687
2026-12-02T13:57:00.000000000,2026-12-02T14:07:00.000000000,10,BiLSTM,voc,47.0,79.0003,-32.0003
2026-12-02T13:58:00.000000000,2026-12-02T14:08:00.000000000,10,BiLSTM,pm1,20.0,18.3093,1.6907
2026-12-02T13:58:00.000000000,2026-12-02T14:08:00.000000000,10,BiLSTM,pm2_5,32.0,29.6751,2.3249
2026-12-02T13:58:00.000000000,2026-12-02T14:08:00.000000000,10,BiLSTM,pm10,40.0,36.8312,3.1688
2026-12-02T13:58:00.000000000,2026-12-02T14:08:00.000000000,10,BiLSTM,co2,1624.0,2143.8157,-519.8157
2026-12-02T13:58:00.000000000,2026-12-02T14:08:00.000000000,10,BiLSTM,voc,47.0,72.8538,-25.8538
2026-12-02T13:59:00.000000000,2026-12-02T14:09:00.000000000,10,BiLSTM,pm1,20.0,18.3906,1.6094
2026-12-02T13:59:00.000000000,2026-12-02T14:09:00.000000000,10,BiLSTM,pm2_5,32.0,29.8832,2.1168
2026-12-02T13:59:00.000000000,2026-12-02T14:09:00.000000000,10,BiLSTM,pm10,40.0,37.0977,2.9023
2026-12-02T13:59:00.000000000,2026-12-02T14:09:00.000000000,10,BiLSTM,co2,1629.0,2132.8179,-503.8179
2026-12-02T13:59:00.000000000,2026-12-02T14:09:00.000000000,10,BiLSTM,voc,45.0,69.0995,-24.0995
2026-12-02T14:00:00.000000000,2026-12-02T14:10:00.000000000,10,BiLSTM,pm1,20.0,18.5018,1.4982
2026-12-02T14:00:00.000000000,2026-12-02T14:10:00.000000000,10,BiLSTM,pm2_5,32.0,30.2148,1.7852
2026-12-02T14:00:00.000000000,2026-12-02T14:10:00.000000000,10,BiLSTM,pm10,41.0,37.6055,3.3945
2026-12-02T14:00:00.000000000,2026-12-02T14:10:00.000000000,10,BiLSTM,co2,1688.0,2121.6682,-433.6682
2026-12-02T14:00:00.000000000,2026-12-02T14:10:00.000000000,10,BiLSTM,voc,46.0,63.8765,-17.8765
2026-12-02T14:01:00.000000000,2026-12-02T14:11:00.000000000,10,BiLSTM,pm1,20.0,18.6424,1.3576
2026-12-02T14:01:00.000000000,2026-12-02T14:11:00.000000000,10,BiLSTM,pm2_5,32.0,30.6759,1.3241
2026-12-02T14:01:00.000000000,2026-12-02T14:11:00.000000000,10,BiLSTM,pm10,41.0,38.3125,2.6875
2026-12-02T14:01:00.000000000,2026-12-02T14:11:00.000000000,10,BiLSTM,co2,1717.0,2106.6506,-389.6506
2026-12-02T14:01:00.000000000,2026-12-02T14:11:00.000000000,10,BiLSTM,voc,51.0,58.9282,-7.9282
2026-12-02T14:02:00.000000000,2026-12-02T14:12:00.000000000,10,BiLSTM,pm1,20.0,18.7751,1.2249
2026-12-02T14:02:00.000000000,2026-12-02T14:12:00.000000000,10,BiLSTM,pm2_5,31.0,31.0658,-0.0658
2026-12-02T14:02:00.000000000,2026-12-02T14:12:00.000000000,10,BiLSTM,pm10,39.0,38.831,0.169
2026-12-02T14:02:00.000000000,2026-12-02T14:12:00.000000000,10,BiLSTM,co2,1775.0,2087.2163,-312.2163
2026-12-02T14:02:00.000000000,2026-12-02T14:12:00.000000000,10,BiLSTM,voc,54.0,53.3777,0.6223
2026-12-02T14:03:00.000000000,2026-12-02T14:13:00.000000000,10,BiLSTM,pm1,20.0,18.9365,1.0635
2026-12-02T14:03:00.000000000,2026-12-02T14:13:00.000000000,10,BiLSTM,pm2_5,30.0,31.471,-1.471
2026-12-02T14:03:00.000000000,2026-12-02T14:13:00.000000000,10,BiLSTM,pm10,38.0,39.4222,-1.4222
2026-12-02T14:03:00.000000000,2026-12-02T14:13:00.000000000,10,BiLSTM,co2,1752.0,2072.6858,-320.6858
2026-12-02T14:03:00.000000000,2026-12-02T14:13:00.000000000,10,BiLSTM,voc,55.0,48.2877,6.7123
2026-12-02T14:04:00.000000000,2026-12-02T14:14:00.000000000,10,BiLSTM,pm1,18.0,19.1212,-1.1212
2026-12-02T14:04:00.000000000,2026-12-02T14:14:00.000000000,10,BiLSTM,pm2_5,29.0,32.0404,-3.0404
2026-12-02T14:04:00.000000000,2026-12-02T14:14:00.000000000,10,BiLSTM,pm10,36.0,40.2903,-4.2903
2026-12-02T14:04:00.000000000,2026-12-02T14:14:00.000000000,10,BiLSTM,co2,1730.0,2059.5884,-329.5884
2026-12-02T14:04:00.000000000,2026-12-02T14:14:00.000000000,10,BiLSTM,voc,55.0,41.8358,13.1642
2026-12-02T14:05:00.000000000,2026-12-02T14:15:00.000000000,10,BiLSTM,pm1,20.0,19.3582,0.6418
2026-12-02T14:05:00.000000000,2026-12-02T14:15:00.000000000,10,BiLSTM,pm2_5,32.0,32.6682,-0.6682
2026-12-02T14:05:00.000000000,2026-12-02T14:15:00.000000000,10,BiLSTM,pm10,40.0,41.2484,-1.2484
2026-12-02T14:05:00.000000000,2026-12-02T14:15:00.000000000,10,BiLSTM,co2,1735.0,2051.3418,-316.3418
2026-12-02T14:05:00.000000000,2026-12-02T14:15:00.000000000,10,BiLSTM,voc,50.0,35.2176,14.7824
2026-12-02T14:06:00.000000000,2026-12-02T14:16:00.000000000,10,BiLSTM,pm1,22.0,19.3841,2.6159
2026-12-02T14:06:00.000000000,2026-12-02T14:16:00.000000000,10,BiLSTM,pm2_5,35.0,32.8728,2.1272
2026-12-02T14:06:00.000000000,2026-12-02T14:16:00.000000000,10,BiLSTM,pm10,45.0,41.4775,3.5225
2026-12-02T14:06:00.000000000,2026-12-02T14:16:00.000000000,10,BiLSTM,co2,1719.0,2018.2227,-299.2227
2026-12-02T14:06:00.000000000,2026-12-02T14:16:00.000000000,10,BiLSTM,voc,46.0,31.2024,14.7976
2026-12-02T14:07:00.000000000,2026-12-02T14:17:00.000000000,10,BiLSTM,pm1,23.0,19.6082,3.3918
2026-12-02T14:07:00.000000000,2026-12-02T14:17:00.000000000,10,BiLSTM,pm2_5,36.0,33.479,2.521
2026-12-02T14:07:00.000000000,2026-12-02T14:17:00.000000000,10,BiLSTM,pm10,47.0,42.3792,4.6208
2026-12-02T14:07:00.000000000,2026-12-02T14:17:00.000000000,10,BiLSTM,co2,1734.0,2005.5819,-271.5819
2026-12-02T14:07:00.000000000,2026-12-02T14:17:00.000000000,10,BiLSTM,voc,41.0,24.8258,16.1742
2026-12-02T14:08:00.000000000,2026-12-02T14:18:00.000000000,10,BiLSTM,pm1,23.0,19.6647,3.3353
2026-12-02T14:08:00.000000000,2026-12-02T14:18:00.000000000,10,BiLSTM,pm2_5,36.0,33.7276,2.2724
2026-12-02T14:08:00.000000000,2026-12-02T14:18:00.000000000,10,BiLSTM,pm10,47.0,42.7249,4.2751
2026-12-02T14:08:00.000000000,2026-12-02T14:18:00.000000000,10,BiLSTM,co2,1756.0,1978.2534,-222.2534
2026-12-02T14:08:00.000000000,2026-12-02T14:18:00.000000000,10,BiLSTM,voc,38.0,22.7308,15.2692
2026-12-02T14:09:00.000000000,2026-12-02T14:19:00.000000000,10,BiLSTM,pm1,22.0,19.8978,2.1022
2026-12-02T14:09:00.000000000,2026-12-02T14:19:00.000000000,10,BiLSTM,pm2_5,36.0,34.2716,1.7284
2026-12-02T14:09:00.000000000,2026-12-02T14:19:00.000000000,10,BiLSTM,pm10,47.0,43.552,3.448
2026-12-02T14:09:00.000000000,2026-12-02T14:19:00.000000000,10,BiLSTM,co2,1699.0,1970.1019,-271.1019
2026-12-02T14:09:00.000000000,2026-12-02T14:19:00.000000000,10,BiLSTM,voc,37.0,17.2486,19.7514
2026-12-02T14:10:00.000000000,2026-12-02T14:20:00.000000000,10,BiLSTM,pm1,23.0,20.0056,2.9944
2026-12-02T14:10:00.000000000,2026-12-02T14:20:00.000000000,10,BiLSTM,pm2_5,36.0,34.4956,1.5044
2026-12-02T14:10:00.000000000,2026-12-02T14:20:00.000000000,10,BiLSTM,pm10,46.0,43.9125,2.0875
2026-12-02T14:10:00.000000000,2026-12-02T14:20:00.000000000,10,BiLSTM,co2,1670.0,1952.4563,-282.4563
2026-12-02T14:10:00.000000000,2026-12-02T14:20:00.000000000,10,BiLSTM,voc,36.0,12.3953,23.6047
2026-12-02T14:11:00.000000000,2026-12-02T14:21:00.000000000,10,BiLSTM,pm1,23.0,20.1003,2.8997
2026-12-02T14:11:00.000000000,2026-12-02T14:21:00.000000000,10,BiLSTM,pm2_5,36.0,34.6833,1.3167
2026-12-02T14:11:00.000000000,2026-12-02T14:21:00.000000000,10,BiLSTM,pm10,46.0,44.1717,1.8283
2026-12-02T14:11:00.000000000,2026-12-02T14:21:00.000000000,10,BiLSTM,co2,1679.0,1935.9116,-256.9116
2026-12-02T14:11:00.000000000,2026-12-02T14:21:00.000000000,10,BiLSTM,voc,36.0,7.4157,28.5843
2026-12-02T14:12:00.000000000,2026-12-02T14:22:00.000000000,10,BiLSTM,pm1,24.0,20.1279,3.8721
2026-12-02T14:12:00.000000000,2026-12-02T14:22:00.000000000,10,BiLSTM,pm2_5,37.0,34.7505,2.2495
2026-12-02T14:12:00.000000000,2026-12-02T14:22:00.000000000,10,BiLSTM,pm10,48.0,44.2207,3.7793
2026-12-02T14:12:00.000000000,2026-12-02T14:22:00.000000000,10,BiLSTM,co2,1672.0,1916.8345,-244.8345
2026-12-02T14:12:00.000000000,2026-12-02T14:22:00.000000000,10,BiLSTM,voc,35.0,4.8423,30.1577
2026-12-02T14:13:00.000000000,2026-12-02T14:23:00.000000000,10,BiLSTM,pm1,24.0,19.8789,4.1211
2026-12-02T14:13:00.000000000,2026-12-02T14:23:00.000000000,10,BiLSTM,pm2_5,38.0,34.3604,3.6396
2026-12-02T14:13:00.000000000,2026-12-02T14:23:00.000000000,10,BiLSTM,pm10,48.0,43.4483,4.5517
2026-12-02T14:13:00.000000000,2026-12-02T14:23:00.000000000,10,BiLSTM,co2,1558.0,1866.8947,-308.8947
2026-12-02T14:13:00.000000000,2026-12-02T14:23:00.000000000,10,BiLSTM,voc,35.0,8.5414,26.4586
2026-12-02T14:14:00.000000000,2026-12-02T14:24:00.000000000,10,BiLSTM,pm1,24.0,19.7634,4.2366
2026-12-02T14:14:00.000000000,2026-12-02T14:24:00.000000000,10,BiLSTM,pm2_5,37.0,34.1893,2.8107
2026-12-02T14:14:00.000000000,2026-12-02T14:24:00.000000000,10,BiLSTM,pm10,47.0,43.0819,3.9181
2026-12-02T14:14:00.000000000,2026-12-02T14:24:00.000000000,10,BiLSTM,co2,1574.0,1840.0338,-266.0338
2026-12-02T14:14:00.000000000,2026-12-02T14:24:00.000000000,10,BiLSTM,voc,33.0,9.2567,23.7433
2026-12-02T14:15:00.000000000,2026-12-02T14:25:00.000000000,10,BiLSTM,pm1,24.0,19.457,4.543
2026-12-02T14:15:00.000000000,2026-12-02T14:25:00.000000000,10,BiLSTM,pm2_5,37.0,33.6775,3.3225
2026-12-02T14:15:00.000000000,2026-12-02T14:25:00.000000000,10,BiLSTM,pm10,48.0,42.1354,5.8646
2026-12-02T14:15:00.000000000,2026-12-02T14:25:00.000000000,10,BiLSTM,co2,1618.0,1796.5244,-178.5244
2026-12-02T14:15:00.000000000,2026-12-02T14:25:00.000000000,10,BiLSTM,voc,33.0,14.1012,18.8988
2026-12-02T14:16:00.000000000,2026-12-02T14:26:00.000000000,10,BiLSTM,pm1,23.0,19.6036,3.3964
2026-12-02T14:16:00.000000000,2026-12-02T14:26:00.000000000,10,BiLSTM,pm2_5,37.0,33.8855,3.1145
2026-12-02T14:16:00.000000000,2026-12-02T14:26:00.000000000,10,BiLSTM,pm10,47.0,42.3996,4.6004
2026-12-02T14:16:00.000000000,2026-12-02T14:26:00.000000000,10,BiLSTM,co2,1814.0,1804.5292,9.4708
2026-12-02T14:16:00.000000000,2026-12-02T14:26:00.000000000,10,BiLSTM,voc,40.0,13.2459,26.7541
2026-12-02T14:17:00.000000000,2026-12-02T14:27:00.000000000,10,BiLSTM,pm1,22.0,19.9819,2.0181
2026-12-02T14:17:00.000000000,2026-12-02T14:27:00.000000000,10,BiLSTM,pm2_5,35.0,34.4271,0.5729
2026-12-02T14:17:00.000000000,2026-12-02T14:27:00.000000000,10,BiLSTM,pm10,45.0,43.1625,1.8375
2026-12-02T14:17:00.000000000,2026-12-02T14:27:00.000000000,10,BiLSTM,co2,1991.9999,1840.9557,151.0442
2026-12-02T14:17:00.000000000,2026-12-02T14:27:00.000000000,10,BiLSTM,voc,54.0,9.3802,44.6198
2026-12-02T14:18:00.000000000,2026-12-02T14:28:00.000000000,10,BiLSTM,pm1,21.0,20.2552,0.7448
2026-12-02T14:18:00.000000000,2026-12-02T14:28:00.000000000,10,BiLSTM,pm2_5,34.0,34.7848,-0.7848
2026-12-02T14:18:00.000000000,2026-12-02T14:28:00.000000000,10,BiLSTM,pm10,43.0,43.6657,-0.6657
2026-12-02T14:18:00.000000000,2026-12-02T14:28:00.000000000,10,BiLSTM,co2,2148.0,1867.0511,280.9489
2026-12-02T14:18:00.000000000,2026-12-02T14:28:00.000000000,10,BiLSTM,voc,60.0,5.9069,54.0931
2026-12-02T14:19:00.000000000,2026-12-02T14:29:00.000000000,10,BiLSTM,pm1,21.0,20.3024,0.6976
2026-12-02T14:19:00.000000000,2026-12-02T14:29:00.000000000,10,BiLSTM,pm2_5,34.0,34.7102,-0.7102
2026-12-02T14:19:00.000000000,2026-12-02T14:29:00.000000000,10,BiLSTM,pm10,43.0,43.4475,-0.4475
2026-12-02T14:19:00.000000000,2026-12-02T14:29:00.000000000,10,BiLSTM,co2,2186.0,1863.1986,322.8014
2026-12-02T14:19:00.000000000,2026-12-02T14:29:00.000000000,10,BiLSTM,voc,67.0,7.1227,59.8773
2026-12-02T14:20:00.000000000,2026-12-02T14:30:00.000000000,10,BiLSTM,pm1,21.0,20.3404,0.6596
2026-12-02T14:20:00.000000000,2026-12-02T14:30:00.000000000,10,BiLSTM,pm2_5,35.0,34.6685,0.3315
2026-12-02T14:20:00.000000000,2026-12-02T14:30:00.000000000,10,BiLSTM,pm10,43.0,43.2666,-0.2666
2026-12-02T14:20:00.000000000,2026-12-02T14:30:00.000000000,10,BiLSTM,co2,2289.0,1858.5037,430.4963
2026-12-02T14:20:00.000000000,2026-12-02T14:30:00.000000000,10,BiLSTM,voc,78.0,10.6356,67.3644
2026-12-02T14:21:00.000000000,2026-12-02T14:31:00.000000000,10,BiLSTM,pm1,21.0,20.5444,0.4556
2026-12-02T14:21:00.000000000,2026-12-02T14:31:00.000000000,10,BiLSTM,pm2_5,34.0,34.8993,-0.8993
2026-12-02T14:21:00.000000000,2026-12-02T14:31:00.000000000,10,BiLSTM,pm10,44.0,43.5745,0.4255
2026-12-02T14:21:00.000000000,2026-12-02T14:31:00.000000000,10,BiLSTM,co2,2390.0,1863.8828,526.1172
2026-12-02T14:21:00.000000000,2026-12-02T14:31:00.000000000,10,BiLSTM,voc,79.0,13.1861,65.8139
2026-12-02T14:22:00.000000000,2026-12-02T14:32:00.000000000,10,BiLSTM,pm1,20.0,20.6299,-0.6299
2026-12-02T14:22:00.000000000,2026-12-02T14:32:00.000000000,10,BiLSTM,pm2_5,33.0,34.8738,-1.8738
2026-12-02T14:22:00.000000000,2026-12-02T14:32:00.000000000,10,BiLSTM,pm10,42.0,43.541,-1.541
2026-12-02T14:22:00.000000000,2026-12-02T14:32:00.000000000,10,BiLSTM,co2,2454.0,1851.069,602.931
2026-12-02T14:22:00.000000000,2026-12-02T14:32:00.000000000,10,BiLSTM,voc,85.0,19.2917,65.7083
2026-12-02T14:23:00.000000000,2026-12-02T14:33:00.000000000,10,BiLSTM,pm1,21.0,21.0513,-0.0513
2026-12-02T14:23:00.000000000,2026-12-02T14:33:00.000000000,10,BiLSTM,pm2_5,33.0,35.3165,-2.3165
2026-12-02T14:23:00.000000000,2026-12-02T14:33:00.000000000,10,BiLSTM,pm10,43.0,44.2967,-1.2967
2026-12-02T14:23:00.000000000,2026-12-02T14:33:00.000000000,10,BiLSTM,co2,2506.0,1868.7124,637.2876
2026-12-02T14:23:00.000000000,2026-12-02T14:33:00.000000000,10,BiLSTM,voc,88.0,21.8828,66.1172
2026-12-02T14:24:00.000000000,2026-12-02T14:34:00.000000000,10,BiLSTM,pm1,21.0,21.2572,-0.2572
2026-12-02T14:24:00.000000000,2026-12-02T14:34:00.000000000,10,BiLSTM,pm2_5,33.0,35.4553,-2.4553
2026-12-02T14:24:00.000000000,2026-12-02T14:34:00.000000000,10,BiLSTM,pm10,43.0,44.4311,-1.4311
2026-12-02T14:24:00.000000000,2026-12-02T14:34:00.000000000,10,BiLSTM,co2,2478.0,1858.7633,619.2367
2026-12-02T14:24:00.000000000,2026-12-02T14:34:00.000000000,10,BiLSTM,voc,88.0,29.5937,58.4063
2026-12-02T14:25:00.000000000,2026-12-02T14:35:00.000000000,10,BiLSTM,pm1,21.0,21.5024,-0.5024
2026-12-02T14:25:00.000000000,2026-12-02T14:35:00.000000000,10,BiLSTM,pm2_5,33.0,35.6591,-2.6591
2026-12-02T14:25:00.000000000,2026-12-02T14:35:00.000000000,10,BiLSTM,pm10,43.0,44.7957,-1.7957
2026-12-02T14:25:00.000000000,2026-12-02T14:35:00.000000000,10,BiLSTM,co2,2605.0,1857.4729,747.5271
2026-12-02T14:25:00.000000000,2026-12-02T14:35:00.000000000,10,BiLSTM,voc,89.0,35.694,53.306
2026-12-02T14:26:00.000000000,2026-12-02T14:36:00.000000000,10,BiLSTM,pm1,21.0,21.8278,-0.8278
2026-12-02T14:26:00.000000000,2026-12-02T14:36:00.000000000,10,BiLSTM,pm2_5,33.0,36.0085,-3.0085
2026-12-02T14:26:00.000000000,2026-12-02T14:36:00.000000000,10,BiLSTM,pm10,43.0,45.376,-2.376
2026-12-02T14:26:00.000000000,2026-12-02T14:36:00.000000000,10,BiLSTM,co2,2562.0,1860.4437,701.5563
2026-12-02T14:26:00.000000000,2026-12-02T14:36:00.000000000,10,BiLSTM,voc,87.0,41.2131,45.7869
2026-12-02T14:27:00.000000000,2026-12-02T14:37:00.000000000,10,BiLSTM,pm1,21.0,22.0944,-1.0944
2026-12-02T14:27:00.000000000,2026-12-02T14:37:00.000000000,10,BiLSTM,pm2_5,34.0,36.2472,-2.2472
2026-12-02T14:27:00.000000000,2026-12-02T14:37:00.000000000,10,BiLSTM,pm10,43.0,45.8177,-2.8177
2026-12-02T14:27:00.000000000,2026-12-02T14:37:00.000000000,10,BiLSTM,co2,2476.0,1858.838,617.162
2026-12-02T14:27:00.000000000,2026-12-02T14:37:00.000000000,10,BiLSTM,voc,90.0,48.694,41.306
2026-12-02T14:28:00.000000000,2026-12-02T14:38:00.000000000,10,BiLSTM,pm1,21.0,22.2844,-1.2844
2026-12-02T14:28:00.000000000,2026-12-02T14:38:00.000000000,10,BiLSTM,pm2_5,33.0,36.3933,-3.3933
2026-12-02T14:28:00.000000000,2026-12-02T14:38:00.000000000,10,BiLSTM,pm10,42.0,46.2008,-4.2008
2026-12-02T14:28:00.000000000,2026-12-02T14:38:00.000000000,10,BiLSTM,co2,2493.0,1855.8282,637.1718
2026-12-02T14:28:00.000000000,2026-12-02T14:38:00.000000000,10,BiLSTM,voc,87.0,57.467,29.533
2026-12-02T14:29:00.000000000,2026-12-02T14:39:00.000000000,10,BiLSTM,pm1,21.0,22.4443,-1.4443
2026-12-02T14:29:00.000000000,2026-12-02T14:39:00.000000000,10,BiLSTM,pm2_5,33.0,36.5282,-3.5282
2026-12-02T14:29:00.000000000,2026-12-02T14:39:00.000000000,10,BiLSTM,pm10,42.0,46.5177,-4.5177
2026-12-02T14:29:00.000000000,2026-12-02T14:39:00.000000000,10,BiLSTM,co2,2428.0,1850.0046,577.9954
2026-12-02T14:29:00.000000000,2026-12-02T14:39:00.000000000,10,BiLSTM,voc,89.0,66.824,22.176
2026-12-02T14:30:00.000000000,2026-12-02T14:40:00.000000000,10,BiLSTM,pm1,21.0,22.7094,-1.7094
2026-12-02T14:30:00.000000000,2026-12-02T14:40:00.000000000,10,BiLSTM,pm2_5,34.0,36.827,-2.827
2026-12-02T14:30:00.000000000,2026-12-02T14:40:00.000000000,10,BiLSTM,pm10,44.0,47.0902,-3.0902
2026-12-02T14:30:00.000000000,2026-12-02T14:40:00.000000000,10,BiLSTM,co2,2392.0,1861.1561,530.8439
2026-12-02T14:30:00.000000000,2026-12-02T14:40:00.000000000,10,BiLSTM,voc,86.0,73.1661,12.8339
2026-12-02T14:31:00.000000000,2026-12-02T14:41:00.000000000,10,BiLSTM,pm1,21.0,22.612,-1.612
2026-12-02T14:31:00.000000000,2026-12-02T14:41:00.000000000,10,BiLSTM,pm2_5,34.0,36.6078,-2.6078
2026-12-02T14:31:00.000000000,2026-12-02T14:41:00.000000000,10,BiLSTM,pm10,41.0,46.7917,-5.7917
2026-12-02T14:31:00.000000000,2026-12-02T14:41:00.000000000,10,BiLSTM,co2,2454.0,1818.2755,635.7245
2026-12-02T14:31:00.000000000,2026-12-02T14:41:00.000000000,10,BiLSTM,voc,87.0,88.5474,-1.5474
2026-12-02T14:32:00.000000000,2026-12-02T14:42:00.000000000,10,BiLSTM,pm1,21.0,22.4351,-1.4351
2026-12-02T14:32:00.000000000,2026-12-02T14:42:00.000000000,10,BiLSTM,pm2_5,34.0,36.2907,-2.2907
2026-12-02T14:32:00.000000000,2026-12-02T14:42:00.000000000,10,BiLSTM,pm10,43.0,46.3808,-3.3808
2026-12-02T14:32:00.000000000,2026-12-02T14:42:00.000000000,10,BiLSTM,co2,2386.0,1776.4006,609.5994
2026-12-02T14:32:00.000000000,2026-12-02T14:42:00.000000000,10,BiLSTM,voc,82.0,103.0913,-21.0913
2026-12-02T14:33:00.000000000,2026-12-02T14:43:00.000000000,10,BiLSTM,pm1,21.0,22.2923,-1.2923
2026-12-02T14:33:00.000000000,2026-12-02T14:43:00.000000000,10,BiLSTM,pm2_5,34.0,36.0723,-2.0723
2026-12-02T14:33:00.000000000,2026-12-02T14:43:00.000000000,10,BiLSTM,pm10,44.0,46.0718,-2.0718
2026-12-02T14:33:00.000000000,2026-12-02T14:43:00.000000000,10,BiLSTM,co2,2332.0,1765.5623,566.4377
2026-12-02T14:33:00.000000000,2026-12-02T14:43:00.000000000,10,BiLSTM,voc,75.0,114.4352,-39.4352
2026-12-02T14:34:00.000000000,2026-12-02T14:44:00.000000000,10,BiLSTM,pm1,21.0,22.2444,-1.2444
2026-12-02T14:34:00.000000000,2026-12-02T14:44:00.000000000,10,BiLSTM,pm2_5,34.0,36.0363,-2.0363
2026-12-02T14:34:00.000000000,2026-12-02T14:44:00.000000000,10,BiLSTM,pm10,43.0,46.0158,-3.0158
2026-12-02T14:34:00.000000000,2026-12-02T14:44:00.000000000,10,BiLSTM,co2,2271.0,1792.5695,478.4305
2026-12-02T14:34:00.000000000,2026-12-02T14:44:00.000000000,10,BiLSTM,voc,71.0,117.105,-46.105
2026-12-02T14:35:00.000000000,2026-12-02T14:45:00.000000000,10,BiLSTM,pm1,22.0,22.1426,-0.1426
2026-12-02T14:35:00.000000000,2026-12-02T14:45:00.000000000,10,BiLSTM,pm2_5,35.0,35.9261,-0.9261
2026-12-02T14:35:00.000000000,2026-12-02T14:45:00.000000000,10,BiLSTM,pm10,43.0,45.8243,-2.8243
2026-12-02T14:35:00.000000000,2026-12-02T14:45:00.000000000,10,BiLSTM,co2,2158.0,1825.7928,332.2072
2026-12-02T14:35:00.000000000,2026-12-02T14:45:00.000000000,10,BiLSTM,voc,69.0,118.4837,-49.4837
2026-12-02T14:36:00.000000000,2026-12-02T14:46:00.000000000,10,BiLSTM,pm1,22.0,21.9304,0.0696
2026-12-02T14:36:00.000000000,2026-12-02T14:46:00.000000000,10,BiLSTM,pm2_5,35.0,35.6634,-0.6634
2026-12-02T14:36:00.000000000,2026-12-02T14:46:00.000000000,10,BiLSTM,pm10,45.0,45.4074,-0.4074
2026-12-02T14:36:00.000000000,2026-12-02T14:46:00.000000000,10,BiLSTM,co2,2087.0,1848.5499,238.4501
2026-12-02T14:36:00.000000000,2026-12-02T14:46:00.000000000,10,BiLSTM,voc,68.0,119.5918,-51.5918
2026-12-02T14:37:00.000000000,2026-12-02T14:48:00.000000000,10,BiLSTM,pm1,22.0,21.7382,0.2618
2026-12-02T14:37:00.000000000,2026-12-02T14:48:00.000000000,10,BiLSTM,pm2_5,36.0,35.4356,0.5644
2026-12-02T14:37:00.000000000,2026-12-02T14:48:00.000000000,10,BiLSTM,pm10,47.0,45.0431,1.9569
2026-12-02T14:37:00.000000000,2026-12-02T14:48:00.000000000,10,BiLSTM,co2,2068.0,1877.7644,190.2356
2026-12-02T14:37:00.000000000,2026-12-02T14:48:00.000000000,10,BiLSTM,voc,59.0,120.1279,-61.1279
2026-12-02T14:38:00.000000000,2026-12-02T14:49:00.000000000,10,BiLSTM,pm1,22.0,21.4813,0.5187
2026-12-02T14:38:00.000000000,2026-12-02T14:49:00.000000000,10,BiLSTM,pm2_5,36.0,35.1178,0.8822
2026-12-02T14:38:00.000000000,2026-12-02T14:49:00.000000000,10,BiLSTM,pm10,47.0,44.5232,2.4768
2026-12-02T14:38:00.000000000,2026-12-02T14:49:00.000000000,10,BiLSTM,co2,2068.0,1895.7416,172.2584
2026-12-02T14:38:00.000000000,2026-12-02T14:49:00.000000000,10,BiLSTM,voc,59.0,123.1299,-64.1299
2026-12-02T14:39:00.000000000,2026-12-02T14:50:00.000000000,10,BiLSTM,pm1,23.0,21.2059,1.7941
2026-12-02T14:39:00.000000000,2026-12-02T14:50:00.000000000,10,BiLSTM,pm2_5,35.0,34.7733,0.2267
2026-12-02T14:39:00.000000000,2026-12-02T14:50:00.000000000,10,BiLSTM,pm10,45.0,43.9478,1.0522
2026-12-02T14:39:00.000000000,2026-12-02T14:50:00.000000000,10,BiLSTM,co2,2110.0,1923.5361,186.4639
2026-12-02T14:39:00.000000000,2026-12-02T14:50:00.000000000,10,BiLSTM,voc,66.0,123.4541,-57.4541
2026-12-02T14:40:00.000000000,2026-12-02T14:51:00.000000000,10,BiLSTM,pm1,22.0,21.0059,0.9941
2026-12-02T14:40:00.000000000,2026-12-02T14:51:00.000000000,10,BiLSTM,pm2_5,35.0,34.5609,0.4391
2026-12-02T14:40:00.000000000,2026-12-02T14:51:00.000000000,10,BiLSTM,pm10,44.0,43.5661,0.4339
2026-12-02T14:40:00.000000000,2026-12-02T14:51:00.000000000,10,BiLSTM,co2,2046.0,1969.1705,76.8295
2026-12-02T14:40:00.000000000,2026-12-02T14:51:00.000000000,10,BiLSTM,voc,67.0,119.142,-52.142
2026-12-02T14:41:00.000000000,2026-12-02T14:52:00.000000000,10,BiLSTM,pm1,21.0,20.8527,0.1473
2026-12-02T14:41:00.000000000,2026-12-02T14:52:00.000000000,10,BiLSTM,pm2_5,34.0,34.3839,-0.3839
2026-12-02T14:41:00.000000000,2026-12-02T14:52:00.000000000,10,BiLSTM,pm10,43.0,43.2437,-0.2437
2026-12-02T14:41:00.000000000,2026-12-02T14:52:00.000000000,10,BiLSTM,co2,1998.0,2012.8029,-14.8029
2026-12-02T14:41:00.000000000,2026-12-02T14:52:00.000000000,10,BiLSTM,voc,67.0,114.2668,-47.2668
2026-12-02T14:42:00.000000000,2026-12-02T14:53:00.000000000,10,BiLSTM,pm1,21.0,20.6666,0.3334
2026-12-02T14:42:00.000000000,2026-12-02T14:53:00.000000000,10,BiLSTM,pm2_5,34.0,34.1226,-0.1226
2026-12-02T14:42:00.000000000,2026-12-02T14:53:00.000000000,10,BiLSTM,pm10,43.0,42.716,0.284
2026-12-02T14:42:00.000000000,2026-12-02T14:53:00.000000000,10,BiLSTM,co2,1961.0001,2045.7546,-84.7545
2026-12-02T14:42:00.000000000,2026-12-02T14:53:00.000000000,10,BiLSTM,voc,66.0,109.7143,-43.7143
2026-12-02T14:43:00.000000000,2026-12-02T14:54:00.000000000,10,BiLSTM,pm1,22.0,20.6492,1.3508
2026-12-02T14:43:00.000000000,2026-12-02T14:54:00.000000000,10,BiLSTM,pm2_5,35.0,34.0918,0.9082
2026-12-02T14:43:00.000000000,2026-12-02T14:54:00.000000000,10,BiLSTM,pm10,44.0,42.6262,1.3738
2026-12-02T14:43:00.000000000,2026-12-02T14:54:00.000000000,10,BiLSTM,co2,1946.0,2091.8376,-145.8376
2026-12-02T14:43:00.000000000,2026-12-02T14:54:00.000000000,10,BiLSTM,voc,68.0,98.1084,-30.1084
2026-12-02T14:44:00.000000000,2026-12-02T14:55:00.000000000,10,BiLSTM,pm1,21.0,20.6617,0.3383
2026-12-02T14:44:00.000000000,2026-12-02T14:55:00.000000000,10,BiLSTM,pm2_5,34.0,34.1142,-0.1142
2026-12-02T14:44:00.000000000,2026-12-02T14:55:00.000000000,10,BiLSTM,pm10,44.0,42.6435,1.3565
2026-12-02T14:44:00.000000000,2026-12-02T14:55:00.000000000,10,BiLSTM,co2,1899.0,2126.1807,-227.1807
2026-12-02T14:44:00.000000000,2026-12-02T14:55:00.000000000,10,BiLSTM,voc,63.0,89.3096,-26.3096
2026-12-02T14:45:00.000000000,2026-12-02T14:56:00.000000000,10,BiLSTM,pm1,21.0,20.6082,0.3918
2026-12-02T14:45:00.000000000,2026-12-02T14:56:00.000000000,10,BiLSTM,pm2_5,35.0,34.0369,0.9631
2026-12-02T14:45:00.000000000,2026-12-02T14:56:00.000000000,10,BiLSTM,pm10,45.0,42.5433,2.4567
2026-12-02T14:45:00.000000000,2026-12-02T14:56:00.000000000,10,BiLSTM,co2,1876.0,2134.0466,-258.0466
2026-12-02T14:45:00.000000000,2026-12-02T14:56:00.000000000,10,BiLSTM,voc,61.0,85.5519,-24.5519
2026-12-02T14:46:00.000000000,2026-12-02T14:57:00.000000000,10,BiLSTM,pm1,22.0,20.6937,1.3063
2026-12-02T14:46:00.000000000,2026-12-02T14:57:00.000000000,10,BiLSTM,pm2_5,35.0,34.153,0.847
2026-12-02T14:46:00.000000000,2026-12-02T14:57:00.000000000,10,BiLSTM,pm10,43.0,42.7095,0.2905
2026-12-02T14:46:00.000000000,2026-12-02T14:57:00.000000000,10,BiLSTM,co2,1905.0,2142.6367,-237.6367
2026-12-02T14:46:00.000000000,2026-12-02T14:57:00.000000000,10,BiLSTM,voc,62.0,80.4729,-18.4729
2026-12-02T14:48:00.000000000,2026-12-02T14:58:00.000000000,10,BiLSTM,pm1,22.0,20.8495,1.1505
2026-12-02T14:48:00.000000000,2026-12-02T14:58:00.000000000,10,BiLSTM,pm2_5,35.0,34.3702,0.6298
2026-12-02T14:48:00.000000000,2026-12-02T14:58:00.000000000,10,BiLSTM,pm10,44.0,43.076,0.924
2026-12-02T14:48:00.000000000,2026-12-02T14:58:00.000000000,10,BiLSTM,co2,1946.0,2154.5474,-208.5474
2026-12-02T14:48:00.000000000,2026-12-02T14:58:00.000000000,10,BiLSTM,voc,61.0,75.6482,-14.6482
2026-12-02T14:49:00.000000000,2026-12-02T14:59:00.000000000,10,BiLSTM,pm1,22.0,21.137,0.863
2026-12-02T14:49:00.000000000,2026-12-02T14:59:00.000000000,10,BiLSTM,pm2_5,35.0,34.7577,0.2423
2026-12-02T14:49:00.000000000,2026-12-02T14:59:00.000000000,10,BiLSTM,pm10,44.0,43.7128,0.2872
2026-12-02T14:49:00.000000000,2026-12-02T14:59:00.000000000,10,BiLSTM,co2,1840.0,2172.623,-332.623
2026-12-02T14:49:00.000000000,2026-12-02T14:59:00.000000000,10,BiLSTM,voc,59.0,68.5099,-9.5099
2026-12-02T14:50:00.000000000,2026-12-02T15:00:00.000000000,10,BiLSTM,pm1,22.0,21.2136,0.7864
2026-12-02T14:50:00.000000000,2026-12-02T15:00:00.000000000,10,BiLSTM,pm2_5,35.0,34.8842,0.1158
2026-12-02T14:50:00.000000000,2026-12-02T15:00:00.000000000,10,BiLSTM,pm10,45.0,43.9595,1.0405
2026-12-02T14:50:00.000000000,2026-12-02T15:00:00.000000000,10,BiLSTM,co2,1827.0,2153.3159,-326.3159
2026-12-02T14:50:00.000000000,2026-12-02T15:00:00.000000000,10,BiLSTM,voc,60.0,67.3044,-7.3044
2026-12-02T14:51:00.000000000,2026-12-02T15:01:00.000000000,10,BiLSTM,pm1,21.0,21.3825,-0.3825
2026-12-02T14:51:00.000000000,2026-12-02T15:01:00.000000000,10,BiLSTM,pm2_5,34.0,35.1109,-1.1109
2026-12-02T14:51:00.000000000,2026-12-02T15:01:00.000000000,10,BiLSTM,pm10,43.0,44.3454,-1.3454
2026-12-02T14:51:00.000000000,2026-12-02T15:01:00.000000000,10,BiLSTM,co2,1873.0,2139.1499,-266.1499
2026-12-02T14:51:00.000000000,2026-12-02T15:01:00.000000000,10,BiLSTM,voc,60.0,69.3089,-9.3089
2026-12-02T14:52:00.000000000,2026-12-02T15:02:00.000000000,10,BiLSTM,pm1,21.0,21.5061,-0.5061
2026-12-02T14:52:00.000000000,2026-12-02T15:02:00.000000000,10,BiLSTM,pm2_5,35.0,35.2815,-0.2815
2026-12-02T14:52:00.000000000,2026-12-02T15:02:00.000000000,10,BiLSTM,pm10,45.0,44.6727,0.3273
2026-12-02T14:52:00.000000000,2026-12-02T15:02:00.000000000,10,BiLSTM,co2,1911.0,2121.0454,-210.0454
2026-12-02T14:52:00.000000000,2026-12-02T15:02:00.000000000,10,BiLSTM,voc,60.0,72.4924,-12.4924
2026-12-02T14:53:00.000000000,2026-12-02T15:03:00.000000000,10,BiLSTM,pm1,22.0,21.5374,0.4626
2026-12-02T14:53:00.000000000,2026-12-02T15:03:00.000000000,10,BiLSTM,pm2_5,35.0,35.3207,-0.3207
2026-12-02T14:53:00.000000000,2026-12-02T15:03:00.000000000,10,BiLSTM,pm10,46.0,44.7997,1.2003
2026-12-02T14:53:00.000000000,2026-12-02T15:03:00.000000000,10,BiLSTM,co2,1839.0,2095.2617,-256.2617
2026-12-02T14:53:00.000000000,2026-12-02T15:03:00.000000000,10,BiLSTM,voc,58.0,75.8626,-17.8626
2026-12-02T14:54:00.000000000,2026-12-02T15:04:00.000000000,10,BiLSTM,pm1,21.0,21.5959,-0.5959
2026-12-02T14:54:00.000000000,2026-12-02T15:04:00.000000000,10,BiLSTM,pm2_5,34.0,35.3924,-1.3924
2026-12-02T14:54:00.000000000,2026-12-02T15:04:00.000000000,10,BiLSTM,pm10,44.0,44.931,-0.931
2026-12-02T14:54:00.000000000,2026-12-02T15:04:00.000000000,10,BiLSTM,co2,1928.0,2070.6614,-142.6614
2026-12-02T14:54:00.000000000,2026-12-02T15:04:00.000000000,10,BiLSTM,voc,58.0,77.3558,-19.3558
2026-12-02T14:55:00.000000000,2026-12-02T15:05:00.000000000,10,BiLSTM,pm1,21.0,21.8213,-0.8213
2026-12-02T14:55:00.000000000,2026-12-02T15:05:00.000000000,10,BiLSTM,pm2_5,34.0,35.7261,-1.7261
2026-12-02T14:55:00.000000000,2026-12-02T15:05:00.000000000,10,BiLSTM,pm10,43.0,45.4171,-2.4171
2026-12-02T14:55:00.000000000,2026-12-02T15:05:00.000000000,10,BiLSTM,co2,1950.0,2069.7471,-119.7471
2026-12-02T14:55:00.000000000,2026-12-02T15:05:00.000000000,10,BiLSTM,voc,58.0,75.9543,-17.9543
2026-12-02T14:56:00.000000000,2026-12-02T15:06:00.000000000,10,BiLSTM,pm1,22.0,21.8221,0.1779
2026-12-02T14:56:00.000000000,2026-12-02T15:06:00.000000000,10,BiLSTM,pm2_5,34.0,35.7116,-1.7116
2026-12-02T14:56:00.000000000,2026-12-02T15:06:00.000000000,10,BiLSTM,pm10,42.0,45.4297,-3.4297
2026-12-02T14:56:00.000000000,2026-12-02T15:06:00.000000000,10,BiLSTM,co2,1972.0,2045.5922,-73.5922
2026-12-02T14:56:00.000000000,2026-12-02T15:06:00.000000000,10,BiLSTM,voc,61.0,77.3343,-16.3343
2026-12-02T14:57:00.000000000,2026-12-02T15:07:00.000000000,10,BiLSTM,pm1,21.0,21.8942,-0.8942
2026-12-02T14:57:00.000000000,2026-12-02T15:07:00.000000000,10,BiLSTM,pm2_5,34.0,35.8046,-1.8046
2026-12-02T14:57:00.000000000,2026-12-02T15:07:00.000000000,10,BiLSTM,pm10,44.0,45.5813,-1.5813
2026-12-02T14:57:00.000000000,2026-12-02T15:07:00.000000000,10,BiLSTM,co2,2011.0001,2024.1306,-13.1305
2026-12-02T14:57:00.000000000,2026-12-02T15:07:00.000000000,10,BiLSTM,voc,61.0,78.4448,-17.4448
2026-12-02T14:58:00.000000000,2026-12-02T15:08:00.000000000,10,BiLSTM,pm1,21.0,22.014,-1.014
2026-12-02T14:58:00.000000000,2026-12-02T15:08:00.000000000,10,BiLSTM,pm2_5,33.0,35.9645,-2.9645
2026-12-02T14:58:00.000000000,2026-12-02T15:08:00.000000000,10,BiLSTM,pm10,43.0,45.7765,-2.7765
2026-12-02T14:58:00.000000000,2026-12-02T15:08:00.000000000,10,BiLSTM,co2,2038.9999,2012.8903,26.1096
2026-12-02T14:58:00.000000000,2026-12-02T15:08:00.000000000,10,BiLSTM,voc,60.0,78.0221,-18.0221
2026-12-02T14:59:00.000000000,2026-12-02T15:09:00.000000000,10,BiLSTM,pm1,21.0,22.0881,-1.0881
2026-12-02T14:59:00.000000000,2026-12-02T15:09:00.000000000,10,BiLSTM,pm2_5,34.0,36.0453,-2.0453
2026-12-02T14:59:00.000000000,2026-12-02T15:09:00.000000000,10,BiLSTM,pm10,43.0,45.9066,-2.9066
2026-12-02T14:59:00.000000000,2026-12-02T15:09:00.000000000,10,BiLSTM,co2,2004.0,1994.7096,9.2904
2026-12-02T14:59:00.000000000,2026-12-02T15:09:00.000000000,10,BiLSTM,voc,59.0,79.6348,-20.6348
2026-12-02T15:00:00.000000000,2026-12-02T15:10:00.000000000,10,BiLSTM,pm1,22.0,22.1156,-0.1156
2026-12-02T15:00:00.000000000,2026-12-02T15:10:00.000000000,10,BiLSTM,pm2_5,34.0,36.0719,-2.0719
2026-12-02T15:00:00.000000000,2026-12-02T15:10:00.000000000,10,BiLSTM,pm10,44.0,45.9282,-1.9282
2026-12-02T15:00:00.000000000,2026-12-02T15:10:00.000000000,10,BiLSTM,co2,2020.0,1974.5892,45.4108
2026-12-02T15:00:00.000000000,2026-12-02T15:10:00.000000000,10,BiLSTM,voc,72.0,81.7194,-9.7194
2026-12-02T15:01:00.000000000,2026-12-02T15:11:00.000000000,10,BiLSTM,pm1,22.0,22.161,-0.161
2026-12-02T15:01:00.000000000,2026-12-02T15:11:00.000000000,10,BiLSTM,pm2_5,35.0,36.1233,-1.1233
2026-12-02T15:01:00.000000000,2026-12-02T15:11:00.000000000,10,BiLSTM,pm10,46.0,45.995,0.005
2026-12-02T15:01:00.000000000,2026-12-02T15:11:00.000000000,10,BiLSTM,co2,1942.9999,1960.0903,-17.0905
2026-12-02T15:01:00.000000000,2026-12-02T15:11:00.000000000,10,BiLSTM,voc,78.0,82.6438,-4.6438
2026-12-02T15:02:00.000000000,2026-12-02T15:12:00.000000000,10,BiLSTM,pm1,21.0,21.9978,-0.9978
2026-12-02T15:02:00.000000000,2026-12-02T15:12:00.000000000,10,BiLSTM,pm2_5,34.0,35.8697,-1.8697
2026-12-02T15:02:00.000000000,2026-12-02T15:12:00.000000000,10,BiLSTM,pm10,44.0,45.5789,-1.5789
2026-12-02T15:02:00.000000000,2026-12-02T15:12:00.000000000,10,BiLSTM,co2,1944.9999,1920.6597,24.3402
2026-12-02T15:02:00.000000000,2026-12-02T15:12:00.000000000,10,BiLSTM,voc,70.0,88.387,-18.387
2026-12-02T15:03:00.000000000,2026-12-02T15:13:00.000000000,10,BiLSTM,pm1,22.0,22.0304,-0.0304
2026-12-02T15:03:00.000000000,2026-12-02T15:13:00.000000000,10,BiLSTM,pm2_5,34.0,35.915,-1.915
2026-12-02T15:03:00.000000000,2026-12-02T15:13:00.000000000,10,BiLSTM,pm10,44.0,45.6367,-1.6367
2026-12-02T15:03:00.000000000,2026-12-02T15:13:00.000000000,10,BiLSTM,co2,1974.0,1910.7593,63.2407
2026-12-02T15:03:00.000000000,2026-12-02T15:13:00.000000000,10,BiLSTM,voc,67.0,89.3174,-22.3174
2026-12-02T15:04:00.000000000,2026-12-02T15:14:00.000000000,10,BiLSTM,pm1,21.0,22.0786,-1.0786
2026-12-02T15:04:00.000000000,2026-12-02T15:14:00.000000000,10,BiLSTM,pm2_5,34.0,35.9694,-1.9694
2026-12-02T15:04:00.000000000,2026-12-02T15:14:00.000000000,10,BiLSTM,pm10,44.0,45.6902,-1.6902
2026-12-02T15:04:00.000000000,2026-12-02T15:14:00.000000000,10,BiLSTM,co2,1912.0,1904.7219,7.2781
2026-12-02T15:04:00.000000000,2026-12-02T15:14:00.000000000,10,BiLSTM,voc,66.0,90.9859,-24.9859
2026-12-02T15:05:00.000000000,2026-12-02T15:15:00.000000000,10,BiLSTM,pm1,21.0,22.0001,-1.0001
2026-12-02T15:05:00.000000000,2026-12-02T15:15:00.000000000,10,BiLSTM,pm2_5,35.0,35.8479,-0.8479
2026-12-02T15:05:00.000000000,2026-12-02T15:15:00.000000000,10,BiLSTM,pm10,45.0,45.4625,-0.4625
2026-12-02T15:05:00.000000000,2026-12-02T15:15:00.000000000,10,BiLSTM,co2,1935.0,1894.2693,40.7307
2026-12-02T15:05:00.000000000,2026-12-02T15:15:00.000000000,10,BiLSTM,voc,60.0,92.4821,-32.4821
2026-12-02T15:06:00.000000000,2026-12-02T15:16:00.000000000,10,BiLSTM,pm1,21.0,21.8912,-0.8912
2026-12-02T15:06:00.000000000,2026-12-02T15:16:00.000000000,10,BiLSTM,pm2_5,35.0,35.7247,-0.7247
2026-12-02T15:06:00.000000000,2026-12-02T15:16:00.000000000,10,BiLSTM,pm10,44.0,45.1966,-1.1966
2026-12-02T15:06:00.000000000,2026-12-02T15:16:00.000000000,10,BiLSTM,co2,1939.0001,1887.0227,51.9774
2026-12-02T15:06:00.000000000,2026-12-02T15:16:00.000000000,10,BiLSTM,voc,57.0,88.3676,-31.3676
2026-12-02T15:07:00.000000000,2026-12-02T15:17:00.000000000,10,BiLSTM,pm1,22.0,21.875,0.125
2026-12-02T15:07:00.000000000,2026-12-02T15:17:00.000000000,10,BiLSTM,pm2_5,35.0,35.7217,-0.7217
2026-12-02T15:07:00.000000000,2026-12-02T15:17:00.000000000,10,BiLSTM,pm10,44.0,45.0744,-1.0744
2026-12-02T15:07:00.000000000,2026-12-02T15:17:00.000000000,10,BiLSTM,co2,1924.0,1889.9192,34.0808
2026-12-02T15:07:00.000000000,2026-12-02T15:17:00.000000000,10,BiLSTM,voc,55.0,85.8005,-30.8005
2026-12-02T15:08:00.000000000,2026-12-02T15:18:00.000000000,10,BiLSTM,pm1,21.0,21.8845,-0.8845
2026-12-02T15:08:00.000000000,2026-12-02T15:18:00.000000000,10,BiLSTM,pm2_5,34.0,35.7352,-1.7352
2026-12-02T15:08:00.000000000,2026-12-02T15:18:00.000000000,10,BiLSTM,pm10,44.0,45.0657,-1.0657
2026-12-02T15:08:00.000000000,2026-12-02T15:18:00.000000000,10,BiLSTM,co2,1809.0,1899.5785,-90.5785
2026-12-02T15:08:00.000000000,2026-12-02T15:18:00.000000000,10,BiLSTM,voc,53.0,83.321,-30.321
2026-12-02T15:09:00.000000000,2026-12-02T15:19:00.000000000,10,BiLSTM,pm1,22.0,21.7686,0.2314
2026-12-02T15:09:00.000000000,2026-12-02T15:19:00.000000000,10,BiLSTM,pm2_5,35.0,35.5613,-0.5613
2026-12-02T15:09:00.000000000,2026-12-02T15:19:00.000000000,10,BiLSTM,pm10,44.0,44.7764,-0.7764
2026-12-02T15:09:00.000000000,2026-12-02T15:19:00.000000000,10,BiLSTM,co2,1751.0,1888.9385,-137.9385
2026-12-02T15:09:00.000000000,2026-12-02T15:19:00.000000000,10,BiLSTM,voc,54.0,84.6825,-30.6825
2026-12-02T15:10:00.000000000,2026-12-02T15:20:00.000000000,10,BiLSTM,pm1,22.0,21.6632,0.3368
2026-12-02T15:10:00.000000000,2026-12-02T15:20:00.000000000,10,BiLSTM,pm2_5,35.0,35.4187,-0.4187
2026-12-02T15:10:00.000000000,2026-12-02T15:20:00.000000000,10,BiLSTM,pm10,45.0,44.5424,0.4576
2026-12-02T15:10:00.000000000,2026-12-02T15:20:00.000000000,10,BiLSTM,co2,1774.0,1875.6178,-101.6178
2026-12-02T15:10:00.000000000,2026-12-02T15:20:00.000000000,10,BiLSTM,voc,49.0,86.0928,-37.0928
2026-12-02T15:11:00.000000000,2026-12-02T15:21:00.000000000,10,BiLSTM,pm1,23.0,21.7787,1.2213
2026-12-02T15:11:00.000000000,2026-12-02T15:21:00.000000000,10,BiLSTM,pm2_5,37.0,35.5978,1.4022
2026-12-02T15:11:00.000000000,2026-12-02T15:21:00.000000000,10,BiLSTM,pm10,47.0,44.768,2.232
2026-12-02T15:11:00.000000000,2026-12-02T15:21:00.000000000,10,BiLSTM,co2,1817.0,1898.4224,-81.4224
2026-12-02T15:11:00.000000000,2026-12-02T15:21:00.000000000,10,BiLSTM,voc,45.0,85.6774,-40.6774
2026-12-02T15:12:00.000000000,2026-12-02T15:22:00.000000000,10,BiLSTM,pm1,22.0,21.8253,0.1747
2026-12-02T15:12:00.000000000,2026-12-02T15:22:00.000000000,10,BiLSTM,pm2_5,36.0,35.6598,0.3402
2026-12-02T15:12:00.000000000,2026-12-02T15:22:00.000000000,10,BiLSTM,pm10,46.0,44.8707,1.1293
2026-12-02T15:12:00.000000000,2026-12-02T15:22:00.000000000,10,BiLSTM,co2,1779.0,1907.3628,-128.3628
2026-12-02T15:12:00.000000000,2026-12-02T15:22:00.000000000,10,BiLSTM,voc,45.0,88.8156,-43.8156
2026-12-02T15:13:00.000000000,2026-12-02T15:23:00.000000000,10,BiLSTM,pm1,22.0,21.6643,0.3357
2026-12-02T15:13:00.000000000,2026-12-02T15:23:00.000000000,10,BiLSTM,pm2_5,36.0,35.4495,0.5505
2026-12-02T15:13:00.000000000,2026-12-02T15:23:00.000000000,10,BiLSTM,pm10,47.0,44.5609,2.4391
2026-12-02T15:13:00.000000000,2026-12-02T15:23:00.000000000,10,BiLSTM,co2,1691.0,1897.4094,-206.4094
2026-12-02T15:13:00.000000000,2026-12-02T15:23:00.000000000,10,BiLSTM,voc,50.0,90.1708,-40.1708
2026-12-02T15:14:00.000000000,2026-12-02T15:24:00.000000000,10,BiLSTM,pm1,23.0,21.6397,1.3603
2026-12-02T15:14:00.000000000,2026-12-02T15:24:00.000000000,10,BiLSTM,pm2_5,37.0,35.4248,1.5752
2026-12-02T15:14:00.000000000,2026-12-02T15:24:00.000000000,10,BiLSTM,pm10,48.0,44.4937,3.5063
2026-12-02T15:14:00.000000000,2026-12-02T15:24:00.000000000,10,BiLSTM,co2,1687.0,1895.8441,-208.8441
2026-12-02T15:14:00.000000000,2026-12-02T15:24:00.000000000,10,BiLSTM,voc,49.0,89.644,-40.644
2026-12-02T15:15:00.000000000,2026-12-02T15:25:00.000000000,10,BiLSTM,pm1,23.0,21.5547,1.4453
2026-12-02T15:15:00.000000000,2026-12-02T15:25:00.000000000,10,BiLSTM,pm2_5,36.0,35.3134,0.6866
2026-12-02T15:15:00.000000000,2026-12-02T15:25:00.000000000,10,BiLSTM,pm10,47.0,44.3209,2.6791
2026-12-02T15:15:00.000000000,2026-12-02T15:25:00.000000000,10,BiLSTM,co2,1665.0,1892.8081,-227.8081
2026-12-02T15:15:00.000000000,2026-12-02T15:25:00.000000000,10,BiLSTM,voc,49.0,90.5221,-41.5221
2026-12-02T15:16:00.000000000,2026-12-02T15:26:00.000000000,10,BiLSTM,pm1,22.0,21.5833,0.4167
2026-12-02T15:16:00.000000000,2026-12-02T15:26:00.000000000,10,BiLSTM,pm2_5,35.0,35.3735,-0.3735
2026-12-02T15:16:00.000000000,2026-12-02T15:26:00.000000000,10,BiLSTM,pm10,45.0,44.4015,0.5985
2026-12-02T15:16:00.000000000,2026-12-02T15:26:00.000000000,10,BiLSTM,co2,1625.0,1900.7899,-275.7899
2026-12-02T15:16:00.000000000,2026-12-02T15:26:00.000000000,10,BiLSTM,voc,52.0,88.7912,-36.7912
2026-12-02T15:17:00.000000000,2026-12-02T15:27:00.000000000,10,BiLSTM,pm1,21.0,21.6524,-0.6524
2026-12-02T15:17:00.000000000,2026-12-02T15:27:00.000000000,10,BiLSTM,pm2_5,35.0,35.4705,-0.4705
2026-12-02T15:17:00.000000000,2026-12-02T15:27:00.000000000,10,BiLSTM,pm10,45.0,44.5226,0.4774
2026-12-02T15:17:00.000000000,2026-12-02T15:27:00.000000000,10,BiLSTM,co2,1673.0,1917.4579,-244.4579
2026-12-02T15:17:00.000000000,2026-12-02T15:27:00.000000000,10,BiLSTM,voc,50.0,85.1331,-35.1331
2026-12-02T15:18:00.000000000,2026-12-02T15:28:00.000000000,10,BiLSTM,pm1,22.0,21.6574,0.3426
2026-12-02T15:18:00.000000000,2026-12-02T15:28:00.000000000,10,BiLSTM,pm2_5,35.0,35.4641,-0.4641
2026-12-02T15:18:00.000000000,2026-12-02T15:28:00.000000000,10,BiLSTM,pm10,46.0,44.5124,1.4876
2026-12-02T15:18:00.000000000,2026-12-02T15:28:00.000000000,10,BiLSTM,co2,1746.0,1914.484,-168.484
2026-12-02T15:18:00.000000000,2026-12-02T15:28:00.000000000,10,BiLSTM,voc,48.0,85.5782,-37.5782
2026-12-02T15:19:00.000000000,2026-12-02T15:29:00.000000000,10,BiLSTM,pm1,23.0,21.5255,1.4745
2026-12-02T15:19:00.000000000,2026-12-02T15:29:00.000000000,10,BiLSTM,pm2_5,36.0,35.281,0.719
2026-12-02T15:19:00.000000000,2026-12-02T15:29:00.000000000,10,BiLSTM,pm10,47.0,44.2733,2.7267
2026-12-02T15:19:00.000000000,2026-12-02T15:29:00.000000000,10,BiLSTM,co2,1796.0,1901.778,-105.778
2026-12-02T15:19:00.000000000,2026-12-02T15:29:00.000000000,10,BiLSTM,voc,47.0,86.338,-39.338
2026-12-02T15:20:00.000000000,2026-12-02T15:30:00.000000000,10,BiLSTM,pm1,23.0,21.6838,1.3162
2026-12-02T15:20:00.000000000,2026-12-02T15:30:00.000000000,10,BiLSTM,pm2_5,37.0,35.5197,1.4803
2026-12-02T15:20:00.000000000,2026-12-02T15:30:00.000000000,10,BiLSTM,pm10,47.0,44.5891,2.4109
2026-12-02T15:20:00.000000000,2026-12-02T15:30:00.000000000,10,BiLSTM,co2,1740.0,1922.7766,-182.7766
2026-12-02T15:20:00.000000000,2026-12-02T15:30:00.000000000,10,BiLSTM,voc,47.0,82.1206,-35.1206
2026-12-02T15:21:00.000000000,2026-12-02T15:31:00.000000000,10,BiLSTM,pm1,23.0,21.7455,1.2545
2026-12-02T15:21:00.000000000,2026-12-02T15:31:00.000000000,10,BiLSTM,pm2_5,37.0,35.5982,1.4018
2026-12-02T15:21:00.000000000,2026-12-02T15:31:00.000000000,10,BiLSTM,pm10,47.0,44.7297,2.2703
2026-12-02T15:21:00.000000000,2026-12-02T15:31:00.000000000,10,BiLSTM,co2,1790.0,1924.2661,-134.2661
2026-12-02T15:21:00.000000000,2026-12-02T15:31:00.000000000,10,BiLSTM,voc,49.0,79.9946,-30.9946
2026-12-02T15:22:00.000000000,2026-12-02T15:32:00.000000000,10,BiLSTM,pm1,23.0,21.9465,1.0535
2026-12-02T15:22:00.000000000,2026-12-02T15:32:00.000000000,10,BiLSTM,pm2_5,37.0,35.9096,1.0904
2026-12-02T15:22:00.000000000,2026-12-02T15:32:00.000000000,10,BiLSTM,pm10,47.0,45.2328,1.7672
2026-12-02T15:22:00.000000000,2026-12-02T15:32:00.000000000,10,BiLSTM,co2,1744.0,1934.0734,-190.0734
2026-12-02T15:22:00.000000000,2026-12-02T15:32:00.000000000,10,BiLSTM,voc,47.0,75.876,-28.876
2026-12-02T15:23:00.000000000,2026-12-02T15:33:00.000000000,10,BiLSTM,pm1,23.0,21.996,1.004
2026-12-02T15:23:00.000000000,2026-12-02T15:33:00.000000000,10,BiLSTM,pm2_5,37.0,35.9679,1.0321
2026-12-02T15:23:00.000000000,2026-12-02T15:33:00.000000000,10,BiLSTM,pm10,48.0,45.371,2.629
2026-12-02T15:23:00.000000000,2026-12-02T15:33:00.000000000,10,BiLSTM,co2,1702.0,1924.931,-222.931
2026-12-02T15:23:00.000000000,2026-12-02T15:33:00.000000000,10,BiLSTM,voc,46.0,77.1227,-31.1227
2026-12-02T15:24:00.000000000,2026-12-02T15:34:00.000000000,10,BiLSTM,pm1,23.0,22.1371,0.8629
2026-12-02T15:24:00.000000000,2026-12-02T15:34:00.000000000,10,BiLSTM,pm2_5,37.0,36.1756,0.8244
2026-12-02T15:24:00.000000000,2026-12-02T15:34:00.000000000,10,BiLSTM,pm10,48.0,45.7709,2.2291
2026-12-02T15:24:00.000000000,2026-12-02T15:34:00.000000000,10,BiLSTM,co2,1697.0,1925.2931,-228.2931
2026-12-02T15:24:00.000000000,2026-12-02T15:34:00.000000000,10,BiLSTM,voc,45.0,76.6039,-31.6039
2026-12-02T15:25:00.000000000,2026-12-02T15:35:00.000000000,10,BiLSTM,pm1,23.0,22.3331,0.6669
2026-12-02T15:25:00.000000000,2026-12-02T15:35:00.000000000,10,BiLSTM,pm2_5,37.0,36.4403,0.5597
2026-12-02T15:25:00.000000000,2026-12-02T15:35:00.000000000,10,BiLSTM,pm10,47.0,46.2394,0.7606
2026-12-02T15:25:00.000000000,2026-12-02T15:35:00.000000000,10,BiLSTM,co2,1652.0,1921.7644,-269.7644
2026-12-02T15:25:00.000000000,2026-12-02T15:35:00.000000000,10,BiLSTM,voc,44.0,77.7571,-33.7571
2026-12-02T15:26:00.000000000,2026-12-02T15:36:00.000000000,10,BiLSTM,pm1,23.0,22.3599,0.6401
2026-12-02T15:26:00.000000000,2026-12-02T15:36:00.000000000,10,BiLSTM,pm2_5,37.0,36.4457,0.5543
2026-12-02T15:26:00.000000000,2026-12-02T15:36:00.000000000,10,BiLSTM,pm10,47.0,46.3044,0.6956
2026-12-02T15:26:00.000000000,2026-12-02T15:36:00.000000000,10,BiLSTM,co2,1680.0,1896.343,-216.343
2026-12-02T15:26:00.000000000,2026-12-02T15:36:00.000000000,10,BiLSTM,voc,44.0,79.0362,-35.0362
2026-12-02T15:27:00.000000000,2026-12-02T15:37:00.000000000,10,BiLSTM,pm1,23.0,22.324,0.676
2026-12-02T15:27:00.000000000,2026-12-02T15:37:00.000000000,10,BiLSTM,pm2_5,37.0,36.3351,0.6649
2026-12-02T15:27:00.000000000,2026-12-02T15:37:00.000000000,10,BiLSTM,pm10,48.0,46.1764,1.8236
2026-12-02T15:27:00.000000000,2026-12-02T15:37:00.000000000,10,BiLSTM,co2,1654.0,1864.9774,-210.9774
2026-12-02T15:27:00.000000000,2026-12-02T15:37:00.000000000,10,BiLSTM,voc,44.0,83.4202,-39.4202
2026-12-02T15:28:00.000000000,2026-12-02T15:38:00.000000000,10,BiLSTM,pm1,23.0,22.4114,0.5886
2026-12-02T15:28:00.000000000,2026-12-02T15:38:00.000000000,10,BiLSTM,pm2_5,38.0,36.4518,1.5482
2026-12-02T15:28:00.000000000,2026-12-02T15:38:00.000000000,10,BiLSTM,pm10,48.0,46.3887,1.6113
2026-12-02T15:28:00.000000000,2026-12-02T15:38:00.000000000,10,BiLSTM,co2,1590.0,1861.9296,-271.9296
2026-12-02T15:28:00.000000000,2026-12-02T15:38:00.000000000,10,BiLSTM,voc,65.0,84.4972,-19.4972
2026-12-02T15:29:00.000000000,2026-12-02T15:39:00.000000000,10,BiLSTM,pm1,23.0,22.481,0.519
2026-12-02T15:29:00.000000000,2026-12-02T15:39:00.000000000,10,BiLSTM,pm2_5,37.0,36.5322,0.4678
2026-12-02T15:29:00.000000000,2026-12-02T15:39:00.000000000,10,BiLSTM,pm10,46.0,46.5317,-0.5317
2026-12-02T15:29:00.000000000,2026-12-02T15:39:00.000000000,10,BiLSTM,co2,1532.0,1848.4508,-316.4508
2026-12-02T15:29:00.000000000,2026-12-02T15:39:00.000000000,10,BiLSTM,voc,117.0,86.379,30.621
2026-12-02T15:30:00.000000000,2026-12-02T15:40:00.000000000,10,BiLSTM,pm1,23.0,22.6925,0.3075
2026-12-02T15:30:00.000000000,2026-12-02T15:40:00.000000000,10,BiLSTM,pm2_5,37.0,36.8239,0.1761
2026-12-02T15:30:00.000000000,2026-12-02T15:40:00.000000000,10,BiLSTM,pm10,48.0,46.9949,1.0051
2026-12-02T15:30:00.000000000,2026-12-02T15:40:00.000000000,10,BiLSTM,co2,1530.0,1857.8735,-327.8735
2026-12-02T15:30:00.000000000,2026-12-02T15:40:00.000000000,10,BiLSTM,voc,99.0,85.9741,13.0259
2026-12-02T15:31:00.000000000,2026-12-02T15:41:00.000000000,10,BiLSTM,pm1,23.0,22.786,0.214
2026-12-02T15:31:00.000000000,2026-12-02T15:41:00.000000000,10,BiLSTM,pm2_5,37.0,36.9337,0.0663
2026-12-02T15:31:00.000000000,2026-12-02T15:41:00.000000000,10,BiLSTM,pm10,47.0,47.1863,-0.1863
2026-12-02T15:31:00.000000000,2026-12-02T15:41:00.000000000,10,BiLSTM,co2,1601.0,1849.8524,-248.8524
2026-12-02T15:31:00.000000000,2026-12-02T15:41:00.000000000,10,BiLSTM,voc,74.0,89.1144,-15.1144
2026-12-02T15:32:00.000000000,2026-12-02T15:42:00.000000000,10,BiLSTM,pm1,23.0,22.8677,0.1323
2026-12-02T15:32:00.000000000,2026-12-02T15:42:00.000000000,10,BiLSTM,pm2_5,37.0,37.0406,-0.0406
2026-12-02T15:32:00.000000000,2026-12-02T15:42:00.000000000,10,BiLSTM,pm10,47.0,47.3852,-0.3852
2026-12-02T15:32:00.000000000,2026-12-02T15:42:00.000000000,10,BiLSTM,co2,1670.0,1845.3831,-175.3831
2026-12-02T15:32:00.000000000,2026-12-02T15:42:00.000000000,10,BiLSTM,voc,61.0,90.93,-29.93
2026-12-02T15:33:00.000000000,2026-12-02T15:43:00.000000000,10,BiLSTM,pm1,23.0,22.8932,0.1068
2026-12-02T15:33:00.000000000,2026-12-02T15:43:00.000000000,10,BiLSTM,pm2_5,37.0,37.0638,-0.0638
2026-12-02T15:33:00.000000000,2026-12-02T15:43:00.000000000,10,BiLSTM,pm10,48.0,47.4685,0.5315
2026-12-02T15:33:00.000000000,2026-12-02T15:43:00.000000000,10,BiLSTM,co2,1684.0,1829.4626,-145.4626
2026-12-02T15:33:00.000000000,2026-12-02T15:43:00.000000000,10,BiLSTM,voc,71.0,93.5048,-22.5048
2026-12-02T15:34:00.000000000,2026-12-02T15:44:00.000000000,10,BiLSTM,pm1,23.0,23.0498,-0.0498
2026-12-02T15:34:00.000000000,2026-12-02T15:44:00.000000000,10,BiLSTM,pm2_5,37.0,37.2795,-0.2795
2026-12-02T15:34:00.000000000,2026-12-02T15:44:00.000000000,10,BiLSTM,pm10,49.0,47.8616,1.1384
2026-12-02T15:34:00.000000000,2026-12-02T15:44:00.000000000,10,BiLSTM,co2,1652.0,1835.0688,-183.0688
2026-12-02T15:34:00.000000000,2026-12-02T15:44:00.000000000,10,BiLSTM,voc,72.0,93.9223,-21.9223
2026-12-02T15:35:00.000000000,2026-12-02T15:45:00.000000000,10,BiLSTM,pm1,23.0,23.0902,-0.0902
2026-12-02T15:35:00.000000000,2026-12-02T15:45:00.000000000,10,BiLSTM,pm2_5,37.0,37.2942,-0.2942
2026-12-02T15:35:00.000000000,2026-12-02T15:45:00.000000000,10,BiLSTM,pm10,48.0,47.9507,0.0493
2026-12-02T15:35:00.000000000,2026-12-02T15:45:00.000000000,10,BiLSTM,co2,1647.0,1815.7939,-168.7939
2026-12-02T15:35:00.000000000,2026-12-02T15:45:00.000000000,10,BiLSTM,voc,64.0,98.1606,-34.1606
2026-12-02T15:36:00.000000000,2026-12-02T15:46:00.000000000,10,BiLSTM,pm1,23.0,23.1866,-0.1866
2026-12-02T15:36:00.000000000,2026-12-02T15:46:00.000000000,10,BiLSTM,pm2_5,38.0,37.4035,0.5965
2026-12-02T15:36:00.000000000,2026-12-02T15:46:00.000000000,10,BiLSTM,pm10,48.0,48.1843,-0.1843
2026-12-02T15:36:00.000000000,2026-12-02T15:46:00.000000000,10,BiLSTM,co2,1655.0,1807.6282,-152.6282
2026-12-02T15:36:00.000000000,2026-12-02T15:46:00.000000000,10,BiLSTM,voc,57.0,102.4147,-45.4147
2026-12-02T15:37:00.000000000,2026-12-02T15:47:00.000000000,10,BiLSTM,pm1,24.0,23.1875,0.8125
2026-12-02T15:37:00.000000000,2026-12-02T15:47:00.000000000,10,BiLSTM,pm2_5,37.0,37.3576,-0.3576
2026-12-02T15:37:00.000000000,2026-12-02T15:47:00.000000000,10,BiLSTM,pm10,48.0,48.159,-0.159
2026-12-02T15:37:00.000000000,2026-12-02T15:47:00.000000000,10,BiLSTM,co2,1727.0,1782.5936,-55.5936
2026-12-02T15:37:00.000000000,2026-12-02T15:47:00.000000000,10,BiLSTM,voc,52.0,108.8718,-56.8718
2026-12-02T15:38:00.000000000,2026-12-02T15:48:00.000000000,10,BiLSTM,pm1,23.0,23.3266,-0.3266
2026-12-02T15:38:00.000000000,2026-12-02T15:48:00.000000000,10,BiLSTM,pm2_5,37.0,37.5551,-0.5551
2026-12-02T15:38:00.000000000,2026-12-02T15:48:00.000000000,10,BiLSTM,pm10,47.0,48.5023,-1.5023
2026-12-02T15:38:00.000000000,2026-12-02T15:48:00.000000000,10,BiLSTM,co2,1636.0,1795.1683,-159.1683
2026-12-02T15:38:00.000000000,2026-12-02T15:48:00.000000000,10,BiLSTM,voc,51.0,107.2664,-56.2664
2026-12-02T15:39:00.000000000,2026-12-02T15:49:00.000000000,10,BiLSTM,pm1,23.0,23.414,-0.414
2026-12-02T15:39:00.000000000,2026-12-02T15:49:00.000000000,10,BiLSTM,pm2_5,37.0,37.693,-0.693
2026-12-02T15:39:00.000000000,2026-12-02T15:49:00.000000000,10,BiLSTM,pm10,49.0,48.7091,0.2909
2026-12-02T15:39:00.000000000,2026-12-02T15:49:00.000000000,10,BiLSTM,co2,1636.0,1795.9824,-159.9824
2026-12-02T15:39:00.000000000,2026-12-02T15:49:00.000000000,10,BiLSTM,voc,54.0,111.758,-57.758
2026-12-02T15:40:00.000000000,2026-12-02T15:50:00.000000000,10,BiLSTM,pm1,23.0,23.3738,-0.3738
2026-12-02T15:40:00.000000000,2026-12-02T15:50:00.000000000,10,BiLSTM,pm2_5,38.0,37.6476,0.3524
2026-12-02T15:40:00.000000000,2026-12-02T15:50:00.000000000,10,BiLSTM,pm10,48.0,48.6026,-0.6026
2026-12-02T15:40:00.000000000,2026-12-02T15:50:00.000000000,10,BiLSTM,co2,1619.0,1779.0328,-160.0328
2026-12-02T15:40:00.000000000,2026-12-02T15:50:00.000000000,10,BiLSTM,voc,68.0,128.9691,-60.9691
2026-12-02T15:41:00.000000000,2026-12-02T15:51:00.000000000,10,BiLSTM,pm1,23.0,23.4851,-0.4851
2026-12-02T15:41:00.000000000,2026-12-02T15:51:00.000000000,10,BiLSTM,pm2_5,37.0,37.8004,-0.8004
2026-12-02T15:41:00.000000000,2026-12-02T15:51:00.000000000,10,BiLSTM,pm10,49.0,48.9075,0.0925
2026-12-02T15:41:00.000000000,2026-12-02T15:51:00.000000000,10,BiLSTM,co2,1651.0,1788.0929,-137.0929
2026-12-02T15:41:00.000000000,2026-12-02T15:51:00.000000000,10,BiLSTM,voc,73.0,132.9478,-59.9478
2026-12-02T15:42:00.000000000,2026-12-02T15:52:00.000000000,10,BiLSTM,pm1,23.0,23.5773,-0.5773
2026-12-02T15:42:00.000000000,2026-12-02T15:52:00.000000000,10,BiLSTM,pm2_5,37.0,37.9068,-0.9068
2026-12-02T15:42:00.000000000,2026-12-02T15:52:00.000000000,10,BiLSTM,pm10,48.0,49.1156,-1.1156
2026-12-02T15:42:00.000000000,2026-12-02T15:52:00.000000000,10,BiLSTM,co2,1688.0,1792.2537,-104.2537
2026-12-02T15:42:00.000000000,2026-12-02T15:52:00.000000000,10,BiLSTM,voc,68.0,129.4655,-61.4655
2026-12-02T15:43:00.000000000,2026-12-02T15:53:00.000000000,10,BiLSTM,pm1,23.0,23.6577,-0.6577
2026-12-02T15:43:00.000000000,2026-12-02T15:53:00.000000000,10,BiLSTM,pm2_5,37.0,37.9815,-0.9815
2026-12-02T15:43:00.000000000,2026-12-02T15:53:00.000000000,10,BiLSTM,pm10,48.0,49.2793,-1.2793
2026-12-02T15:43:00.000000000,2026-12-02T15:53:00.000000000,10,BiLSTM,co2,1727.0,1787.7147,-60.7147
2026-12-02T15:43:00.000000000,2026-12-02T15:53:00.000000000,10,BiLSTM,voc,61.0,128.076,-67.076
2026-12-02T15:44:00.000000000,2026-12-02T15:54:00.000000000,10,BiLSTM,pm1,23.0,23.6603,-0.6603
2026-12-02T15:44:00.000000000,2026-12-02T15:54:00.000000000,10,BiLSTM,pm2_5,37.0,37.9522,-0.9522
2026-12-02T15:44:00.000000000,2026-12-02T15:54:00.000000000,10,BiLSTM,pm10,48.0,49.2675,-1.2675
2026-12-02T15:44:00.000000000,2026-12-02T15:54:00.000000000,10,BiLSTM,co2,1700.0,1768.5332,-68.5332
2026-12-02T15:44:00.000000000,2026-12-02T15:54:00.000000000,10,BiLSTM,voc,57.0,132.0877,-75.0877
2026-12-02T15:45:00.000000000,2026-12-02T15:55:00.000000000,10,BiLSTM,pm1,23.0,23.6417,-0.6417
2026-12-02T15:45:00.000000000,2026-12-02T15:55:00.000000000,10,BiLSTM,pm2_5,37.0,37.8943,-0.8943
2026-12-02T15:45:00.000000000,2026-12-02T15:55:00.000000000,10,BiLSTM,pm10,48.0,49.203,-1.203
2026-12-02T15:45:00.000000000,2026-12-02T15:55:00.000000000,10,BiLSTM,co2,1728.0,1745.9924,-17.9924
2026-12-02T15:45:00.000000000,2026-12-02T15:55:00.000000000,10,BiLSTM,voc,55.0,137.6876,-82.6876
2026-12-02T15:46:00.000000000,2026-12-02T15:56:00.000000000,10,BiLSTM,pm1,23.0,23.6278,-0.6278
2026-12-02T15:46:00.000000000,2026-12-02T15:56:00.000000000,10,BiLSTM,pm2_5,37.0,37.8544,-0.8544
2026-12-02T15:46:00.000000000,2026-12-02T15:56:00.000000000,10,BiLSTM,pm10,47.0,49.1446,-2.1446
2026-12-02T15:46:00.000000000,2026-12-02T15:56:00.000000000,10,BiLSTM,co2,1694.0,1730.5432,-36.5432
2026-12-02T15:46:00.000000000,2026-12-02T15:56:00.000000000,10,BiLSTM,voc,53.0,140.4175,-87.4175
2026-12-02T15:47:00.000000000,2026-12-02T15:57:00.000000000,10,BiLSTM,pm1,23.0,23.6554,-0.6554
2026-12-02T15:47:00.000000000,2026-12-02T15:57:00.000000000,10,BiLSTM,pm2_5,37.0,37.8967,-0.8967
2026-12-02T15:47:00.000000000,2026-12-02T15:57:00.000000000,10,BiLSTM,pm10,48.0,49.1993,-1.1993
2026-12-02T15:47:00.000000000,2026-12-02T15:57:00.000000000,10,BiLSTM,co2,1667.0,1726.1993,-59.1993
2026-12-02T15:47:00.000000000,2026-12-02T15:57:00.000000000,10,BiLSTM,voc,54.0,139.1969,-85.1969
2026-12-02T15:48:00.000000000,2026-12-02T15:58:00.000000000,10,BiLSTM,pm1,23.0,23.674,-0.674
2026-12-02T15:48:00.000000000,2026-12-02T15:58:00.000000000,10,BiLSTM,pm2_5,37.0,37.9104,-0.9104
2026-12-02T15:48:00.000000000,2026-12-02T15:58:00.000000000,10,BiLSTM,pm10,48.0,49.2264,-1.2264
2026-12-02T15:48:00.000000000,2026-12-02T15:58:00.000000000,10,BiLSTM,co2,1702.0,1721.3995,-19.3995
2026-12-02T15:48:00.000000000,2026-12-02T15:58:00.000000000,10,BiLSTM,voc,55.0,138.0253,-83.0253
2026-12-02T15:49:00.000000000,2026-12-02T15:59:00.000000000,10,BiLSTM,pm1,23.0,23.652,-0.652
2026-12-02T15:49:00.000000000,2026-12-02T15:59:00.000000000,10,BiLSTM,pm2_5,36.0,37.8706,-1.8706
2026-12-02T15:49:00.000000000,2026-12-02T15:59:00.000000000,10,BiLSTM,pm10,48.0,49.1731,-1.1731
2026-12-02T15:49:00.000000000,2026-12-02T15:59:00.000000000,10,BiLSTM,co2,1668.0,1711.8606,-43.8606
2026-12-02T15:49:00.000000000,2026-12-02T15:59:00.000000000,10,BiLSTM,voc,59.0,139.3966,-80.3966
2026-12-02T15:50:00.000000000,2026-12-02T16:00:00.000000000,10,BiLSTM,pm1,23.0,23.6956,-0.6956
2026-12-02T15:50:00.000000000,2026-12-02T16:00:00.000000000,10,BiLSTM,pm2_5,37.0,37.9273,-0.9273
2026-12-02T15:50:00.000000000,2026-12-02T16:00:00.000000000,10,BiLSTM,pm10,48.0,49.2835,-1.2835
2026-12-02T15:50:00.000000000,2026-12-02T16:00:00.000000000,10,BiLSTM,co2,1673.0,1714.6665,-41.6665
2026-12-02T15:50:00.000000000,2026-12-02T16:00:00.000000000,10,BiLSTM,voc,62.0,138.464,-76.464
2026-12-02T15:51:00.000000000,2026-12-02T16:01:00.000000000,10,BiLSTM,pm1,23.0,23.714,-0.714
2026-12-02T15:51:00.000000000,2026-12-02T16:01:00.000000000,10,BiLSTM,pm2_5,37.0,37.9691,-0.9691
2026-12-02T15:51:00.000000000,2026-12-02T16:01:00.000000000,10,BiLSTM,pm10,47.0,49.3231,-2.3231
2026-12-02T15:51:00.000000000,2026-12-02T16:01:00.000000000,10,BiLSTM,co2,1726.0,1716.5756,9.4244
2026-12-02T15:51:00.000000000,2026-12-02T16:01:00.000000000,10,BiLSTM,voc,63.0,140.3204,-77.3204
2026-12-02T15:52:00.000000000,2026-12-02T16:02:00.000000000,10,BiLSTM,pm1,23.0,23.694,-0.694
2026-12-02T15:52:00.000000000,2026-12-02T16:02:00.000000000,10,BiLSTM,pm2_5,37.0,37.9354,-0.9354
2026-12-02T15:52:00.000000000,2026-12-02T16:02:00.000000000,10,BiLSTM,pm10,48.0,49.2872,-1.2872
2026-12-02T15:52:00.000000000,2026-12-02T16:02:00.000000000,10,BiLSTM,co2,1704.0,1711.9346,-7.9346
2026-12-02T15:52:00.000000000,2026-12-02T16:02:00.000000000,10,BiLSTM,voc,64.0,142.3804,-78.3804
2026-12-02T15:53:00.000000000,2026-12-02T16:03:00.000000000,10,BiLSTM,pm1,23.0,23.6588,-0.6588
2026-12-02T15:53:00.000000000,2026-12-02T16:03:00.000000000,10,BiLSTM,pm2_5,37.0,37.8767,-0.8767
2026-12-02T15:53:00.000000000,2026-12-02T16:03:00.000000000,10,BiLSTM,pm10,47.0,49.2077,-2.2077
2026-12-02T15:53:00.000000000,2026-12-02T16:03:00.000000000,10,BiLSTM,co2,1644.0,1702.7216,-58.7216
2026-12-02T15:53:00.000000000,2026-12-02T16:03:00.000000000,10,BiLSTM,voc,72.0,143.366,-71.366
2026-12-02T15:54:00.000000000,2026-12-02T16:04:00.000000000,10,BiLSTM,pm1,23.0,23.6568,-0.6568
2026-12-02T15:54:00.000000000,2026-12-02T16:04:00.000000000,10,BiLSTM,pm2_5,37.0,37.8573,-0.8573
2026-12-02T15:54:00.000000000,2026-12-02T16:04:00.000000000,10,BiLSTM,pm10,48.0,49.1924,-1.1924
2026-12-02T15:54:00.000000000,2026-12-02T16:04:00.000000000,10,BiLSTM,co2,1609.0,1697.551,-88.551
2026-12-02T15:54:00.000000000,2026-12-02T16:04:00.000000000,10,BiLSTM,voc,82.0,138.1283,-56.1283
2026-12-02T15:55:00.000000000,2026-12-02T16:05:00.000000000,10,BiLSTM,pm1,23.0,23.7079,-0.7079
2026-12-02T15:55:00.000000000,2026-12-02T16:05:00.000000000,10,BiLSTM,pm2_5,37.0,37.9469,-0.9469
2026-12-02T15:55:00.000000000,2026-12-02T16:05:00.000000000,10,BiLSTM,pm10,48.0,49.3363,-1.3363
2026-12-02T15:55:00.000000000,2026-12-02T16:05:00.000000000,10,BiLSTM,co2,1610.0,1710.3245,-100.3245
2026-12-02T15:55:00.000000000,2026-12-02T16:05:00.000000000,10,BiLSTM,voc,87.0,122.5157,-35.5157
2026-12-02T15:56:00.000000000,2026-12-02T16:06:00.000000000,10,BiLSTM,pm1,23.0,23.7572,-0.7572
2026-12-02T15:56:00.000000000,2026-12-02T16:06:00.000000000,10,BiLSTM,pm2_5,38.0,38.0308,-0.0308
2026-12-02T15:56:00.000000000,2026-12-02T16:06:00.000000000,10,BiLSTM,pm10,49.0,49.4788,-0.4788
2026-12-02T15:56:00.000000000,2026-12-02T16:06:00.000000000,10,BiLSTM,co2,1668.0,1717.9872,-49.9872
2026-12-02T15:56:00.000000000,2026-12-02T16:06:00.000000000,10,BiLSTM,voc,95.0,122.0505,-27.0505
2026-12-02T15:57:00.000000000,2026-12-02T16:07:00.000000000,10,BiLSTM,pm1,24.0,23.7604,0.2396
2026-12-02T15:57:00.000000000,2026-12-02T16:07:00.000000000,10,BiLSTM,pm2_5,38.0,38.0389,-0.0389
2026-12-02T15:57:00.000000000,2026-12-02T16:07:00.000000000,10,BiLSTM,pm10,50.0,49.5067,0.4933
2026-12-02T15:57:00.000000000,2026-12-02T16:07:00.000000000,10,BiLSTM,co2,1592.0,1723.7899,-131.7899
2026-12-02T15:57:00.000000000,2026-12-02T16:07:00.000000000,10,BiLSTM,voc,152.0,127.1281,24.8719
2026-12-02T15:58:00.000000000,2026-12-02T16:08:00.000000000,10,BiLSTM,pm1,23.0,23.7729,-0.7729
2026-12-02T15:58:00.000000000,2026-12-02T16:08:00.000000000,10,BiLSTM,pm2_5,38.0,38.05,-0.05
2026-12-02T15:58:00.000000000,2026-12-02T16:08:00.000000000,10,BiLSTM,pm10,49.0,49.5511,-0.5511
2026-12-02T15:58:00.000000000,2026-12-02T16:08:00.000000000,10,BiLSTM,co2,1626.0,1728.5005,-102.5005
2026-12-02T15:58:00.000000000,2026-12-02T16:08:00.000000000,10,BiLSTM,voc,151.0,130.8089,20.1911
2026-12-02T15:59:00.000000000,2026-12-02T16:09:00.000000000,10,BiLSTM,pm1,23.0,23.7736,-0.7736
2026-12-02T15:59:00.000000000,2026-12-02T16:09:00.000000000,10,BiLSTM,pm2_5,37.0,38.0524,-1.0524
2026-12-02T15:59:00.000000000,2026-12-02T16:09:00.000000000,10,BiLSTM,pm10,48.0,49.5564,-1.5564
2026-12-02T15:59:00.000000000,2026-12-02T16:09:00.000000000,10,BiLSTM,co2,1653.0,1728.3378,-75.3378
2026-12-02T15:59:00.000000000,2026-12-02T16:09:00.000000000,10,BiLSTM,voc,115.0,130.9734,-15.9734
2026-12-02T16:00:00.000000000,2026-12-02T16:10:00.000000000,10,BiLSTM,pm1,23.0,23.7536,-0.7536
2026-12-02T16:00:00.000000000,2026-12-02T16:10:00.000000000,10,BiLSTM,pm2_5,37.0,38.0242,-1.0242
2026-12-02T16:00:00.000000000,2026-12-02T16:10:00.000000000,10,BiLSTM,pm10,48.0,49.5142,-1.5142
2026-12-02T16:00:00.000000000,2026-12-02T16:10:00.000000000,10,BiLSTM,co2,1627.0,1725.4342,-98.4342
2026-12-02T16:00:00.000000000,2026-12-02T16:10:00.000000000,10,BiLSTM,voc,109.0,131.8958,-22.8958
2026-12-02T16:01:00.000000000,2026-12-02T16:11:00.000000000,10,BiLSTM,pm1,23.0,23.8252,-0.8252
2026-12-02T16:01:00.000000000,2026-12-02T16:11:00.000000000,10,BiLSTM,pm2_5,36.0,38.1385,-2.1385
2026-12-02T16:01:00.000000000,2026-12-02T16:11:00.000000000,10,BiLSTM,pm10,47.0,49.6927,-2.6927
2026-12-02T16:01:00.000000000,2026-12-02T16:11:00.000000000,10,BiLSTM,co2,1654.0,1737.5298,-83.5298
2026-12-02T16:01:00.000000000,2026-12-02T16:11:00.000000000,10,BiLSTM,voc,118.0,133.7432,-15.7432
2026-12-02T16:02:00.000000000,2026-12-02T16:12:00.000000000,10,BiLSTM,pm1,23.0,23.8423,-0.8423
2026-12-02T16:02:00.000000000,2026-12-02T16:12:00.000000000,10,BiLSTM,pm2_5,37.0,38.1622,-1.1622
2026-12-02T16:02:00.000000000,2026-12-02T16:12:00.000000000,10,BiLSTM,pm10,48.0,49.7278,-1.7278
2026-12-02T16:02:00.000000000,2026-12-02T16:12:00.000000000,10,BiLSTM,co2,1632.0,1737.9185,-105.9185
2026-12-02T16:02:00.000000000,2026-12-02T16:12:00.000000000,10,BiLSTM,voc,239.0,138.4615,100.5385
2026-12-02T16:03:00.000000000,2026-12-02T16:13:00.000000000,10,BiLSTM,pm1,23.0,23.8492,-0.8492
2026-12-02T16:03:00.000000000,2026-12-02T16:13:00.000000000,10,BiLSTM,pm2_5,37.0,38.1811,-1.1811
2026-12-02T16:03:00.000000000,2026-12-02T16:13:00.000000000,10,BiLSTM,pm10,47.0,49.7729,-2.7729
2026-12-02T16:03:00.000000000,2026-12-02T16:13:00.000000000,10,BiLSTM,co2,1608.0,1741.6112,-133.6112
2026-12-02T16:03:00.000000000,2026-12-02T16:13:00.000000000,10,BiLSTM,voc,200.0,138.6969,61.3031
2026-12-02T16:04:00.000000000,2026-12-02T16:14:00.000000000,10,BiLSTM,pm1,23.0,23.8522,-0.8522
2026-12-02T16:04:00.000000000,2026-12-02T16:14:00.000000000,10,BiLSTM,pm2_5,36.0,38.1939,-2.1939
2026-12-02T16:04:00.000000000,2026-12-02T16:14:00.000000000,10,BiLSTM,pm10,46.0,49.7666,-3.7666
2026-12-02T16:04:00.000000000,2026-12-02T16:14:00.000000000,10,BiLSTM,co2,1647.0,1748.6014,-101.6014
2026-12-02T16:04:00.000000000,2026-12-02T16:14:00.000000000,10,BiLSTM,voc,153.0,139.8286,13.1714
2026-12-02T16:05:00.000000000,2026-12-02T16:15:00.000000000,10,BiLSTM,pm1,23.0,23.837,-0.837
2026-12-02T16:05:00.000000000,2026-12-02T16:15:00.000000000,10,BiLSTM,pm2_5,36.0,38.1697,-2.1697
2026-12-02T16:05:00.000000000,2026-12-02T16:15:00.000000000,10,BiLSTM,pm10,47.0,49.7258,-2.7258
2026-12-02T16:05:00.000000000,2026-12-02T16:15:00.000000000,10,BiLSTM,co2,1725.0,1746.334,-21.334
2026-12-02T16:05:00.000000000,2026-12-02T16:15:00.000000000,10,BiLSTM,voc,123.0,142.7181,-19.7181
2026-12-02T16:06:00.000000000,2026-12-02T16:16:00.000000000,10,BiLSTM,pm1,22.0,23.8105,-1.8105
2026-12-02T16:06:00.000000000,2026-12-02T16:16:00.000000000,10,BiLSTM,pm2_5,36.0,38.1355,-2.1355
2026-12-02T16:06:00.000000000,2026-12-02T16:16:00.000000000,10,BiLSTM,pm10,46.0,49.6507,-3.6507
2026-12-02T16:06:00.000000000,2026-12-02T16:16:00.000000000,10,BiLSTM,co2,1685.0,1744.1244,-59.1244
2026-12-02T16:06:00.000000000,2026-12-02T16:16:00.000000000,10,BiLSTM,voc,103.0,143.1646,-40.1646
2026-12-02T16:07:00.000000000,2026-12-02T16:17:00.000000000,10,BiLSTM,pm1,22.0,23.8931,-1.8931
2026-12-02T16:07:00.000000000,2026-12-02T16:17:00.000000000,10,BiLSTM,pm2_5,36.0,38.2727,-2.2727
2026-12-02T16:07:00.000000000,2026-12-02T16:17:00.000000000,10,BiLSTM,pm10,46.0,49.8721,-3.8721
2026-12-02T16:07:00.000000000,2026-12-02T16:17:00.000000000,10,BiLSTM,co2,1685.0,1757.176,-72.176
2026-12-02T16:07:00.000000000,2026-12-02T16:17:00.000000000,10,BiLSTM,voc,103.0,143.0206,-40.0206
2026-12-02T16:08:00.000000000,2026-12-02T16:18:00.000000000,10,BiLSTM,pm1,22.0,24.0136,-2.0136
2026-12-02T16:08:00.000000000,2026-12-02T16:18:00.000000000,10,BiLSTM,pm2_5,36.0,38.4793,-2.4793
2026-12-02T16:08:00.000000000,2026-12-02T16:18:00.000000000,10,BiLSTM,pm10,47.0,50.1596,-3.1596
2026-12-02T16:08:00.000000000,2026-12-02T16:18:00.000000000,10,BiLSTM,co2,1685.0,1775.6078,-90.6078
2026-12-02T16:08:00.000000000,2026-12-02T16:18:00.000000000,10,BiLSTM,voc,81.0,155.6289,-74.6289
2026-12-02T16:09:00.000000000,2026-12-02T16:19:00.000000000,10,BiLSTM,pm1,23.0,24.0342,-1.0342
2026-12-02T16:09:00.000000000,2026-12-02T16:19:00.000000000,10,BiLSTM,pm2_5,36.0,38.509,-2.509
2026-12-02T16:09:00.000000000,2026-12-02T16:19:00.000000000,10,BiLSTM,pm10,47.0,50.2245,-3.2245
2026-12-02T16:09:00.000000000,2026-12-02T16:19:00.000000000,10,BiLSTM,co2,1655.0,1774.3029,-119.3029
2026-12-02T16:09:00.000000000,2026-12-02T16:19:00.000000000,10,BiLSTM,voc,78.0,169.3032,-91.3032
2026-12-02T16:10:00.000000000,2026-12-02T16:20:00.000000000,10,BiLSTM,pm1,23.0,23.9741,-0.9741
2026-12-02T16:10:00.000000000,2026-12-02T16:20:00.000000000,10,BiLSTM,pm2_5,36.0,38.3818,-2.3818
2026-12-02T16:10:00.000000000,2026-12-02T16:20:00.000000000,10,BiLSTM,pm10,48.0,50.0697,-2.0697
2026-12-02T16:10:00.000000000,2026-12-02T16:20:00.000000000,10,BiLSTM,co2,1677.0,1756.8153,-79.8153
2026-12-02T16:10:00.000000000,2026-12-02T16:20:00.000000000,10,BiLSTM,voc,84.0,171.3909,-87.3909
2026-12-02T16:11:00.000000000,2026-12-02T16:21:00.000000000,10,BiLSTM,pm1,23.0,23.9323,-0.9323
2026-12-02T16:11:00.000000000,2026-12-02T16:21:00.000000000,10,BiLSTM,pm2_5,37.0,38.2976,-1.2976
2026-12-02T16:11:00.000000000,2026-12-02T16:21:00.000000000,10,BiLSTM,pm10,48.0,49.9483,-1.9483
2026-12-02T16:11:00.000000000,2026-12-02T16:21:00.000000000,10,BiLSTM,co2,1732.0,1742.0648,-10.0648
2026-12-02T16:11:00.000000000,2026-12-02T16:21:00.000000000,10,BiLSTM,voc,264.0,171.9522,92.0478
2026-12-02T16:12:00.000000000,2026-12-02T16:22:00.000000000,10,BiLSTM,pm1,23.0,23.867,-0.867
2026-12-02T16:12:00.000000000,2026-12-02T16:22:00.000000000,10,BiLSTM,pm2_5,36.0,38.1958,-2.1958
2026-12-02T16:12:00.000000000,2026-12-02T16:22:00.000000000,10,BiLSTM,pm10,47.0,49.7765,-2.7765
2026-12-02T16:12:00.000000000,2026-12-02T16:22:00.000000000,10,BiLSTM,co2,1713.0,1728.5609,-15.5609
2026-12-02T16:12:00.000000000,2026-12-02T16:22:00.000000000,10,BiLSTM,voc,489.0,175.9856,313.0144
2026-12-02T16:13:00.000000000,2026-12-02T16:23:00.000000000,10,BiLSTM,pm1,23.0,23.8948,-0.8948
2026-12-02T16:13:00.000000000,2026-12-02T16:23:00.000000000,10,BiLSTM,pm2_5,36.0,38.2967,-2.2967
2026-12-02T16:13:00.000000000,2026-12-02T16:23:00.000000000,10,BiLSTM,pm10,48.0,49.8263,-1.8263
2026-12-02T16:13:00.000000000,2026-12-02T16:23:00.000000000,10,BiLSTM,co2,1677.0,1735.5895,-58.5895
2026-12-02T16:13:00.000000000,2026-12-02T16:23:00.000000000,10,BiLSTM,voc,499.0,201.4887,297.5113
2026-12-02T16:14:00.000000000,2026-12-02T16:24:00.000000000,10,BiLSTM,pm1,23.0,23.8806,-0.8806
2026-12-02T16:14:00.000000000,2026-12-02T16:24:00.000000000,10,BiLSTM,pm2_5,36.0,38.2732,-2.2732
2026-12-02T16:14:00.000000000,2026-12-02T16:24:00.000000000,10,BiLSTM,pm10,47.0,49.8007,-2.8007
2026-12-02T16:14:00.000000000,2026-12-02T16:24:00.000000000,10,BiLSTM,co2,1661.0,1730.749,-69.749
2026-12-02T16:14:00.000000000,2026-12-02T16:24:00.000000000,10,BiLSTM,voc,499.0,214.3316,284.6684
2026-12-02T16:15:00.000000000,2026-12-02T16:25:00.000000000,10,BiLSTM,pm1,23.0,23.8093,-0.8093
2026-12-02T16:15:00.000000000,2026-12-02T16:25:00.000000000,10,BiLSTM,pm2_5,37.0,38.1142,-1.1142
2026-12-02T16:15:00.000000000,2026-12-02T16:25:00.000000000,10,BiLSTM,pm10,47.0,49.5993,-2.5993
2026-12-02T16:15:00.000000000,2026-12-02T16:25:00.000000000,10,BiLSTM,co2,1700.0,1713.7759,-13.7759
2026-12-02T16:15:00.000000000,2026-12-02T16:25:00.000000000,10,BiLSTM,voc,499.0,210.2676,288.7324
2026-12-02T16:16:00.000000000,2026-12-02T16:26:00.000000000,10,BiLSTM,pm1,23.0,23.701,-0.701
2026-12-02T16:16:00.000000000,2026-12-02T16:26:00.000000000,10,BiLSTM,pm2_5,37.0,37.9054,-0.9054
2026-12-02T16:16:00.000000000,2026-12-02T16:26:00.000000000,10,BiLSTM,pm10,47.0,49.2883,-2.2883
2026-12-02T16:16:00.000000000,2026-12-02T16:26:00.000000000,10,BiLSTM,co2,1701.0,1691.5317,9.4683
2026-12-02T16:16:00.000000000,2026-12-02T16:26:00.000000000,10,BiLSTM,voc,499.0,205.2453,293.7547
2026-12-02T16:17:00.000000000,2026-12-02T16:27:00.000000000,10,BiLSTM,pm1,22.0,23.5548,-1.5548
2026-12-02T16:17:00.000000000,2026-12-02T16:27:00.000000000,10,BiLSTM,pm2_5,36.0,37.6776,-1.6776
2026-12-02T16:17:00.000000000,2026-12-02T16:27:00.000000000,10,BiLSTM,pm10,46.0,48.9159,-2.9159
2026-12-02T16:17:00.000000000,2026-12-02T16:27:00.000000000,10,BiLSTM,co2,1708.0,1672.2118,35.7882
2026-12-02T16:17:00.000000000,2026-12-02T16:27:00.000000000,10,BiLSTM,voc,499.0,199.9953,299.0047
2026-12-02T16:18:00.000000000,2026-12-02T16:28:00.000000000,10,BiLSTM,pm1,23.0,23.4245,-0.4245
2026-12-02T16:18:00.000000000,2026-12-02T16:28:00.000000000,10,BiLSTM,pm2_5,36.0,37.4902,-1.4902
2026-12-02T16:18:00.000000000,2026-12-02T16:28:00.000000000,10,BiLSTM,pm10,46.0,48.5813,-2.5813
2026-12-02T16:18:00.000000000,2026-12-02T16:28:00.000000000,10,BiLSTM,co2,1736.0,1656.2101,79.7899
2026-12-02T16:18:00.000000000,2026-12-02T16:28:00.000000000,10,BiLSTM,voc,498.0,196.8891,301.1109
2026-12-02T16:19:00.000000000,2026-12-02T16:29:00.000000000,10,BiLSTM,pm1,22.0,23.3522,-1.3522
2026-12-02T16:19:00.000000000,2026-12-02T16:29:00.000000000,10,BiLSTM,pm2_5,36.0,37.3762,-1.3762
2026-12-02T16:19:00.000000000,2026-12-02T16:29:00.000000000,10,BiLSTM,pm10,47.0,48.3904,-1.3904
2026-12-02T16:19:00.000000000,2026-12-02T16:29:00.000000000,10,BiLSTM,co2,1734.0,1651.6957,82.3043
2026-12-02T16:19:00.000000000,2026-12-02T16:29:00.000000000,10,BiLSTM,voc,497.0,188.223,308.777
2026-12-02T16:20:00.000000000,2026-12-02T16:30:00.000000000,10,BiLSTM,pm1,23.0,23.3193,-0.3193
2026-12-02T16:20:00.000000000,2026-12-02T16:30:00.000000000,10,BiLSTM,pm2_5,37.0,37.3273,-0.3273
2026-12-02T16:20:00.000000000,2026-12-02T16:30:00.000000000,10,BiLSTM,pm10,47.0,48.2835,-1.2835
2026-12-02T16:20:00.000000000,2026-12-02T16:30:00.000000000,10,BiLSTM,co2,1662.0,1650.4608,11.5392
2026-12-02T16:20:00.000000000,2026-12-02T16:30:00.000000000,10,BiLSTM,voc,496.0,179.7273,316.2727
2026-12-02T16:21:00.000000000,2026-12-02T16:31:00.000000000,10,BiLSTM,pm1,23.0,23.3039,-0.3039
2026-12-02T16:21:00.000000000,2026-12-02T16:31:00.000000000,10,BiLSTM,pm2_5,37.0,37.3037,-0.3037
2026-12-02T16:21:00.000000000,2026-12-02T16:31:00.000000000,10,BiLSTM,pm10,46.0,48.2359,-2.2359
2026-12-02T16:21:00.000000000,2026-12-02T16:31:00.000000000,10,BiLSTM,co2,1671.0,1654.9465,16.0535
2026-12-02T16:21:00.000000000,2026-12-02T16:31:00.000000000,10,BiLSTM,voc,495.0,173.0191,321.9809
2026-12-02T16:22:00.000000000,2026-12-02T16:32:00.000000000,10,BiLSTM,pm1,23.0,23.2694,-0.2694
2026-12-02T16:22:00.000000000,2026-12-02T16:32:00.000000000,10,BiLSTM,pm2_5,37.0,37.3383,-0.3383
2026-12-02T16:22:00.000000000,2026-12-02T16:32:00.000000000,10,BiLSTM,pm10,47.0,48.1333,-1.1333
2026-12-02T16:22:00.000000000,2026-12-02T16:32:00.000000000,10,BiLSTM,co2,1780.0,1669.3832,110.6168
2026-12-02T16:22:00.000000000,2026-12-02T16:32:00.000000000,10,BiLSTM,voc,493.0,199.0694,293.9306
2026-12-02T16:23:00.000000000,2026-12-02T16:33:00.000000000,10,BiLSTM,pm1,23.0,23.1839,-0.1839
2026-12-02T16:23:00.000000000,2026-12-02T16:33:00.000000000,10,BiLSTM,pm2_5,37.0,37.403,-0.403
2026-12-02T16:23:00.000000000,2026-12-02T16:33:00.000000000,10,BiLSTM,pm10,47.0,48.0346,-1.0346
2026-12-02T16:23:00.000000000,2026-12-02T16:33:00.000000000,10,BiLSTM,co2,1766.0,1695.2552,70.7448
2026-12-02T16:23:00.000000000,2026-12-02T16:33:00.000000000,10,BiLSTM,voc,493.0,245.2113,247.7887
2026-12-02T16:24:00.000000000,2026-12-02T16:34:00.000000000,10,BiLSTM,pm1,23.0,23.1698,-0.1698
2026-12-02T16:24:00.000000000,2026-12-02T16:34:00.000000000,10,BiLSTM,pm2_5,37.0,37.4761,-0.4761
2026-12-02T16:24:00.000000000,2026-12-02T16:34:00.000000000,10,BiLSTM,pm10,48.0,48.1044,-0.1044
2026-12-02T16:24:00.000000000,2026-12-02T16:34:00.000000000,10,BiLSTM,co2,1731.0,1720.1456,10.8544
2026-12-02T16:24:00.000000000,2026-12-02T16:34:00.000000000,10,BiLSTM,voc,493.0,283.3834,209.6166
2026-12-02T16:25:00.000000000,2026-12-02T16:36:00.000000000,10,BiLSTM,pm1,23.0,23.1316,-0.1316
2026-12-02T16:25:00.000000000,2026-12-02T16:36:00.000000000,10,BiLSTM,pm2_5,38.0,37.4326,0.5674
2026-12-02T16:25:00.000000000,2026-12-02T16:36:00.000000000,10,BiLSTM,pm10,47.0,48.0376,-1.0376
2026-12-02T16:25:00.000000000,2026-12-02T16:36:00.000000000,10,BiLSTM,co2,1648.0,1717.5178,-69.5178
2026-12-02T16:25:00.000000000,2026-12-02T16:36:00.000000000,10,BiLSTM,voc,492.0,313.6119,178.3881
2026-12-02T16:26:00.000000000,2026-12-02T16:37:00.000000000,10,BiLSTM,pm1,23.0,23.1357,-0.1357
2026-12-02T16:26:00.000000000,2026-12-02T16:37:00.000000000,10,BiLSTM,pm2_5,37.0,37.439,-0.439
2026-12-02T16:26:00.000000000,2026-12-02T16:37:00.000000000,10,BiLSTM,pm10,47.0,48.0552,-1.0552
2026-12-02T16:26:00.000000000,2026-12-02T16:37:00.000000000,10,BiLSTM,co2,1651.0,1709.3475,-58.3475
2026-12-02T16:26:00.000000000,2026-12-02T16:37:00.000000000,10,BiLSTM,voc,492.0,337.1676,154.8324
2026-12-02T16:27:00.000000000,2026-12-02T16:38:00.000000000,10,BiLSTM,pm1,23.0,23.1477,-0.1477
2026-12-02T16:27:00.000000000,2026-12-02T16:38:00.000000000,10,BiLSTM,pm2_5,37.0,37.4424,-0.4424
2026-12-02T16:27:00.000000000,2026-12-02T16:38:00.000000000,10,BiLSTM,pm10,48.0,48.0735,-0.0735
2026-12-02T16:27:00.000000000,2026-12-02T16:38:00.000000000,10,BiLSTM,co2,1611.0,1699.9635,-88.9635
2026-12-02T16:27:00.000000000,2026-12-02T16:38:00.000000000,10,BiLSTM,voc,490.0,350.2108,139.7892
2026-12-02T16:28:00.000000000,2026-12-02T16:39:00.000000000,10,BiLSTM,pm1,23.0,23.0678,-0.0678
2026-12-02T16:28:00.000000000,2026-12-02T16:39:00.000000000,10,BiLSTM,pm2_5,37.0,37.3208,-0.3208
2026-12-02T16:28:00.000000000,2026-12-02T16:39:00.000000000,10,BiLSTM,pm10,47.0,47.8269,-0.8269
2026-12-02T16:28:00.000000000,2026-12-02T16:39:00.000000000,10,BiLSTM,co2,1605.0,1672.8955,-67.8955
2026-12-02T16:28:00.000000000,2026-12-02T16:39:00.000000000,10,BiLSTM,voc,481.0,348.5346,132.4654
2026-12-02T16:29:00.000000000,2026-12-02T16:40:00.000000000,10,BiLSTM,pm1,23.0,23.0787,-0.0787
2026-12-02T16:29:00.000000000,2026-12-02T16:40:00.000000000,10,BiLSTM,pm2_5,37.0,37.3571,-0.3571
2026-12-02T16:29:00.000000000,2026-12-02T16:40:00.000000000,10,BiLSTM,pm10,47.0,47.8229,-0.8229
2026-12-02T16:29:00.000000000,2026-12-02T16:40:00.000000000,10,BiLSTM,co2,1666.0,1666.7559,-0.7559
2026-12-02T16:29:00.000000000,2026-12-02T16:40:00.000000000,10,BiLSTM,voc,482.0,360.5652,121.4348
2026-12-02T16:30:00.000000000,2026-12-02T16:41:00.000000000,10,BiLSTM,pm1,23.0,23.064,-0.064
2026-12-02T16:30:00.000000000,2026-12-02T16:41:00.000000000,10,BiLSTM,pm2_5,37.0,37.3454,-0.3454
2026-12-02T16:30:00.000000000,2026-12-02T16:41:00.000000000,10,BiLSTM,pm10,48.0,47.7875,0.2125
2026-12-02T16:30:00.000000000,2026-12-02T16:41:00.000000000,10,BiLSTM,co2,1633.0,1659.6458,-26.6458
2026-12-02T16:30:00.000000000,2026-12-02T16:41:00.000000000,10,BiLSTM,voc,477.0,381.3681,95.6319
2026-12-02T16:31:00.000000000,2026-12-02T16:42:00.000000000,10,BiLSTM,pm1,23.0,23.0607,-0.0607
2026-12-02T16:31:00.000000000,2026-12-02T16:42:00.000000000,10,BiLSTM,pm2_5,37.0,37.352,-0.352
2026-12-02T16:31:00.000000000,2026-12-02T16:42:00.000000000,10,BiLSTM,pm10,47.0,47.7411,-0.7411
2026-12-02T16:31:00.000000000,2026-12-02T16:42:00.000000000,10,BiLSTM,co2,1626.0,1646.1227,-20.1227
2026-12-02T16:31:00.000000000,2026-12-02T16:42:00.000000000,10,BiLSTM,voc,471.0,400.8177,70.1824
2026-12-02T16:32:00.000000000,2026-12-02T16:43:00.000000000,10,BiLSTM,pm1,23.0,23.0307,-0.0307
2026-12-02T16:32:00.000000000,2026-12-02T16:43:00.000000000,10,BiLSTM,pm2_5,37.0,37.2996,-0.2996
2026-12-02T16:32:00.000000000,2026-12-02T16:43:00.000000000,10,BiLSTM,pm10,48.0,47.611,0.389
2026-12-02T16:32:00.000000000,2026-12-02T16:43:00.000000000,10,BiLSTM,co2,1676.0,1629.5641,46.4359
2026-12-02T16:32:00.000000000,2026-12-02T16:43:00.000000000,10,BiLSTM,voc,472.0,416.4073,55.5927
2026-12-02T16:33:00.000000000,2026-12-02T16:44:00.000000000,10,BiLSTM,pm1,23.0,23.0158,-0.0158
2026-12-02T16:33:00.000000000,2026-12-02T16:44:00.000000000,10,BiLSTM,pm2_5,37.0,37.2572,-0.2572
2026-12-02T16:33:00.000000000,2026-12-02T16:44:00.000000000,10,BiLSTM,pm10,48.0,47.5438,0.4562
2026-12-02T16:33:00.000000000,2026-12-02T16:44:00.000000000,10,BiLSTM,co2,1558.0,1609.1752,-51.1752
2026-12-02T16:33:00.000000000,2026-12-02T16:44:00.000000000,10,BiLSTM,voc,466.0,426.8824,39.1176
2026-12-02T16:34:00.000000000,2026-12-02T16:45:00.000000000,10,BiLSTM,pm1,23.0,23.0029,-0.0029
2026-12-02T16:34:00.000000000,2026-12-02T16:45:00.000000000,10,BiLSTM,pm2_5,37.0,37.2106,-0.2106
2026-12-02T16:34:00.000000000,2026-12-02T16:45:00.000000000,10,BiLSTM,pm10,48.0,47.4718,0.5282
2026-12-02T16:34:00.000000000,2026-12-02T16:45:00.000000000,10,BiLSTM,co2,1568.0,1585.6466,-17.6466
2026-12-02T16:34:00.000000000,2026-12-02T16:45:00.000000000,10,BiLSTM,voc,454.0,437.8533,16.1467
2026-12-02T16:36:00.000000000,2026-12-02T16:46:00.000000000,10,BiLSTM,pm1,23.0,22.9653,0.0347
2026-12-02T16:36:00.000000000,2026-12-02T16:46:00.000000000,10,BiLSTM,pm2_5,37.0,37.1219,-0.1219
2026-12-02T16:36:00.000000000,2026-12-02T16:46:00.000000000,10,BiLSTM,pm10,48.0,47.3643,0.6357
2026-12-02T16:36:00.000000000,2026-12-02T16:46:00.000000000,10,BiLSTM,co2,1582.0,1558.0809,23.9191
2026-12-02T16:36:00.000000000,2026-12-02T16:46:00.000000000,10,BiLSTM,voc,438.0,442.9805,-4.9805
2026-12-02T16:37:00.000000000,2026-12-02T16:47:00.000000000,10,BiLSTM,pm1,23.0,22.953,0.047
2026-12-02T16:37:00.000000000,2026-12-02T16:47:00.000000000,10,BiLSTM,pm2_5,37.0,37.0505,-0.0505
2026-12-02T16:37:00.000000000,2026-12-02T16:47:00.000000000,10,BiLSTM,pm10,47.0,47.2838,-0.2838
2026-12-02T16:37:00.000000000,2026-12-02T16:47:00.000000000,10,BiLSTM,co2,1580.0,1531.8146,48.1854
2026-12-02T16:37:00.000000000,2026-12-02T16:47:00.000000000,10,BiLSTM,voc,416.0,441.3535,-25.3535
2026-12-02T16:38:00.000000000,2026-12-02T16:48:00.000000000,10,BiLSTM,pm1,23.0,22.8605,0.1395
2026-12-02T16:38:00.000000000,2026-12-02T16:48:00.000000000,10,BiLSTM,pm2_5,37.0,36.8179,0.1821
2026-12-02T16:38:00.000000000,2026-12-02T16:48:00.000000000,10,BiLSTM,pm10,48.0,46.905,1.095
2026-12-02T16:38:00.000000000,2026-12-02T16:48:00.000000000,10,BiLSTM,co2,1571.0,1485.5283,85.4717
2026-12-02T16:38:00.000000000,2026-12-02T16:48:00.000000000,10,BiLSTM,voc,395.0,407.674,-12.674
2026-12-02T16:39:00.000000000,2026-12-02T16:49:00.000000000,10,BiLSTM,pm1,23.0,22.7908,0.2092
2026-12-02T16:39:00.000000000,2026-12-02T16:49:00.000000000,10,BiLSTM,pm2_5,36.0,36.6213,-0.6213
2026-12-02T16:39:00.000000000,2026-12-02T16:49:00.000000000,10,BiLSTM,pm10,46.0,46.6114,-0.6114
2026-12-02T16:39:00.000000000,2026-12-02T16:49:00.000000000,10,BiLSTM,co2,1562.0,1450.0068,111.9932
2026-12-02T16:39:00.000000000,2026-12-02T16:49:00.000000000,10,BiLSTM,voc,385.0,354.5984,30.4016
2026-12-02T16:40:00.000000000,2026-12-02T16:50:00.000000000,10,BiLSTM,pm1,23.0,22.8254,0.1746
2026-12-02T16:40:00.000000000,2026-12-02T16:50:00.000000000,10,BiLSTM,pm2_5,37.0,36.6564,0.3436
2026-12-02T16:40:00.000000000,2026-12-02T16:50:00.000000000,10,BiLSTM,pm10,47.0,46.6813,0.3187
2026-12-02T16:40:00.000000000,2026-12-02T16:50:00.000000000,10,BiLSTM,co2,1484.0,1441.374,42.626
2026-12-02T16:40:00.000000000,2026-12-02T16:50:00.000000000,10,BiLSTM,voc,364.0,332.6833,31.3167
2026-12-02T16:41:00.000000000,2026-12-02T16:51:00.000000000,10,BiLSTM,pm1,23.0,22.885,0.115
2026-12-02T16:41:00.000000000,2026-12-02T16:51:00.000000000,10,BiLSTM,pm2_5,37.0,36.7286,0.2714
2026-12-02T16:41:00.000000000,2026-12-02T16:51:00.000000000,10,BiLSTM,pm10,47.0,46.8183,0.1817
2026-12-02T16:41:00.000000000,2026-12-02T16:51:00.000000000,10,BiLSTM,co2,1460.0,1444.2498,15.7502
2026-12-02T16:41:00.000000000,2026-12-02T16:51:00.000000000,10,BiLSTM,voc,342.0,330.1567,11.8433
2026-12-02T16:42:00.000000000,2026-12-02T16:52:00.000000000,10,BiLSTM,pm1,23.0,22.9126,0.0874
2026-12-02T16:42:00.000000000,2026-12-02T16:52:00.000000000,10,BiLSTM,pm2_5,37.0,36.7508,0.2492
2026-12-02T16:42:00.000000000,2026-12-02T16:52:00.000000000,10,BiLSTM,pm10,47.0,46.8769,0.1231
2026-12-02T16:42:00.000000000,2026-12-02T16:52:00.000000000,10,BiLSTM,co2,1528.0,1442.6373,85.3627
2026-12-02T16:42:00.000000000,2026-12-02T16:52:00.000000000,10,BiLSTM,voc,325.0,329.1,-4.1
2026-12-02T16:43:00.000000000,2026-12-02T16:53:00.000000000,10,BiLSTM,pm1,23.0,22.9073,0.0927
2026-12-02T16:43:00.000000000,2026-12-02T16:53:00.000000000,10,BiLSTM,pm2_5,37.0,36.7388,0.2612
2026-12-02T16:43:00.000000000,2026-12-02T16:53:00.000000000,10,BiLSTM,pm10,47.0,46.8507,0.1493
2026-12-02T16:43:00.000000000,2026-12-02T16:53:00.000000000,10,BiLSTM,co2,1587.0,1438.5469,148.4531
2026-12-02T16:43:00.000000000,2026-12-02T16:53:00.000000000,10,BiLSTM,voc,309.0,327.3375,-18.3375
2026-12-02T16:44:00.000000000,2026-12-02T16:54:00.000000000,10,BiLSTM,pm1,23.0,22.9636,0.0364
2026-12-02T16:44:00.000000000,2026-12-02T16:54:00.000000000,10,BiLSTM,pm2_5,36.0,36.8057,-0.8057
2026-12-02T16:44:00.000000000,2026-12-02T16:54:00.000000000,10,BiLSTM,pm10,46.0,46.9865,-0.9865
2026-12-02T16:44:00.000000000,2026-12-02T16:54:00.000000000,10,BiLSTM,co2,1566.0,1446.9291,119.0709
2026-12-02T16:44:00.000000000,2026-12-02T16:54:00.000000000,10,BiLSTM,voc,300.0,324.2184,-24.2184
2026-12-02T16:45:00.000000000,2026-12-02T16:55:00.000000000,10,BiLSTM,pm1,23.0,22.9762,0.0238
2026-12-02T16:45:00.000000000,2026-12-02T16:55:00.000000000,10,BiLSTM,pm2_5,37.0,36.8171,0.1829
2026-12-02T16:45:00.000000000,2026-12-02T16:55:00.000000000,10,BiLSTM,pm10,48.0,47.0229,0.9771
2026-12-02T16:45:00.000000000,2026-12-02T16:55:00.000000000,10,BiLSTM,co2,1579.0,1439.7906,139.2094
2026-12-02T16:45:00.000000000,2026-12-02T16:55:00.000000000,10,BiLSTM,voc,290.0,323.5788,-33.5788
2026-12-02T16:46:00.000000000,2026-12-02T16:56:00.000000000,10,BiLSTM,pm1,23.0,23.0283,-0.0283
2026-12-02T16:46:00.000000000,2026-12-02T16:56:00.000000000,10,BiLSTM,pm2_5,36.0,36.871,-0.871
2026-12-02T16:46:00.000000000,2026-12-02T16:56:00.000000000,10,BiLSTM,pm10,47.0,47.1367,-0.1367
2026-12-02T16:46:00.000000000,2026-12-02T16:56:00.000000000,10,BiLSTM,co2,1549.0,1438.4813,110.5187
2026-12-02T16:46:00.000000000,2026-12-02T16:56:00.000000000,10,BiLSTM,voc,280.0,321.6563,-41.6563
2026-12-02T16:47:00.000000000,2026-12-02T16:57:00.000000000,10,BiLSTM,pm1,23.0,23.0406,-0.0406
2026-12-02T16:47:00.000000000,2026-12-02T16:57:00.000000000,10,BiLSTM,pm2_5,37.0,36.8696,0.1304
2026-12-02T16:47:00.000000000,2026-12-02T16:57:00.000000000,10,BiLSTM,pm10,47.0,47.1661,-0.1661
2026-12-02T16:47:00.000000000,2026-12-02T16:57:00.000000000,10,BiLSTM,co2,1527.0,1427.0205,99.9795
2026-12-02T16:47:00.000000000,2026-12-02T16:57:00.000000000,10,BiLSTM,voc,272.0,318.8282,-46.8282
2026-12-02T16:48:00.000000000,2026-12-02T16:58:00.000000000,10,BiLSTM,pm1,23.0,23.0705,-0.0705
2026-12-02T16:48:00.000000000,2026-12-02T16:58:00.000000000,10,BiLSTM,pm2_5,37.0,36.8965,0.1035
2026-12-02T16:48:00.000000000,2026-12-02T16:58:00.000000000,10,BiLSTM,pm10,47.0,47.2289,-0.2289
2026-12-02T16:48:00.000000000,2026-12-02T16:58:00.000000000,10,BiLSTM,co2,1472.0,1423.8854,48.1146
2026-12-02T16:48:00.000000000,2026-12-02T16:58:00.000000000,10,BiLSTM,voc,260.0,311.9444,-51.9444
2026-12-02T16:49:00.000000000,2026-12-02T16:59:00.000000000,10,BiLSTM,pm1,23.0,23.0772,-0.0772
2026-12-02T16:49:00.000000000,2026-12-02T16:59:00.000000000,10,BiLSTM,pm2_5,37.0,36.8822,0.1178
2026-12-02T16:49:00.000000000,2026-12-02T16:59:00.000000000,10,BiLSTM,pm10,47.0,47.236,-0.236
2026-12-02T16:49:00.000000000,2026-12-02T16:59:00.000000000,10,BiLSTM,co2,1413.0,1418.3444,-5.3444
2026-12-02T16:49:00.000000000,2026-12-02T16:59:00.000000000,10,BiLSTM,voc,240.0,303.3822,-63.3822
2026-12-02T16:50:00.000000000,2026-12-02T17:00:00.000000000,10,BiLSTM,pm1,23.0,22.9944,0.0056
2026-12-02T16:50:00.000000000,2026-12-02T17:00:00.000000000,10,BiLSTM,pm2_5,37.0,36.7512,0.2488
2026-12-02T16:50:00.000000000,2026-12-02T17:00:00.000000000,10,BiLSTM,pm10,48.0,47.0063,0.9937
2026-12-02T16:50:00.000000000,2026-12-02T17:00:00.000000000,10,BiLSTM,co2,1387.0,1404.2135,-17.2135
2026-12-02T16:50:00.000000000,2026-12-02T17:00:00.000000000,10,BiLSTM,voc,229.0,296.3073,-67.3073
2026-12-02T16:51:00.000000000,2026-12-02T17:01:00.000000000,10,BiLSTM,pm1,23.0,22.986,0.014
2026-12-02T16:51:00.000000000,2026-12-02T17:01:00.000000000,10,BiLSTM,pm2_5,37.0,36.7281,0.2719
2026-12-02T16:51:00.000000000,2026-12-02T17:01:00.000000000,10,BiLSTM,pm10,48.0,46.9698,1.0302
2026-12-02T16:51:00.000000000,2026-12-02T17:01:00.000000000,10,BiLSTM,co2,1360.0,1400.4801,-40.4801
2026-12-02T16:51:00.000000000,2026-12-02T17:01:00.000000000,10,BiLSTM,voc,208.0,286.0211,-78.0211
2026-12-02T16:52:00.000000000,2026-12-02T17:02:00.000000000,10,BiLSTM,pm1,23.0,22.9532,0.0468
2026-12-02T16:52:00.000000000,2026-12-02T17:02:00.000000000,10,BiLSTM,pm2_5,36.0,36.6635,-0.6635
2026-12-02T16:52:00.000000000,2026-12-02T17:02:00.000000000,10,BiLSTM,pm10,47.0,46.8652,0.1348
2026-12-02T16:52:00.000000000,2026-12-02T17:02:00.000000000,10,BiLSTM,co2,1326.0,1394.5896,-68.5896
2026-12-02T16:52:00.000000000,2026-12-02T17:02:00.000000000,10,BiLSTM,voc,195.0,274.8863,-79.8863
2026-12-02T16:53:00.000000000,2026-12-02T17:03:00.000000000,10,BiLSTM,pm1,23.0,22.9306,0.0694
2026-12-02T16:53:00.000000000,2026-12-02T17:03:00.000000000,10,BiLSTM,pm2_5,36.0,36.6259,-0.6259
2026-12-02T16:53:00.000000000,2026-12-02T17:03:00.000000000,10,BiLSTM,pm10,47.0,46.8061,0.1939
2026-12-02T16:53:00.000000000,2026-12-02T17:03:00.000000000,10,BiLSTM,co2,1361.0,1393.8004,-32.8004
2026-12-02T16:53:00.000000000,2026-12-02T17:03:00.000000000,10,BiLSTM,voc,193.0,262.3401,-69.3401
2026-12-02T16:54:00.000000000,2026-12-02T17:04:00.000000000,10,BiLSTM,pm1,23.0,22.9355,0.0645
2026-12-02T16:54:00.000000000,2026-12-02T17:04:00.000000000,10,BiLSTM,pm2_5,37.0,36.6236,0.3764
2026-12-02T16:54:00.000000000,2026-12-02T17:04:00.000000000,10,BiLSTM,pm10,47.0,46.8143,0.1857
2026-12-02T16:54:00.000000000,2026-12-02T17:04:00.000000000,10,BiLSTM,co2,1329.0,1394.2799,-65.2799
2026-12-02T16:54:00.000000000,2026-12-02T17:04:00.000000000,10,BiLSTM,voc,182.0,251.49,-69.49
2026-12-02T16:55:00.000000000,2026-12-02T17:05:00.000000000,10,BiLSTM,pm1,24.0,22.901,1.099
2026-12-02T16:55:00.000000000,2026-12-02T17:05:00.000000000,10,BiLSTM,pm2_5,38.0,36.5659,1.4341
2026-12-02T16:55:00.000000000,2026-12-02T17:05:00.000000000,10,BiLSTM,pm10,48.0,46.7297,1.2703
2026-12-02T16:55:00.000000000,2026-12-02T17:05:00.000000000,10,BiLSTM,co2,1343.0,1393.8831,-50.8831
2026-12-02T16:55:00.000000000,2026-12-02T17:05:00.000000000,10,BiLSTM,voc,177.0,242.5885,-65.5885
2026-12-02T16:56:00.000000000,2026-12-02T17:06:00.000000000,10,BiLSTM,pm1,24.0,22.9484,1.0516
2026-12-02T16:56:00.000000000,2026-12-02T17:06:00.000000000,10,BiLSTM,pm2_5,38.0,36.6321,1.3679
2026-12-02T16:56:00.000000000,2026-12-02T17:06:00.000000000,10,BiLSTM,pm10,49.0,46.8593,2.1407
2026-12-02T16:56:00.000000000,2026-12-02T17:06:00.000000000,10,BiLSTM,co2,1351.0,1406.5651,-55.5651
2026-12-02T16:56:00.000000000,2026-12-02T17:06:00.000000000,10,BiLSTM,voc,168.0,231.4454,-63.4454
2026-12-02T16:57:00.000000000,2026-12-02T17:07:00.000000000,10,BiLSTM,pm1,24.0,22.9276,1.0724
2026-12-02T16:57:00.000000000,2026-12-02T17:07:00.000000000,10,BiLSTM,pm2_5,38.0,36.5968,1.4032
2026-12-02T16:57:00.000000000,2026-12-02T17:07:00.000000000,10,BiLSTM,pm10,48.0,46.8162,1.1838
2026-12-02T16:57:00.000000000,2026-12-02T17:07:00.000000000,10,BiLSTM,co2,1307.0,1407.5225,-100.5225
2026-12-02T16:57:00.000000000,2026-12-02T17:07:00.000000000,10,BiLSTM,voc,162.0,223.3772,-61.3772
2026-12-02T16:58:00.000000000,2026-12-02T17:08:00.000000000,10,BiLSTM,pm1,24.0,22.9715,1.0285
2026-12-02T16:58:00.000000000,2026-12-02T17:08:00.000000000,10,BiLSTM,pm2_5,38.0,36.6685,1.3315
2026-12-02T16:58:00.000000000,2026-12-02T17:08:00.000000000,10,BiLSTM,pm10,48.0,46.9355,1.0645
2026-12-02T16:58:00.000000000,2026-12-02T17:08:00.000000000,10,BiLSTM,co2,1328.0,1420.5793,-92.5793
2026-12-02T16:58:00.000000000,2026-12-02T17:08:00.000000000,10,BiLSTM,voc,153.0,213.8747,-60.8747
2026-12-02T16:59:00.000000000,2026-12-02T17:09:00.000000000,10,BiLSTM,pm1,24.0,22.9834,1.0166
2026-12-02T16:59:00.000000000,2026-12-02T17:09:00.000000000,10,BiLSTM,pm2_5,38.0,36.6821,1.3179
2026-12-02T16:59:00.000000000,2026-12-02T17:09:00.000000000,10,BiLSTM,pm10,48.0,46.9678,1.0322
2026-12-02T16:59:00.000000000,2026-12-02T17:09:00.000000000,10,BiLSTM,co2,1330.0,1426.5547,-96.5547
2026-12-02T16:59:00.000000000,2026-12-02T17:09:00.000000000,10,BiLSTM,voc,148.0,204.1833,-56.1833
2026-12-02T17:00:00.000000000,2026-12-02T17:10:00.000000000,10,BiLSTM,pm1,24.0,22.9987,1.0013
2026-12-02T17:00:00.000000000,2026-12-02T17:10:00.000000000,10,BiLSTM,pm2_5,38.0,36.6996,1.3004
2026-12-02T17:00:00.000000000,2026-12-02T17:10:00.000000000,10,BiLSTM,pm10,49.0,47.0112,1.9888
2026-12-02T17:00:00.000000000,2026-12-02T17:10:00.000000000,10,BiLSTM,co2,1290.0,1433.7219,-143.7219
2026-12-02T17:00:00.000000000,2026-12-02T17:10:00.000000000,10,BiLSTM,voc,141.0,193.0687,-52.0687
2026-12-02T17:01:00.000000000,2026-12-02T17:11:00.000000000,10,BiLSTM,pm1,24.0,23.0337,0.9663
2026-12-02T17:01:00.000000000,2026-12-02T17:11:00.000000000,10,BiLSTM,pm2_5,38.0,36.7556,1.2444
2026-12-02T17:01:00.000000000,2026-12-02T17:11:00.000000000,10,BiLSTM,pm10,49.0,47.1015,1.8985
2026-12-02T17:01:00.000000000,2026-12-02T17:11:00.000000000,10,BiLSTM,co2,1294.0,1443.3834,-149.3834
2026-12-02T17:01:00.000000000,2026-12-02T17:11:00.000000000,10,BiLSTM,voc,134.0,183.721,-49.721
2026-12-02T17:02:00.000000000,2026-12-02T17:12:00.000000000,10,BiLSTM,pm1,24.0,23.0393,0.9607
2026-12-02T17:02:00.000000000,2026-12-02T17:12:00.000000000,10,BiLSTM,pm2_5,38.0,36.7707,1.2293
2026-12-02T17:02:00.000000000,2026-12-02T17:12:00.000000000,10,BiLSTM,pm10,48.0,47.1205,0.8795
2026-12-02T17:02:00.000000000,2026-12-02T17:12:00.000000000,10,BiLSTM,co2,1298.0,1448.7263,-150.7263
2026-12-02T17:02:00.000000000,2026-12-02T17:12:00.000000000,10,BiLSTM,voc,127.0,175.3136,-48.3136
2026-12-02T17:03:00.000000000,2026-12-02T17:13:00.000000000,10,BiLSTM,pm1,24.0,22.9999,1.0001
2026-12-02T17:03:00.000000000,2026-12-02T17:13:00.000000000,10,BiLSTM,pm2_5,38.0,36.7166,1.2834
2026-12-02T17:03:00.000000000,2026-12-02T17:13:00.000000000,10,BiLSTM,pm10,49.0,47.0211,1.9789
2026-12-02T17:03:00.000000000,2026-12-02T17:13:00.000000000,10,BiLSTM,co2,1285.0,1447.9514,-162.9514
2026-12-02T17:03:00.000000000,2026-12-02T17:13:00.000000000,10,BiLSTM,voc,124.0,169.0389,-45.0389
2026-12-02T17:04:00.000000000,2026-12-02T17:14:00.000000000,10,BiLSTM,pm1,24.0,22.9848,1.0152
2026-12-02T17:04:00.000000000,2026-12-02T17:14:00.000000000,10,BiLSTM,pm2_5,37.0,36.7066,0.2934
2026-12-02T17:04:00.000000000,2026-12-02T17:14:00.000000000,10,BiLSTM,pm10,48.0,46.9831,1.0169
2026-12-02T17:04:00.000000000,2026-12-02T17:14:00.000000000,10,BiLSTM,co2,1308.0,1449.2622,-141.2622
2026-12-02T17:04:00.000000000,2026-12-02T17:14:00.000000000,10,BiLSTM,voc,121.0,166.0619,-45.0619
2026-12-02T17:05:00.000000000,2026-12-02T17:15:00.000000000,10,BiLSTM,pm1,24.0,23.0073,0.9927
2026-12-02T17:05:00.000000000,2026-12-02T17:15:00.000000000,10,BiLSTM,pm2_5,38.0,36.7677,1.2323
2026-12-02T17:05:00.000000000,2026-12-02T17:15:00.000000000,10,BiLSTM,pm10,48.0,47.039,0.961
2026-12-02T17:05:00.000000000,2026-12-02T17:15:00.000000000,10,BiLSTM,co2,1308.0,1460.4178,-152.4178
2026-12-02T17:05:00.000000000,2026-12-02T17:15:00.000000000,10,BiLSTM,voc,120.0,157.7174,-37.7174
2026-12-02T17:06:00.000000000,2026-12-02T17:16:00.000000000,10,BiLSTM,pm1,24.0,23.0703,0.9297
2026-12-02T17:06:00.000000000,2026-12-02T17:16:00.000000000,10,BiLSTM,pm2_5,38.0,36.871,1.129
2026-12-02T17:06:00.000000000,2026-12-02T17:16:00.000000000,10,BiLSTM,pm10,48.0,47.1793,0.8207
2026-12-02T17:06:00.000000000,2026-12-02T17:16:00.000000000,10,BiLSTM,co2,1309.0,1469.3741,-160.3741
2026-12-02T17:06:00.000000000,2026-12-02T17:16:00.000000000,10,BiLSTM,voc,112.0,154.2465,-42.2465
2026-12-02T17:07:00.000000000,2026-12-02T17:17:00.000000000,10,BiLSTM,pm1,24.0,23.121,0.879
2026-12-02T17:07:00.000000000,2026-12-02T17:17:00.000000000,10,BiLSTM,pm2_5,38.0,36.9443,1.0557
2026-12-02T17:07:00.000000000,2026-12-02T17:17:00.000000000,10,BiLSTM,pm10,48.0,47.3087,0.6913
2026-12-02T17:07:00.000000000,2026-12-02T17:17:00.000000000,10,BiLSTM,co2,1321.0,1478.0746,-157.0746
2026-12-02T17:07:00.000000000,2026-12-02T17:17:00.000000000,10,BiLSTM,voc,109.0,150.5905,-41.5905
2026-12-02T17:08:00.000000000,2026-12-02T17:18:00.000000000,10,BiLSTM,pm1,24.0,23.1413,0.8587
2026-12-02T17:08:00.000000000,2026-12-02T17:18:00.000000000,10,BiLSTM,pm2_5,38.0,36.9755,1.0245
2026-12-02T17:08:00.000000000,2026-12-02T17:18:00.000000000,10,BiLSTM,pm10,48.0,47.3575,0.6425
2026-12-02T17:08:00.000000000,2026-12-02T17:18:00.000000000,10,BiLSTM,co2,1300.0,1479.6893,-179.6893
2026-12-02T17:08:00.000000000,2026-12-02T17:18:00.000000000,10,BiLSTM,voc,105.0,147.5993,-42.5993
2026-12-02T17:09:00.000000000,2026-12-02T17:19:00.000000000,10,BiLSTM,pm1,24.0,23.1435,0.8565
2026-12-02T17:09:00.000000000,2026-12-02T17:19:00.000000000,10,BiLSTM,pm2_5,38.0,36.9731,1.0269
2026-12-02T17:09:00.000000000,2026-12-02T17:19:00.000000000,10,BiLSTM,pm10,47.0,47.3634,-0.3634
2026-12-02T17:09:00.000000000,2026-12-02T17:19:00.000000000,10,BiLSTM,co2,1271.0,1477.4338,-206.4338
2026-12-02T17:09:00.000000000,2026-12-02T17:19:00.000000000,10,BiLSTM,voc,100.0,143.6288,-43.6288
2026-12-02T17:10:00.000000000,2026-12-02T17:20:00.000000000,10,BiLSTM,pm1,24.0,23.154,0.846
2026-12-02T17:10:00.000000000,2026-12-02T17:20:00.000000000,10,BiLSTM,pm2_5,38.0,36.9884,1.0116
2026-12-02T17:10:00.000000000,2026-12-02T17:20:00.000000000,10,BiLSTM,pm10,48.0,47.3946,0.6054
2026-12-02T17:10:00.000000000,2026-12-02T17:20:00.000000000,10,BiLSTM,co2,1304.0,1477.6067,-173.6067
2026-12-02T17:10:00.000000000,2026-12-02T17:20:00.000000000,10,BiLSTM,voc,101.0,137.6175,-36.6175
2026-12-02T17:11:00.000000000,2026-12-02T17:21:00.000000000,10,BiLSTM,pm1,23.0,23.1514,-0.1514
2026-12-02T17:11:00.000000000,2026-12-02T17:21:00.000000000,10,BiLSTM,pm2_5,38.0,36.9591,1.0409
2026-12-02T17:11:00.000000000,2026-12-02T17:21:00.000000000,10,BiLSTM,pm10,49.0,47.3755,1.6245
2026-12-02T17:11:00.000000000,2026-12-02T17:21:00.000000000,10,BiLSTM,co2,1288.0,1466.7721,-178.7721
2026-12-02T17:11:00.000000000,2026-12-02T17:21:00.000000000,10,BiLSTM,voc,100.0,135.5703,-35.5703
2026-12-02T17:12:00.000000000,2026-12-02T17:22:00.000000000,10,BiLSTM,pm1,23.0,23.1817,-0.1817
2026-12-02T17:12:00.000000000,2026-12-02T17:22:00.000000000,10,BiLSTM,pm2_5,38.0,36.9999,1.0001
2026-12-02T17:12:00.000000000,2026-12-02T17:22:00.000000000,10,BiLSTM,pm10,48.0,47.4548,0.5452
2026-12-02T17:12:00.000000000,2026-12-02T17:22:00.000000000,10,BiLSTM,co2,1292.0,1467.4502,-175.4502
2026-12-02T17:12:00.000000000,2026-12-02T17:22:00.000000000,10,BiLSTM,voc,98.0,130.0201,-32.0201
2026-12-02T17:13:00.000000000,2026-12-02T17:23:00.000000000,10,BiLSTM,pm1,24.0,23.1748,0.8252
2026-12-02T17:13:00.000000000,2026-12-02T17:23:00.000000000,10,BiLSTM,pm2_5,39.0,36.976,2.024
2026-12-02T17:13:00.000000000,2026-12-02T17:23:00.000000000,10,BiLSTM,pm10,50.0,47.4176,2.5824
2026-12-02T17:13:00.000000000,2026-12-02T17:23:00.000000000,10,BiLSTM,co2,1315.0,1457.2916,-142.2916
2026-12-02T17:13:00.000000000,2026-12-02T17:23:00.000000000,10,BiLSTM,voc,95.0,128.3015,-33.3015
2026-12-02T17:14:00.000000000,2026-12-02T17:24:00.000000000,10,BiLSTM,pm1,24.0,23.216,0.784
2026-12-02T17:14:00.000000000,2026-12-02T17:24:00.000000000,10,BiLSTM,pm2_5,38.0,37.0301,0.9699
2026-12-02T17:14:00.000000000,2026-12-02T17:24:00.000000000,10,BiLSTM,pm10,49.0,47.5216,1.4784
2026-12-02T17:14:00.000000000,2026-12-02T17:24:00.000000000,10,BiLSTM,co2,1297.0,1456.8638,-159.8638
2026-12-02T17:14:00.000000000,2026-12-02T17:24:00.000000000,10,BiLSTM,voc,90.0,126.2432,-36.2432
2026-12-02T17:15:00.000000000,2026-12-02T17:25:00.000000000,10,BiLSTM,pm1,24.0,23.2092,0.7908
2026-12-02T17:15:00.000000000,2026-12-02T17:25:00.000000000,10,BiLSTM,pm2_5,38.0,37.0109,0.9891
2026-12-02T17:15:00.000000000,2026-12-02T17:25:00.000000000,10,BiLSTM,pm10,50.0,47.4969,2.5031
2026-12-02T17:15:00.000000000,2026-12-02T17:25:00.000000000,10,BiLSTM,co2,1303.0,1450.7686,-147.7686
2026-12-02T17:15:00.000000000,2026-12-02T17:25:00.000000000,10,BiLSTM,voc,87.0,127.9476,-40.9476
2026-12-02T17:16:00.000000000,2026-12-02T17:26:00.000000000,10,BiLSTM,pm1,24.0,23.2448,0.7552
2026-12-02T17:16:00.000000000,2026-12-02T17:26:00.000000000,10,BiLSTM,pm2_5,38.0,37.0635,0.9365
2026-12-02T17:16:00.000000000,2026-12-02T17:26:00.000000000,10,BiLSTM,pm10,49.0,47.5799,1.4201
2026-12-02T17:16:00.000000000,2026-12-02T17:26:00.000000000,10,BiLSTM,co2,1311.0,1451.2345,-140.2345
2026-12-02T17:16:00.000000000,2026-12-02T17:26:00.000000000,10,BiLSTM,voc,84.0,129.3474,-45.3474
2026-12-02T17:17:00.000000000,2026-12-02T17:27:00.000000000,10,BiLSTM,pm1,24.0,23.2521,0.7479
2026-12-02T17:17:00.000000000,2026-12-02T17:27:00.000000000,10,BiLSTM,pm2_5,38.0,37.0669,0.9331
2026-12-02T17:17:00.000000000,2026-12-02T17:27:00.000000000,10,BiLSTM,pm10,48.0,47.5986,0.4014
2026-12-02T17:17:00.000000000,2026-12-02T17:27:00.000000000,10,BiLSTM,co2,1266.0,1450.5636,-184.5636
2026-12-02T17:17:00.000000000,2026-12-02T17:27:00.000000000,10,BiLSTM,voc,85.0,129.9303,-44.9303
2026-12-02T17:18:00.000000000,2026-12-02T17:28:00.000000000,10,BiLSTM,pm1,24.0,23.2656,0.7344
2026-12-02T17:18:00.000000000,2026-12-02T17:28:00.000000000,10,BiLSTM,pm2_5,38.0,37.0858,0.9142
2026-12-02T17:18:00.000000000,2026-12-02T17:28:00.000000000,10,BiLSTM,pm10,48.0,47.6479,0.3521
2026-12-02T17:18:00.000000000,2026-12-02T17:28:00.000000000,10,BiLSTM,co2,1277.0,1454.3511,-177.3511
2026-12-02T17:18:00.000000000,2026-12-02T17:28:00.000000000,10,BiLSTM,voc,83.0,128.3017,-45.3017
2026-12-02T17:19:00.000000000,2026-12-02T17:29:00.000000000,10,BiLSTM,pm1,24.0,23.2651,0.7349
2026-12-02T17:19:00.000000000,2026-12-02T17:29:00.000000000,10,BiLSTM,pm2_5,38.0,37.0729,0.9271
2026-12-02T17:19:00.000000000,2026-12-02T17:29:00.000000000,10,BiLSTM,pm10,49.0,47.6458,1.3542
2026-12-02T17:19:00.000000000,2026-12-02T17:29:00.000000000,10,BiLSTM,co2,1303.0,1451.2788,-148.2788
2026-12-02T17:19:00.000000000,2026-12-02T17:29:00.000000000,10,BiLSTM,voc,80.0,126.7727,-46.7727
2026-12-02T17:20:00.000000000,2026-12-02T17:30:00.000000000,10,BiLSTM,pm1,24.0,23.249,0.751
2026-12-02T17:20:00.000000000,2026-12-02T17:30:00.000000000,10,BiLSTM,pm2_5,37.0,37.0287,-0.0287
2026-12-02T17:20:00.000000000,2026-12-02T17:30:00.000000000,10,BiLSTM,pm10,48.0,47.5888,0.4112
2026-12-02T17:20:00.000000000,2026-12-02T17:30:00.000000000,10,BiLSTM,co2,1328.0,1442.0602,-114.0602
2026-12-02T17:20:00.000000000,2026-12-02T17:30:00.000000000,10,BiLSTM,voc,80.0,128.0653,-48.0653
2026-12-02T17:21:00.000000000,2026-12-02T17:31:00.000000000,10,BiLSTM,pm1,24.0,23.2088,0.7912
2026-12-02T17:21:00.000000000,2026-12-02T17:31:00.000000000,10,BiLSTM,pm2_5,38.0,36.9508,1.0492
2026-12-02T17:21:00.000000000,2026-12-02T17:31:00.000000000,10,BiLSTM,pm10,48.0,47.4824,0.5176
2026-12-02T17:21:00.000000000,2026-12-02T17:31:00.000000000,10,BiLSTM,co2,1267.0,1428.9463,-161.9463
2026-12-02T17:21:00.000000000,2026-12-02T17:31:00.000000000,10,BiLSTM,voc,79.0,130.1529,-51.1529
2026-12-02T17:22:00.000000000,2026-12-02T17:32:00.000000000,10,BiLSTM,pm1,24.0,23.1787,0.8213
2026-12-02T17:22:00.000000000,2026-12-02T17:32:00.000000000,10,BiLSTM,pm2_5,38.0,36.907,1.093
2026-12-02T17:22:00.000000000,2026-12-02T17:32:00.000000000,10,BiLSTM,pm10,49.0,47.4228,1.5772
2026-12-02T17:22:00.000000000,2026-12-02T17:32:00.000000000,10,BiLSTM,co2,1245.0,1426.0071,-181.0071
2026-12-02T17:22:00.000000000,2026-12-02T17:32:00.000000000,10,BiLSTM,voc,79.0,130.717,-51.717
2026-12-02T17:23:00.000000000,2026-12-02T17:33:00.000000000,10,BiLSTM,pm1,24.0,23.1348,0.8652
2026-12-02T17:23:00.000000000,2026-12-02T17:33:00.000000000,10,BiLSTM,pm2_5,38.0,36.8584,1.1416
2026-12-02T17:23:00.000000000,2026-12-02T17:33:00.000000000,10,BiLSTM,pm10,49.0,47.3152,1.6848
2026-12-02T17:23:00.000000000,2026-12-02T17:33:00.000000000,10,BiLSTM,co2,1258.0,1425.2231,-167.2231
2026-12-02T17:23:00.000000000,2026-12-02T17:33:00.000000000,10,BiLSTM,voc,76.0,129.8006,-53.8006
2026-12-02T17:24:00.000000000,2026-12-02T17:34:00.000000000,10,BiLSTM,pm1,24.0,23.1837,0.8163
2026-12-02T17:24:00.000000000,2026-12-02T17:34:00.000000000,10,BiLSTM,pm2_5,39.0,36.9446,2.0554
2026-12-02T17:24:00.000000000,2026-12-02T17:34:00.000000000,10,BiLSTM,pm10,49.0,47.4421,1.5579
2026-12-02T17:24:00.000000000,2026-12-02T17:34:00.000000000,10,BiLSTM,co2,1265.0,1438.0056,-173.0056
2026-12-02T17:24:00.000000000,2026-12-02T17:34:00.000000000,10,BiLSTM,voc,74.0,127.6688,-53.6688
2026-12-02T17:25:00.000000000,2026-12-02T17:35:00.000000000,10,BiLSTM,pm1,24.0,23.1345,0.8655
2026-12-02T17:25:00.000000000,2026-12-02T17:35:00.000000000,10,BiLSTM,pm2_5,38.0,36.8725,1.1275
2026-12-02T17:25:00.000000000,2026-12-02T17:35:00.000000000,10,BiLSTM,pm10,49.0,47.3169,1.6831
2026-12-02T17:25:00.000000000,2026-12-02T17:35:00.000000000,10,BiLSTM,co2,1275.0,1434.9972,-159.9972
2026-12-02T17:25:00.000000000,2026-12-02T17:35:00.000000000,10,BiLSTM,voc,73.0,126.896,-53.896
2026-12-02T17:26:00.000000000,2026-12-02T17:36:00.000000000,10,BiLSTM,pm1,24.0,23.1247,0.8753
2026-12-02T17:26:00.000000000,2026-12-02T17:36:00.000000000,10,BiLSTM,pm2_5,39.0,36.8596,2.1404
2026-12-02T17:26:00.000000000,2026-12-02T17:36:00.000000000,10,BiLSTM,pm10,50.0,47.3091,2.6909
2026-12-02T17:26:00.000000000,2026-12-02T17:36:00.000000000,10,BiLSTM,co2,1276.0,1436.2943,-160.2943
2026-12-02T17:26:00.000000000,2026-12-02T17:36:00.000000000,10,BiLSTM,voc,75.0,126.2624,-51.2624
2026-12-02T17:27:00.000000000,2026-12-02T17:37:00.000000000,10,BiLSTM,pm1,24.0,23.1034,0.8966
2026-12-02T17:27:00.000000000,2026-12-02T17:37:00.000000000,10,BiLSTM,pm2_5,39.0,36.8336,2.1664
2026-12-02T17:27:00.000000000,2026-12-02T17:37:00.000000000,10,BiLSTM,pm10,49.0,47.259,1.741
2026-12-02T17:27:00.000000000,2026-12-02T17:37:00.000000000,10,BiLSTM,co2,1271.0,1435.8102,-164.8102
2026-12-02T17:27:00.000000000,2026-12-02T17:37:00.000000000,10,BiLSTM,voc,75.0,126.1669,-51.1669
2026-12-02T17:28:00.000000000,2026-12-02T17:38:00.000000000,10,BiLSTM,pm1,23.0,23.0849,-0.0849
2026-12-02T17:28:00.000000000,2026-12-02T17:38:00.000000000,10,BiLSTM,pm2_5,38.0,36.8155,1.1845
2026-12-02T17:28:00.000000000,2026-12-02T17:38:00.000000000,10,BiLSTM,pm10,48.0,47.2162,0.7838
2026-12-02T17:28:00.000000000,2026-12-02T17:38:00.000000000,10,BiLSTM,co2,1260.0,1436.709,-176.709
2026-12-02T17:28:00.000000000,2026-12-02T17:38:00.000000000,10,BiLSTM,voc,75.0,126.1288,-51.1288
2026-12-02T17:29:00.000000000,2026-12-02T17:39:00.000000000,10,BiLSTM,pm1,24.0,23.0683,0.9317
2026-12-02T17:29:00.000000000,2026-12-02T17:39:00.000000000,10,BiLSTM,pm2_5,38.0,36.792,1.208
2026-12-02T17:29:00.000000000,2026-12-02T17:39:00.000000000,10,BiLSTM,pm10,47.0,47.1794,-0.1794
2026-12-02T17:29:00.000000000,2026-12-02T17:39:00.000000000,10,BiLSTM,co2,1250.0,1435.538,-185.538
2026-12-02T17:29:00.000000000,2026-12-02T17:39:00.000000000,10,BiLSTM,voc,74.0,126.3938,-52.3938
2026-12-02T17:30:00.000000000,2026-12-02T17:40:00.000000000,10,BiLSTM,pm1,23.0,23.0769,-0.0769
2026-12-02T17:30:00.000000000,2026-12-02T17:40:00.000000000,10,BiLSTM,pm2_5,36.0,36.8138,-0.8138
2026-12-02T17:30:00.000000000,2026-12-02T17:40:00.000000000,10,BiLSTM,pm10,47.0,47.2217,-0.2217
2026-12-02T17:30:00.000000000,2026-12-02T17:40:00.000000000,10,BiLSTM,co2,1232.0,1442.6448,-210.6448
2026-12-02T17:30:00.000000000,2026-12-02T17:40:00.000000000,10,BiLSTM,voc,76.0,122.7574,-46.7574
2026-12-02T17:31:00.000000000,2026-12-02T17:41:00.000000000,10,BiLSTM,pm1,22.0,23.0217,-1.0217
2026-12-02T17:31:00.000000000,2026-12-02T17:41:00.000000000,10,BiLSTM,pm2_5,36.0,36.7226,-0.7226
2026-12-02T17:31:00.000000000,2026-12-02T17:41:00.000000000,10,BiLSTM,pm10,46.0,47.0754,-1.0754
2026-12-02T17:31:00.000000000,2026-12-02T17:41:00.000000000,10,BiLSTM,co2,1170.0,1433.2533,-263.2533
2026-12-02T17:31:00.000000000,2026-12-02T17:41:00.000000000,10,BiLSTM,voc,78.0,124.206,-46.206
2026-12-02T17:32:00.000000000,2026-12-02T17:42:00.000000000,10,BiLSTM,pm1,21.0,23.0382,-2.0382
2026-12-02T17:32:00.000000000,2026-12-02T17:42:00.000000000,10,BiLSTM,pm2_5,35.0,36.7533,-1.7533
2026-12-02T17:32:00.000000000,2026-12-02T17:42:00.000000000,10,BiLSTM,pm10,45.0,47.1163,-2.1163
2026-12-02T17:32:00.000000000,2026-12-02T17:42:00.000000000,10,BiLSTM,co2,1184.0,1437.0522,-253.0522
2026-12-02T17:32:00.000000000,2026-12-02T17:42:00.000000000,10,BiLSTM,voc,79.0,124.6719,-45.6719
2026-12-02T17:33:00.000000000,2026-12-02T17:43:00.000000000,10,BiLSTM,pm1,21.0,23.0472,-2.0472
2026-12-02T17:33:00.000000000,2026-12-02T17:43:00.000000000,10,BiLSTM,pm2_5,34.0,36.7683,-2.7683
2026-12-02T17:33:00.000000000,2026-12-02T17:43:00.000000000,10,BiLSTM,pm10,42.0,47.1437,-5.1437
2026-12-02T17:33:00.000000000,2026-12-02T17:43:00.000000000,10,BiLSTM,co2,1215.0,1440.1926,-225.1926
2026-12-02T17:33:00.000000000,2026-12-02T17:43:00.000000000,10,BiLSTM,voc,79.0,124.5065,-45.5065
2026-12-02T17:34:00.000000000,2026-12-02T17:44:00.000000000,10,BiLSTM,pm1,21.0,23.05,-2.05
2026-12-02T17:34:00.000000000,2026-12-02T17:44:00.000000000,10,BiLSTM,pm2_5,33.0,36.7737,-3.7737
2026-12-02T17:34:00.000000000,2026-12-02T17:44:00.000000000,10,BiLSTM,pm10,43.0,47.1537,-4.1537
2026-12-02T17:34:00.000000000,2026-12-02T17:44:00.000000000,10,BiLSTM,co2,1185.0,1441.0359,-256.0359
2026-12-02T17:34:00.000000000,2026-12-02T17:44:00.000000000,10,BiLSTM,voc,76.0,124.1695,-48.1695
2026-12-02T17:35:00.000000000,2026-12-02T17:45:00.000000000,10,BiLSTM,pm1,21.0,23.0816,-2.0816
2026-12-02T17:35:00.000000000,2026-12-02T17:45:00.000000000,10,BiLSTM,pm2_5,33.0,36.8276,-3.8276
2026-12-02T17:35:00.000000000,2026-12-02T17:45:00.000000000,10,BiLSTM,pm10,42.0,47.2334,-5.2334
2026-12-02T17:35:00.000000000,2026-12-02T17:45:00.000000000,10,BiLSTM,co2,1137.0,1446.5991,-309.5991
2026-12-02T17:35:00.000000000,2026-12-02T17:45:00.000000000,10,BiLSTM,voc,76.0,122.9017,-46.9017
2026-12-02T17:36:00.000000000,2026-12-02T17:46:00.000000000,10,BiLSTM,pm1,21.0,23.0722,-2.0722
2026-12-02T17:36:00.000000000,2026-12-02T17:46:00.000000000,10,BiLSTM,pm2_5,33.0,36.8052,-3.8052
2026-12-02T17:36:00.000000000,2026-12-02T17:46:00.000000000,10,BiLSTM,pm10,42.0,47.2122,-5.2122
2026-12-02T17:36:00.000000000,2026-12-02T17:46:00.000000000,10,BiLSTM,co2,1161.0,1441.7324,-280.7324
2026-12-02T17:36:00.000000000,2026-12-02T17:46:00.000000000,10,BiLSTM,voc,76.0,123.0271,-47.0271
2026-12-02T17:37:00.000000000,2026-12-02T17:47:00.000000000,10,BiLSTM,pm1,21.0,23.1571,-2.1571
2026-12-02T17:37:00.000000000,2026-12-02T17:47:00.000000000,10,BiLSTM,pm2_5,33.0,36.9339,-3.9339
2026-12-02T17:37:00.000000000,2026-12-02T17:47:00.000000000,10,BiLSTM,pm10,42.0,47.4266,-5.4266
2026-12-02T17:37:00.000000000,2026-12-02T17:47:00.000000000,10,BiLSTM,co2,1108.0,1452.5601,-344.5601
2026-12-02T17:37:00.000000000,2026-12-02T17:47:00.000000000,10,BiLSTM,voc,72.0,122.3902,-50.3902
2026-12-02T17:38:00.000000000,2026-12-02T17:48:00.000000000,10,BiLSTM,pm1,21.0,23.1864,-2.1864
2026-12-02T17:38:00.000000000,2026-12-02T17:48:00.000000000,10,BiLSTM,pm2_5,32.0,36.9769,-4.9769
2026-12-02T17:38:00.000000000,2026-12-02T17:48:00.000000000,10,BiLSTM,pm10,41.0,47.4934,-6.4934
2026-12-02T17:38:00.000000000,2026-12-02T17:48:00.000000000,10,BiLSTM,co2,1112.0,1454.33,-342.33
2026-12-02T17:38:00.000000000,2026-12-02T17:48:00.000000000,10,BiLSTM,voc,71.0,122.4948,-51.4948
2026-12-02T17:39:00.000000000,2026-12-02T17:49:00.000000000,10,BiLSTM,pm1,20.0,23.1047,-3.1047
2026-12-02T17:39:00.000000000,2026-12-02T17:49:00.000000000,10,BiLSTM,pm2_5,33.0,36.8327,-3.8327
2026-12-02T17:39:00.000000000,2026-12-02T17:49:00.000000000,10,BiLSTM,pm10,41.0,47.2866,-6.2866
2026-12-02T17:39:00.000000000,2026-12-02T17:49:00.000000000,10,BiLSTM,co2,1092.0,1432.4205,-340.4205
2026-12-02T17:39:00.000000000,2026-12-02T17:49:00.000000000,10,BiLSTM,voc,68.0,127.8878,-59.8878
2026-12-02T17:40:00.000000000,2026-12-02T17:50:00.000000000,10,BiLSTM,pm1,21.0,23.1263,-2.1263
2026-12-02T17:40:00.000000000,2026-12-02T17:50:00.000000000,10,BiLSTM,pm2_5,33.0,36.8791,-3.8791
2026-12-02T17:40:00.000000000,2026-12-02T17:50:00.000000000,10,BiLSTM,pm10,42.0,47.3408,-5.3408
2026-12-02T17:40:00.000000000,2026-12-02T17:50:00.000000000,10,BiLSTM,co2,1047.0,1438.1841,-391.1841
2026-12-02T17:40:00.000000000,2026-12-02T17:50:00.000000000,10,BiLSTM,voc,67.0,126.5364,-59.5364
2026-12-02T17:41:00.000000000,2026-12-02T17:51:00.000000000,10,BiLSTM,pm1,21.0,23.0377,-2.0377
2026-12-02T17:41:00.000000000,2026-12-02T17:51:00.000000000,10,BiLSTM,pm2_5,33.0,36.7342,-3.7342
2026-12-02T17:41:00.000000000,2026-12-02T17:51:00.000000000,10,BiLSTM,pm10,42.0,47.1215,-5.1215
2026-12-02T17:41:00.000000000,2026-12-02T17:51:00.000000000,10,BiLSTM,co2,1039.0,1427.2056,-388.2056
2026-12-02T17:41:00.000000000,2026-12-02T17:51:00.000000000,10,BiLSTM,voc,65.0,128.8227,-63.8227
2026-12-02T17:42:00.000000000,2026-12-02T17:52:00.000000000,10,BiLSTM,pm1,20.0,22.9363,-2.9363
2026-12-02T17:42:00.000000000,2026-12-02T17:52:00.000000000,10,BiLSTM,pm2_5,33.0,36.594,-3.594
2026-12-02T17:42:00.000000000,2026-12-02T17:52:00.000000000,10,BiLSTM,pm10,41.0,46.8661,-5.8661
2026-12-02T17:42:00.000000000,2026-12-02T17:52:00.000000000,10,BiLSTM,co2,1070.0,1421.0137,-351.0137
2026-12-02T17:42:00.000000000,2026-12-02T17:52:00.000000000,10,BiLSTM,voc,66.0,129.5088,-63.5088
2026-12-02T17:43:00.000000000,2026-12-02T17:53:00.000000000,10,BiLSTM,pm1,22.0,22.784,-0.784
2026-12-02T17:43:00.000000000,2026-12-02T17:53:00.000000000,10,BiLSTM,pm2_5,35.0,36.3789,-1.3789
2026-12-02T17:43:00.000000000,2026-12-02T17:53:00.000000000,10,BiLSTM,pm10,44.0,46.4769,-2.4769
2026-12-02T17:43:00.000000000,2026-12-02T17:53:00.000000000,10,BiLSTM,co2,1044.0,1410.8712,-366.8712
2026-12-02T17:43:00.000000000,2026-12-02T17:53:00.000000000,10,BiLSTM,voc,67.0,129.2932,-62.2932
2026-12-02T17:44:00.000000000,2026-12-02T17:54:00.000000000,10,BiLSTM,pm1,22.0,22.5926,-0.5926
2026-12-02T17:44:00.000000000,2026-12-02T17:54:00.000000000,10,BiLSTM,pm2_5,34.0,36.1181,-2.1181
2026-12-02T17:44:00.000000000,2026-12-02T17:54:00.000000000,10,BiLSTM,pm10,43.0,45.958,-2.958
2026-12-02T17:44:00.000000000,2026-12-02T17:54:00.000000000,10,BiLSTM,co2,1047.0,1397.6876,-350.6876
2026-12-02T17:44:00.000000000,2026-12-02T17:54:00.000000000,10,BiLSTM,voc,65.0,130.1113,-65.1113
2026-12-02T17:45:00.000000000,2026-12-02T17:55:00.000000000,10,BiLSTM,pm1,21.0,22.3831,-1.3831
2026-12-02T17:45:00.000000000,2026-12-02T17:55:00.000000000,10,BiLSTM,pm2_5,34.0,35.8236,-1.8236
2026-12-02T17:45:00.000000000,2026-12-02T17:55:00.000000000,10,BiLSTM,pm10,43.0,45.4161,-2.4161
2026-12-02T17:45:00.000000000,2026-12-02T17:55:00.000000000,10,BiLSTM,co2,1077.0,1387.434,-310.434
2026-12-02T17:45:00.000000000,2026-12-02T17:55:00.000000000,10,BiLSTM,voc,64.0,128.8408,-64.8408
2026-12-02T17:46:00.000000000,2026-12-02T17:56:00.000000000,10,BiLSTM,pm1,21.0,22.1513,-1.1513
2026-12-02T17:46:00.000000000,2026-12-02T17:56:00.000000000,10,BiLSTM,pm2_5,34.0,35.524,-1.524
2026-12-02T17:46:00.000000000,2026-12-02T17:56:00.000000000,10,BiLSTM,pm10,43.0,44.8305,-1.8305
2026-12-02T17:46:00.000000000,2026-12-02T17:56:00.000000000,10,BiLSTM,co2,1054.0,1384.8184,-330.8184
2026-12-02T17:46:00.000000000,2026-12-02T17:56:00.000000000,10,BiLSTM,voc,65.0,124.0839,-59.0839
2026-12-02T17:47:00.000000000,2026-12-02T17:57:00.000000000,10,BiLSTM,pm1,21.0,21.8803,-0.8803
2026-12-02T17:47:00.000000000,2026-12-02T17:57:00.000000000,10,BiLSTM,pm2_5,34.0,35.1667,-1.1667
2026-12-02T17:47:00.000000000,2026-12-02T17:57:00.000000000,10,BiLSTM,pm10,43.0,44.1414,-1.1414
2026-12-02T17:47:00.000000000,2026-12-02T17:57:00.000000000,10,BiLSTM,co2,1036.0,1374.1151,-338.1151
2026-12-02T17:47:00.000000000,2026-12-02T17:57:00.000000000,10,BiLSTM,voc,65.0,122.1239,-57.1239
2026-12-02T17:48:00.000000000,2026-12-02T17:58:00.000000000,10,BiLSTM,pm1,20.0,21.6058,-1.6058
2026-12-02T17:48:00.000000000,2026-12-02T17:58:00.000000000,10,BiLSTM,pm2_5,34.0,34.8273,-0.8273
2026-12-02T17:48:00.000000000,2026-12-02T17:58:00.000000000,10,BiLSTM,pm10,42.0,43.494,-1.494
2026-12-02T17:48:00.000000000,2026-12-02T17:58:00.000000000,10,BiLSTM,co2,1065.0,1367.8053,-302.8053
2026-12-02T17:48:00.000000000,2026-12-02T17:58:00.000000000,10,BiLSTM,voc,65.0,118.1344,-53.1344
2026-12-02T17:49:00.000000000,2026-12-02T17:59:00.000000000,10,BiLSTM,pm1,21.0,21.2906,-0.2906
2026-12-02T17:49:00.000000000,2026-12-02T17:59:00.000000000,10,BiLSTM,pm2_5,33.0,34.4324,-1.4324
2026-12-02T17:49:00.000000000,2026-12-02T17:59:00.000000000,10,BiLSTM,pm10,43.0,42.7401,0.2599
2026-12-02T17:49:00.000000000,2026-12-02T17:59:00.000000000,10,BiLSTM,co2,1073.0,1359.714,-286.714
2026-12-02T17:49:00.000000000,2026-12-02T17:59:00.000000000,10,BiLSTM,voc,68.0,113.9913,-45.9913
2026-12-02T17:50:00.000000000,2026-12-02T18:00:00.000000000,10,BiLSTM,pm1,21.0,20.9664,0.0336
2026-12-02T17:50:00.000000000,2026-12-02T18:00:00.000000000,10,BiLSTM,pm2_5,32.0,34.0183,-2.0183
2026-12-02T17:50:00.000000000,2026-12-02T18:00:00.000000000,10,BiLSTM,pm10,41.0,41.9904,-0.9904
2026-12-02T17:50:00.000000000,2026-12-02T18:00:00.000000000,10,BiLSTM,co2,1078.0,1351.8656,-273.8656
2026-12-02T17:50:00.000000000,2026-12-02T18:00:00.000000000,10,BiLSTM,voc,72.0,109.9899,-37.9899
2026-12-02T17:51:00.000000000,2026-12-02T18:01:00.000000000,10,BiLSTM,pm1,21.0,20.7635,0.2365
2026-12-02T17:51:00.000000000,2026-12-02T18:01:00.000000000,10,BiLSTM,pm2_5,34.0,33.8261,0.1739
2026-12-02T17:51:00.000000000,2026-12-02T18:01:00.000000000,10,BiLSTM,pm10,42.0,41.6719,0.3281
2026-12-02T17:51:00.000000000,2026-12-02T18:01:00.000000000,10,BiLSTM,co2,1098.0,1360.5245,-262.5245
2026-12-02T17:51:00.000000000,2026-12-02T18:01:00.000000000,10,BiLSTM,voc,71.0,101.4877,-30.4877
2026-12-02T17:52:00.000000000,2026-12-02T18:02:00.000000000,10,BiLSTM,pm1,21.0,20.4901,0.5099
2026-12-02T17:52:00.000000000,2026-12-02T18:02:00.000000000,10,BiLSTM,pm2_5,33.0,33.646,-0.646
2026-12-02T17:52:00.000000000,2026-12-02T18:02:00.000000000,10,BiLSTM,pm10,42.0,41.1993,0.8007
2026-12-02T17:52:00.000000000,2026-12-02T18:02:00.000000000,10,BiLSTM,co2,1109.0,1355.8516,-246.8516
2026-12-02T17:52:00.000000000,2026-12-02T18:02:00.000000000,10,BiLSTM,voc,71.0,95.8006,-24.8006
2026-12-02T17:53:00.000000000,2026-12-02T18:03:00.000000000,10,BiLSTM,pm1,20.0,20.209,-0.209
2026-12-02T17:53:00.000000000,2026-12-02T18:03:00.000000000,10,BiLSTM,pm2_5,32.0,33.5039,-1.5039
2026-12-02T17:53:00.000000000,2026-12-02T18:03:00.000000000,10,BiLSTM,pm10,39.0,40.8604,-1.8604
2026-12-02T17:53:00.000000000,2026-12-02T18:03:00.000000000,10,BiLSTM,co2,1117.0,1355.4991,-238.4991
2026-12-02T17:53:00.000000000,2026-12-02T18:03:00.000000000,10,BiLSTM,voc,73.0,88.0072,-15.0072
2026-12-02T17:54:00.000000000,2026-12-02T18:04:00.000000000,10,BiLSTM,pm1,21.0,20.347,0.653
2026-12-02T17:54:00.000000000,2026-12-02T18:04:00.000000000,10,BiLSTM,pm2_5,32.0,34.0238,-2.0238
2026-12-02T17:54:00.000000000,2026-12-02T18:04:00.000000000,10,BiLSTM,pm10,41.0,41.716,-0.716
2026-12-02T17:54:00.000000000,2026-12-02T18:04:00.000000000,10,BiLSTM,co2,1127.0,1395.9565,-268.9565
2026-12-02T17:54:00.000000000,2026-12-02T18:04:00.000000000,10,BiLSTM,voc,74.0,76.7605,-2.7605
2026-12-02T17:55:00.000000000,2026-12-02T18:05:00.000000000,10,BiLSTM,pm1,20.0,20.2231,-0.2231
2026-12-02T17:55:00.000000000,2026-12-02T18:05:00.000000000,10,BiLSTM,pm2_5,33.0,33.9945,-0.9945
2026-12-02T17:55:00.000000000,2026-12-02T18:05:00.000000000,10,BiLSTM,pm10,41.0,41.6979,-0.6979
2026-12-02T17:55:00.000000000,2026-12-02T18:05:00.000000000,10,BiLSTM,co2,1117.0,1396.286,-279.286
2026-12-02T17:55:00.000000000,2026-12-02T18:05:00.000000000,10,BiLSTM,voc,73.0,69.9259,3.0741
2026-12-02T17:56:00.000000000,2026-12-02T18:06:00.000000000,10,BiLSTM,pm1,20.0,20.2326,-0.2326
2026-12-02T17:56:00.000000000,2026-12-02T18:06:00.000000000,10,BiLSTM,pm2_5,33.0,34.1545,-1.1545
2026-12-02T17:56:00.000000000,2026-12-02T18:06:00.000000000,10,BiLSTM,pm10,42.0,42.0017,-0.0017
2026-12-02T17:56:00.000000000,2026-12-02T18:06:00.000000000,10,BiLSTM,co2,1066.0,1410.934,-344.934
2026-12-02T17:56:00.000000000,2026-12-02T18:06:00.000000000,10,BiLSTM,voc,75.0,61.023,13.977
2026-12-02T17:57:00.000000000,2026-12-02T18:07:00.000000000,10,BiLSTM,pm1,21.0,20.2824,0.7176
2026-12-02T17:57:00.000000000,2026-12-02T18:07:00.000000000,10,BiLSTM,pm2_5,32.0,34.3244,-2.3244
2026-12-02T17:57:00.000000000,2026-12-02T18:07:00.000000000,10,BiLSTM,pm10,40.0,42.315,-2.315
2026-12-02T17:57:00.000000000,2026-12-02T18:07:00.000000000,10,BiLSTM,co2,1051.0,1422.4329,-371.4329
2026-12-02T17:57:00.000000000,2026-12-02T18:07:00.000000000,10,BiLSTM,voc,74.0,54.2861,19.7139
2026-12-02T17:58:00.000000000,2026-12-02T18:08:00.000000000,10,BiLSTM,pm1,21.0,20.379,0.621
2026-12-02T17:58:00.000000000,2026-12-02T18:08:00.000000000,10,BiLSTM,pm2_5,34.0,34.5504,-0.5504
2026-12-02T17:58:00.000000000,2026-12-02T18:08:00.000000000,10,BiLSTM,pm10,42.0,42.7422,-0.7422
2026-12-02T17:58:00.000000000,2026-12-02T18:08:00.000000000,10,BiLSTM,co2,1048.0,1437.9602,-389.9602
2026-12-02T17:58:00.000000000,2026-12-02T18:08:00.000000000,10,BiLSTM,voc,70.0,48.1186,21.8814
2026-12-02T17:59:00.000000000,2026-12-02T18:09:00.000000000,10,BiLSTM,pm1,21.0,20.362,0.638
2026-12-02T17:59:00.000000000,2026-12-02T18:09:00.000000000,10,BiLSTM,pm2_5,34.0,34.6049,-0.6049
2026-12-02T17:59:00.000000000,2026-12-02T18:09:00.000000000,10,BiLSTM,pm10,41.0,42.8946,-1.8946
2026-12-02T17:59:00.000000000,2026-12-02T18:09:00.000000000,10,BiLSTM,co2,1034.0,1444.3368,-410.3368
2026-12-02T17:59:00.000000000,2026-12-02T18:09:00.000000000,10,BiLSTM,voc,68.0,43.7029,24.2971
2026-12-02T18:00:00.000000000,2026-12-02T18:10:00.000000000,10,BiLSTM,pm1,21.0,20.4002,0.5998
2026-12-02T18:00:00.000000000,2026-12-02T18:10:00.000000000,10,BiLSTM,pm2_5,34.0,34.6907,-0.6907
2026-12-02T18:00:00.000000000,2026-12-02T18:10:00.000000000,10,BiLSTM,pm10,42.0,43.059,-1.059
2026-12-02T18:00:00.000000000,2026-12-02T18:10:00.000000000,10,BiLSTM,co2,1029.0,1446.3019,-417.3019
2026-12-02T18:00:00.000000000,2026-12-02T18:10:00.000000000,10,BiLSTM,voc,71.0,42.6172,28.3828
2026-12-02T13:15:00.000000000,2026-12-02T13:27:00.000000000,10,GRU,pm1,16.0,16.9254,-0.9254
2026-12-02T13:15:00.000000000,2026-12-02T13:27:00.000000000,10,GRU,pm2_5,26.0,27.4957,-1.4957
2026-12-02T13:15:00.000000000,2026-12-02T13:27:00.000000000,10,GRU,pm10,32.0,32.8041,-0.8041
2026-12-02T13:15:00.000000000,2026-12-02T13:27:00.000000000,10,GRU,co2,2790.0,2602.0891,187.9109
2026-12-02T13:15:00.000000000,2026-12-02T13:27:00.000000000,10,GRU,voc,114.0,126.9524,-12.9524
2026-12-02T13:16:00.000000000,2026-12-02T13:28:00.000000000,10,GRU,pm1,17.0,16.9917,0.0083
2026-12-02T13:16:00.000000000,2026-12-02T13:28:00.000000000,10,GRU,pm2_5,27.0,27.5531,-0.5531
2026-12-02T13:16:00.000000000,2026-12-02T13:28:00.000000000,10,GRU,pm10,31.0,33.041,-2.041
2026-12-02T13:16:00.000000000,2026-12-02T13:28:00.000000000,10,GRU,co2,2707.0,2587.4746,119.5254
2026-12-02T13:16:00.000000000,2026-12-02T13:28:00.000000000,10,GRU,voc,110.0,122.7507,-12.7507
2026-12-02T13:17:00.000000000,2026-12-02T13:29:00.000000000,10,GRU,pm1,17.0,17.0462,-0.0462
2026-12-02T13:17:00.000000000,2026-12-02T13:29:00.000000000,10,GRU,pm2_5,26.0,27.5905,-1.5905
2026-12-02T13:17:00.000000000,2026-12-02T13:29:00.000000000,10,GRU,pm10,31.0,33.2142,-2.2142
2026-12-02T13:17:00.000000000,2026-12-02T13:29:00.000000000,10,GRU,co2,2777.0,2571.8533,205.1467
2026-12-02T13:17:00.000000000,2026-12-02T13:29:00.000000000,10,GRU,voc,113.0,118.6418,-5.6418
2026-12-02T13:18:00.000000000,2026-12-02T13:30:00.000000000,10,GRU,pm1,16.0,17.1193,-1.1193
2026-12-02T13:18:00.000000000,2026-12-02T13:30:00.000000000,10,GRU,pm2_5,26.0,27.7202,-1.7202
2026-12-02T13:18:00.000000000,2026-12-02T13:30:00.000000000,10,GRU,pm10,31.0,33.5346,-2.5346
2026-12-02T13:18:00.000000000,2026-12-02T13:30:00.000000000,10,GRU,co2,2766.0,2553.2217,212.7783
2026-12-02T13:18:00.000000000,2026-12-02T13:30:00.000000000,10,GRU,voc,108.0,114.6157,-6.6157
2026-12-02T13:19:00.000000000,2026-12-02T13:31:00.000000000,10,GRU,pm1,16.0,17.1495,-1.1495
2026-12-02T13:19:00.000000000,2026-12-02T13:31:00.000000000,10,GRU,pm2_5,26.0,27.9259,-1.9259
2026-12-02T13:19:00.000000000,2026-12-02T13:31:00.000000000,10,GRU,pm10,30.0,33.7211,-3.7211
2026-12-02T13:19:00.000000000,2026-12-02T13:31:00.000000000,10,GRU,co2,2705.0,2556.843,148.157
2026-12-02T13:19:00.000000000,2026-12-02T13:31:00.000000000,10,GRU,voc,108.0,118.7345,-10.7345
2026-12-02T13:21:00.000000000,2026-12-02T13:32:00.000000000,10,GRU,pm1,16.0,17.2391,-1.2391
2026-12-02T13:21:00.000000000,2026-12-02T13:32:00.000000000,10,GRU,pm2_5,25.0,28.0158,-3.0158
2026-12-02T13:21:00.000000000,2026-12-02T13:32:00.000000000,10,GRU,pm10,32.0,33.7427,-1.7427
2026-12-02T13:21:00.000000000,2026-12-02T13:32:00.000000000,10,GRU,co2,2767.0,2564.3721,202.6279
2026-12-02T13:21:00.000000000,2026-12-02T13:32:00.000000000,10,GRU,voc,107.0,114.5735,-7.5735
2026-12-02T13:22:00.000000000,2026-12-02T13:33:00.000000000,10,GRU,pm1,17.0,17.2878,-0.2878
2026-12-02T13:22:00.000000000,2026-12-02T13:33:00.000000000,10,GRU,pm2_5,25.0,28.1009,-3.1009
2026-12-02T13:22:00.000000000,2026-12-02T13:33:00.000000000,10,GRU,pm10,33.0,33.9794,-0.9794
2026-12-02T13:22:00.000000000,2026-12-02T13:33:00.000000000,10,GRU,co2,2759.0,2541.9878,217.0122
2026-12-02T13:22:00.000000000,2026-12-02T13:33:00.000000000,10,GRU,voc,114.0,112.669,1.331
2026-12-02T13:24:00.000000000,2026-12-02T13:34:00.000000000,10,GRU,pm1,16.0,17.3524,-1.3524
2026-12-02T13:24:00.000000000,2026-12-02T13:34:00.000000000,10,GRU,pm2_5,25.0,28.2154,-3.2154
2026-12-02T13:24:00.000000000,2026-12-02T13:34:00.000000000,10,GRU,pm10,30.0,33.9535,-3.9535
2026-12-02T13:24:00.000000000,2026-12-02T13:34:00.000000000,10,GRU,co2,2702.0,2543.6648,158.3352
2026-12-02T13:24:00.000000000,2026-12-02T13:34:00.000000000,10,GRU,voc,106.0,103.4936,2.5064
2026-12-02T13:25:00.000000000,2026-12-02T13:35:00.000000000,10,GRU,pm1,15.0,17.3604,-2.3604
2026-12-02T13:25:00.000000000,2026-12-02T13:35:00.000000000,10,GRU,pm2_5,24.0,28.2264,-4.2264
2026-12-02T13:25:00.000000000,2026-12-02T13:35:00.000000000,10,GRU,pm10,29.0,34.2266,-5.2266
2026-12-02T13:25:00.000000000,2026-12-02T13:35:00.000000000,10,GRU,co2,2611.0,2515.8506,95.1494
2026-12-02T13:25:00.000000000,2026-12-02T13:35:00.000000000,10,GRU,voc,106.0,102.6943,3.3057
2026-12-02T13:26:00.000000000,2026-12-02T13:36:00.000000000,10,GRU,pm1,16.0,17.3531,-1.3531
2026-12-02T13:26:00.000000000,2026-12-02T13:36:00.000000000,10,GRU,pm2_5,25.0,28.1643,-3.1643
2026-12-02T13:26:00.000000000,2026-12-02T13:36:00.000000000,10,GRU,pm10,30.0,34.0797,-4.0797
2026-12-02T13:26:00.000000000,2026-12-02T13:36:00.000000000,10,GRU,co2,2684.0,2517.51,166.49
2026-12-02T13:26:00.000000000,2026-12-02T13:36:00.000000000,10,GRU,voc,105.0,105.8326,-0.8326
2026-12-02T13:27:00.000000000,2026-12-02T13:37:00.000000000,10,GRU,pm1,15.0,17.4439,-2.4439
2026-12-02T13:27:00.000000000,2026-12-02T13:37:00.000000000,10,GRU,pm2_5,25.0,28.3719,-3.3719
2026-12-02T13:27:00.000000000,2026-12-02T13:37:00.000000000,10,GRU,pm10,29.0,34.4984,-5.4984
2026-12-02T13:27:00.000000000,2026-12-02T13:37:00.000000000,10,GRU,co2,2639.0,2496.8594,142.1406
2026-12-02T13:27:00.000000000,2026-12-02T13:37:00.000000000,10,GRU,voc,106.0,98.4811,7.5189
2026-12-02T13:28:00.000000000,2026-12-02T13:38:00.000000000,10,GRU,pm1,16.0,17.4927,-1.4927
2026-12-02T13:28:00.000000000,2026-12-02T13:38:00.000000000,10,GRU,pm2_5,25.0,28.4273,-3.4273
2026-12-02T13:28:00.000000000,2026-12-02T13:38:00.000000000,10,GRU,pm10,31.0,34.5733,-3.5733
2026-12-02T13:28:00.000000000,2026-12-02T13:38:00.000000000,10,GRU,co2,2605.0,2488.093,116.907
2026-12-02T13:28:00.000000000,2026-12-02T13:38:00.000000000,10,GRU,voc,106.0,96.7455,9.2545
2026-12-02T13:29:00.000000000,2026-12-02T13:39:00.000000000,10,GRU,pm1,15.0,17.5402,-2.5402
2026-12-02T13:29:00.000000000,2026-12-02T13:39:00.000000000,10,GRU,pm2_5,25.0,28.5157,-3.5157
2026-12-02T13:29:00.000000000,2026-12-02T13:39:00.000000000,10,GRU,pm10,30.0,34.761,-4.761
2026-12-02T13:29:00.000000000,2026-12-02T13:39:00.000000000,10,GRU,co2,2602.0,2473.342,128.658
2026-12-02T13:29:00.000000000,2026-12-02T13:39:00.000000000,10,GRU,voc,106.0,92.5669,13.4331
2026-12-02T13:30:00.000000000,2026-12-02T13:40:00.000000000,10,GRU,pm1,15.0,17.4946,-2.4946
2026-12-02T13:30:00.000000000,2026-12-02T13:40:00.000000000,10,GRU,pm2_5,25.0,28.4592,-3.4592
2026-12-02T13:30:00.000000000,2026-12-02T13:40:00.000000000,10,GRU,pm10,28.0,34.5408,-6.5408
2026-12-02T13:30:00.000000000,2026-12-02T13:40:00.000000000,10,GRU,co2,2607.0,2462.5134,144.4866
2026-12-02T13:30:00.000000000,2026-12-02T13:40:00.000000000,10,GRU,voc,104.0,94.8664,9.1336
2026-12-02T13:31:00.000000000,2026-12-02T13:41:00.000000000,10,GRU,pm1,16.0,17.5242,-1.5242
2026-12-02T13:31:00.000000000,2026-12-02T13:41:00.000000000,10,GRU,pm2_5,25.0,28.4025,-3.4025
2026-12-02T13:31:00.000000000,2026-12-02T13:41:00.000000000,10,GRU,pm10,27.0,34.541,-7.541
2026-12-02T13:31:00.000000000,2026-12-02T13:41:00.000000000,10,GRU,co2,2541.0,2438.0039,102.9961
2026-12-02T13:31:00.000000000,2026-12-02T13:41:00.000000000,10,GRU,voc,102.0,90.2136,11.7864
2026-12-02T13:32:00.000000000,2026-12-02T13:42:00.000000000,10,GRU,pm1,16.0,17.4758,-1.4758
2026-12-02T13:32:00.000000000,2026-12-02T13:42:00.000000000,10,GRU,pm2_5,25.0,28.3991,-3.3991
2026-12-02T13:32:00.000000000,2026-12-02T13:42:00.000000000,10,GRU,pm10,29.0,34.5794,-5.5794
2026-12-02T13:32:00.000000000,2026-12-02T13:42:00.000000000,10,GRU,co2,2507.0,2403.3943,103.6057
2026-12-02T13:32:00.000000000,2026-12-02T13:42:00.000000000,10,GRU,voc,100.0,94.3441,5.6559
2026-12-02T13:33:00.000000000,2026-12-02T13:43:00.000000000,10,GRU,pm1,15.0,17.3993,-2.3993
2026-12-02T13:33:00.000000000,2026-12-02T13:43:00.000000000,10,GRU,pm2_5,24.0,28.2094,-4.2094
2026-12-02T13:33:00.000000000,2026-12-02T13:43:00.000000000,10,GRU,pm10,29.0,33.9857,-4.9857
2026-12-02T13:33:00.000000000,2026-12-02T13:43:00.000000000,10,GRU,co2,2581.0,2416.2727,164.7273
2026-12-02T13:33:00.000000000,2026-12-02T13:43:00.000000000,10,GRU,voc,101.0,97.3764,3.6236
2026-12-02T13:34:00.000000000,2026-12-02T13:44:00.000000000,10,GRU,pm1,15.0,17.4218,-2.4218
2026-12-02T13:34:00.000000000,2026-12-02T13:44:00.000000000,10,GRU,pm2_5,25.0,28.199,-3.199
2026-12-02T13:34:00.000000000,2026-12-02T13:44:00.000000000,10,GRU,pm10,30.0,33.8693,-3.8693
2026-12-02T13:34:00.000000000,2026-12-02T13:44:00.000000000,10,GRU,co2,2569.0,2421.4214,147.5786
2026-12-02T13:34:00.000000000,2026-12-02T13:44:00.000000000,10,GRU,voc,100.0,92.52,7.48
2026-12-02T13:35:00.000000000,2026-12-02T13:45:00.000000000,10,GRU,pm1,16.0,17.37,-1.37
2026-12-02T13:35:00.000000000,2026-12-02T13:45:00.000000000,10,GRU,pm2_5,25.0,28.1423,-3.1423
2026-12-02T13:35:00.000000000,2026-12-02T13:45:00.000000000,10,GRU,pm10,30.0,33.9175,-3.9175
2026-12-02T13:35:00.000000000,2026-12-02T13:45:00.000000000,10,GRU,co2,2532.0,2400.5898,131.4102
2026-12-02T13:35:00.000000000,2026-12-02T13:45:00.000000000,10,GRU,voc,97.0,97.3484,-0.3484
2026-12-02T13:36:00.000000000,2026-12-02T13:46:00.000000000,10,GRU,pm1,17.0,17.1963,-0.1963
2026-12-02T13:36:00.000000000,2026-12-02T13:46:00.000000000,10,GRU,pm2_5,25.0,27.7431,-2.7431
2026-12-02T13:36:00.000000000,2026-12-02T13:46:00.000000000,10,GRU,pm10,31.0,33.164,-2.164
2026-12-02T13:36:00.000000000,2026-12-02T13:46:00.000000000,10,GRU,co2,2442.0,2406.8606,35.1394
2026-12-02T13:36:00.000000000,2026-12-02T13:46:00.000000000,10,GRU,voc,96.0,101.0259,-5.0259
2026-12-02T13:37:00.000000000,2026-12-02T13:47:00.000000000,10,GRU,pm1,16.0,17.2638,-1.2638
2026-12-02T13:37:00.000000000,2026-12-02T13:47:00.000000000,10,GRU,pm2_5,25.0,27.8538,-2.8538
2026-12-02T13:37:00.000000000,2026-12-02T13:47:00.000000000,10,GRU,pm10,31.0,33.3486,-2.3486
2026-12-02T13:37:00.000000000,2026-12-02T13:47:00.000000000,10,GRU,co2,2421.0,2405.824,15.176
2026-12-02T13:37:00.000000000,2026-12-02T13:47:00.000000000,10,GRU,voc,95.0,94.368,0.632
2026-12-02T13:38:00.000000000,2026-12-02T13:48:00.000000000,10,GRU,pm1,17.0,17.3016,-0.3016
2026-12-02T13:38:00.000000000,2026-12-02T13:48:00.000000000,10,GRU,pm2_5,25.0,27.9516,-2.9516
2026-12-02T13:38:00.000000000,2026-12-02T13:48:00.000000000,10,GRU,pm10,31.0,33.5217,-2.5217
2026-12-02T13:38:00.000000000,2026-12-02T13:48:00.000000000,10,GRU,co2,2463.0,2410.4338,52.5662
2026-12-02T13:38:00.000000000,2026-12-02T13:48:00.000000000,10,GRU,voc,96.0,98.243,-2.243
2026-12-02T13:39:00.000000000,2026-12-02T13:49:00.000000000,10,GRU,pm1,16.0,17.4562,-1.4562
2026-12-02T13:39:00.000000000,2026-12-02T13:49:00.000000000,10,GRU,pm2_5,25.0,28.1593,-3.1593
2026-12-02T13:39:00.000000000,2026-12-02T13:49:00.000000000,10,GRU,pm10,29.0,33.96,-4.96
2026-12-02T13:39:00.000000000,2026-12-02T13:49:00.000000000,10,GRU,co2,2443.0,2401.5332,41.4668
2026-12-02T13:39:00.000000000,2026-12-02T13:49:00.000000000,10,GRU,voc,93.0,93.6327,-0.6327
2026-12-02T13:40:00.000000000,2026-12-02T13:50:00.000000000,10,GRU,pm1,17.0,17.4485,-0.4485
2026-12-02T13:40:00.000000000,2026-12-02T13:50:00.000000000,10,GRU,pm2_5,25.0,28.1895,-3.1895
2026-12-02T13:40:00.000000000,2026-12-02T13:50:00.000000000,10,GRU,pm10,30.0,34.1661,-4.1661
2026-12-02T13:40:00.000000000,2026-12-02T13:50:00.000000000,10,GRU,co2,2403.0,2378.2942,24.7058
2026-12-02T13:40:00.000000000,2026-12-02T13:50:00.000000000,10,GRU,voc,96.0,97.3797,-1.3797
2026-12-02T13:41:00.000000000,2026-12-02T13:51:00.000000000,10,GRU,pm1,16.0,17.4786,-1.4786
2026-12-02T13:41:00.000000000,2026-12-02T13:51:00.000000000,10,GRU,pm2_5,25.0,28.1494,-3.1494
2026-12-02T13:41:00.000000000,2026-12-02T13:51:00.000000000,10,GRU,pm10,32.0,34.0612,-2.0612
2026-12-02T13:41:00.000000000,2026-12-02T13:51:00.000000000,10,GRU,co2,2392.0,2380.8726,11.1274
2026-12-02T13:41:00.000000000,2026-12-02T13:51:00.000000000,10,GRU,voc,93.0,92.2288,0.7712
2026-12-02T13:42:00.000000000,2026-12-02T13:52:00.000000000,10,GRU,pm1,17.0,17.312,-0.312
2026-12-02T13:42:00.000000000,2026-12-02T13:52:00.000000000,10,GRU,pm2_5,26.0,27.8752,-1.8752
2026-12-02T13:42:00.000000000,2026-12-02T13:52:00.000000000,10,GRU,pm10,31.0,33.6705,-2.6705
2026-12-02T13:42:00.000000000,2026-12-02T13:52:00.000000000,10,GRU,co2,2238.0,2356.166,-118.166
2026-12-02T13:42:00.000000000,2026-12-02T13:52:00.000000000,10,GRU,voc,82.0,98.1398,-16.1398
2026-12-02T13:43:00.000000000,2026-12-02T13:53:00.000000000,10,GRU,pm1,17.0,17.3434,-0.3434
2026-12-02T13:43:00.000000000,2026-12-02T13:53:00.000000000,10,GRU,pm2_5,26.0,27.7965,-1.7965
2026-12-02T13:43:00.000000000,2026-12-02T13:53:00.000000000,10,GRU,pm10,34.0,33.3631,0.6369
2026-12-02T13:43:00.000000000,2026-12-02T13:53:00.000000000,10,GRU,co2,2253.0,2373.4333,-120.4333
2026-12-02T13:43:00.000000000,2026-12-02T13:53:00.000000000,10,GRU,voc,83.0,94.0156,-11.0156
2026-12-02T13:44:00.000000000,2026-12-02T13:54:00.000000000,10,GRU,pm1,17.0,17.2833,-0.2833
2026-12-02T13:44:00.000000000,2026-12-02T13:54:00.000000000,10,GRU,pm2_5,27.0,27.6689,-0.6689
2026-12-02T13:44:00.000000000,2026-12-02T13:54:00.000000000,10,GRU,pm10,32.0,33.3366,-1.3366
2026-12-02T13:44:00.000000000,2026-12-02T13:54:00.000000000,10,GRU,co2,2355.0,2338.6787,16.3213
2026-12-02T13:44:00.000000000,2026-12-02T13:54:00.000000000,10,GRU,voc,86.0,96.3835,-10.3835
2026-12-02T13:45:00.000000000,2026-12-02T13:55:00.000000000,10,GRU,pm1,17.0,17.3656,-0.3656
2026-12-02T13:45:00.000000000,2026-12-02T13:55:00.000000000,10,GRU,pm2_5,26.0,27.8461,-1.8461
2026-12-02T13:45:00.000000000,2026-12-02T13:55:00.000000000,10,GRU,pm10,32.0,33.5196,-1.5196
2026-12-02T13:45:00.000000000,2026-12-02T13:55:00.000000000,10,GRU,co2,2314.0,2347.0986,-33.0986
2026-12-02T13:45:00.000000000,2026-12-02T13:55:00.000000000,10,GRU,voc,86.0,97.993,-11.993
2026-12-02T13:46:00.000000000,2026-12-02T13:56:00.000000000,10,GRU,pm1,16.0,17.4879,-1.4879
2026-12-02T13:46:00.000000000,2026-12-02T13:56:00.000000000,10,GRU,pm2_5,26.0,27.9928,-1.9928
2026-12-02T13:46:00.000000000,2026-12-02T13:56:00.000000000,10,GRU,pm10,31.0,33.7393,-2.7393
2026-12-02T13:46:00.000000000,2026-12-02T13:56:00.000000000,10,GRU,co2,2291.0,2344.9458,-53.9458
2026-12-02T13:46:00.000000000,2026-12-02T13:56:00.000000000,10,GRU,voc,86.0,93.481,-7.481
2026-12-02T13:47:00.000000000,2026-12-02T13:57:00.000000000,10,GRU,pm1,17.0,17.6393,-0.6393
2026-12-02T13:47:00.000000000,2026-12-02T13:57:00.000000000,10,GRU,pm2_5,27.0,28.2464,-1.2464
2026-12-02T13:47:00.000000000,2026-12-02T13:57:00.000000000,10,GRU,pm10,34.0,34.3014,-0.3014
2026-12-02T13:47:00.000000000,2026-12-02T13:57:00.000000000,10,GRU,co2,2161.0,2325.0723,-164.0723
2026-12-02T13:47:00.000000000,2026-12-02T13:57:00.000000000,10,GRU,voc,77.0,91.1429,-14.1429
2026-12-02T13:48:00.000000000,2026-12-02T13:58:00.000000000,10,GRU,pm1,17.0,17.6703,-0.6703
2026-12-02T13:48:00.000000000,2026-12-02T13:58:00.000000000,10,GRU,pm2_5,27.0,28.2699,-1.2699
2026-12-02T13:48:00.000000000,2026-12-02T13:58:00.000000000,10,GRU,pm10,32.0,34.1813,-2.1813
2026-12-02T13:48:00.000000000,2026-12-02T13:58:00.000000000,10,GRU,co2,2078.0,2347.7258,-269.7258
2026-12-02T13:48:00.000000000,2026-12-02T13:58:00.000000000,10,GRU,voc,74.0,94.4822,-20.4822
2026-12-02T13:49:00.000000000,2026-12-02T13:59:00.000000000,10,GRU,pm1,17.0,17.6754,-0.6754
2026-12-02T13:49:00.000000000,2026-12-02T13:59:00.000000000,10,GRU,pm2_5,27.0,28.2976,-1.2976
2026-12-02T13:49:00.000000000,2026-12-02T13:59:00.000000000,10,GRU,pm10,35.0,34.0303,0.9697
2026-12-02T13:49:00.000000000,2026-12-02T13:59:00.000000000,10,GRU,co2,1963.0001,2358.2197,-395.2196
2026-12-02T13:49:00.000000000,2026-12-02T13:59:00.000000000,10,GRU,voc,64.0,92.8282,-28.8282
2026-12-02T13:50:00.000000000,2026-12-02T14:00:00.000000000,10,GRU,pm1,17.0,17.7951,-0.7951
2026-12-02T13:50:00.000000000,2026-12-02T14:00:00.000000000,10,GRU,pm2_5,29.0,28.5065,0.4935
2026-12-02T13:50:00.000000000,2026-12-02T14:00:00.000000000,10,GRU,pm10,35.0,34.5736,0.4264
2026-12-02T13:50:00.000000000,2026-12-02T14:00:00.000000000,10,GRU,co2,1903.0,2329.908,-426.908
2026-12-02T13:50:00.000000000,2026-12-02T14:00:00.000000000,10,GRU,voc,63.0,87.8085,-24.8085
2026-12-02T13:51:00.000000000,2026-12-02T14:01:00.000000000,10,GRU,pm1,18.0,17.9358,0.0642
2026-12-02T13:51:00.000000000,2026-12-02T14:01:00.000000000,10,GRU,pm2_5,28.0,28.7764,-0.7764
2026-12-02T13:51:00.000000000,2026-12-02T14:01:00.000000000,10,GRU,pm10,36.0,35.0028,0.9972
2026-12-02T13:51:00.000000000,2026-12-02T14:01:00.000000000,10,GRU,co2,1892.0,2324.4119,-432.4119
2026-12-02T13:51:00.000000000,2026-12-02T14:01:00.000000000,10,GRU,voc,58.0,85.0798,-27.0798
2026-12-02T13:52:00.000000000,2026-12-02T14:02:00.000000000,10,GRU,pm1,18.0,17.9513,0.0487
2026-12-02T13:52:00.000000000,2026-12-02T14:02:00.000000000,10,GRU,pm2_5,28.0,28.7286,-0.7286
2026-12-02T13:52:00.000000000,2026-12-02T14:02:00.000000000,10,GRU,pm10,35.0,34.953,0.047
2026-12-02T13:52:00.000000000,2026-12-02T14:02:00.000000000,10,GRU,co2,1786.0,2313.3186,-527.3186
2026-12-02T13:52:00.000000000,2026-12-02T14:02:00.000000000,10,GRU,voc,56.0,88.7203,-32.7203
2026-12-02T13:53:00.000000000,2026-12-02T14:03:00.000000000,10,GRU,pm1,18.0,18.0816,-0.0816
2026-12-02T13:53:00.000000000,2026-12-02T14:03:00.000000000,10,GRU,pm2_5,29.0,28.9551,0.0449
2026-12-02T13:53:00.000000000,2026-12-02T14:03:00.000000000,10,GRU,pm10,37.0,35.4091,1.5909
2026-12-02T13:53:00.000000000,2026-12-02T14:03:00.000000000,10,GRU,co2,1773.0,2293.7488,-520.7488
2026-12-02T13:53:00.000000000,2026-12-02T14:03:00.000000000,10,GRU,voc,53.0,79.4185,-26.4185
2026-12-02T13:54:00.000000000,2026-12-02T14:04:00.000000000,10,GRU,pm1,18.0,18.0872,-0.0872
2026-12-02T13:54:00.000000000,2026-12-02T14:04:00.000000000,10,GRU,pm2_5,30.0,29.0015,0.9985
2026-12-02T13:54:00.000000000,2026-12-02T14:04:00.000000000,10,GRU,pm10,37.0,35.2964,1.7036
2026-12-02T13:54:00.000000000,2026-12-02T14:04:00.000000000,10,GRU,co2,1668.0,2308.6934,-640.6934
2026-12-02T13:54:00.000000000,2026-12-02T14:04:00.000000000,10,GRU,voc,50.0,79.8138,-29.8138
2026-12-02T13:55:00.000000000,2026-12-02T14:05:00.000000000,10,GRU,pm1,18.0,18.2365,-0.2365
2026-12-02T13:55:00.000000000,2026-12-02T14:05:00.000000000,10,GRU,pm2_5,29.0,29.2402,-0.2402
2026-12-02T13:55:00.000000000,2026-12-02T14:05:00.000000000,10,GRU,pm10,37.0,35.664,1.336
2026-12-02T13:55:00.000000000,2026-12-02T14:05:00.000000000,10,GRU,co2,1692.0,2306.793,-614.793
2026-12-02T13:55:00.000000000,2026-12-02T14:05:00.000000000,10,GRU,voc,48.0,72.2056,-24.2056
2026-12-02T13:56:00.000000000,2026-12-02T14:06:00.000000000,10,GRU,pm1,19.0,18.3411,0.6589
2026-12-02T13:56:00.000000000,2026-12-02T14:06:00.000000000,10,GRU,pm2_5,30.0,29.4271,0.5729
2026-12-02T13:56:00.000000000,2026-12-02T14:06:00.000000000,10,GRU,pm10,38.0,36.138,1.862
2026-12-02T13:56:00.000000000,2026-12-02T14:06:00.000000000,10,GRU,co2,1565.0,2279.0664,-714.0664
2026-12-02T13:56:00.000000000,2026-12-02T14:06:00.000000000,10,GRU,voc,47.0,69.0477,-22.0477
2026-12-02T13:57:00.000000000,2026-12-02T14:07:00.000000000,10,GRU,pm1,19.0,18.3492,0.6508
2026-12-02T13:57:00.000000000,2026-12-02T14:07:00.000000000,10,GRU,pm2_5,30.0,29.4747,0.5253
2026-12-02T13:57:00.000000000,2026-12-02T14:07:00.000000000,10,GRU,pm10,38.0,36.3181,1.6819
2026-12-02T13:57:00.000000000,2026-12-02T14:07:00.000000000,10,GRU,co2,1606.0,2252.1909,-646.1909
2026-12-02T13:57:00.000000000,2026-12-02T14:07:00.000000000,10,GRU,voc,47.0,73.0139,-26.0139
2026-12-02T13:58:00.000000000,2026-12-02T14:08:00.000000000,10,GRU,pm1,20.0,18.3962,1.6038
2026-12-02T13:58:00.000000000,2026-12-02T14:08:00.000000000,10,GRU,pm2_5,32.0,29.5795,2.4205
2026-12-02T13:58:00.000000000,2026-12-02T14:08:00.000000000,10,GRU,pm10,40.0,36.2589,3.7411
2026-12-02T13:58:00.000000000,2026-12-02T14:08:00.000000000,10,GRU,co2,1624.0,2267.2449,-643.2449
2026-12-02T13:58:00.000000000,2026-12-02T14:08:00.000000000,10,GRU,voc,47.0,71.4475,-24.4475
2026-12-02T13:59:00.000000000,2026-12-02T14:09:00.000000000,10,GRU,pm1,20.0,18.4605,1.5395
2026-12-02T13:59:00.000000000,2026-12-02T14:09:00.000000000,10,GRU,pm2_5,32.0,29.7037,2.2963
2026-12-02T13:59:00.000000000,2026-12-02T14:09:00.000000000,10,GRU,pm10,40.0,36.4114,3.5886
2026-12-02T13:59:00.000000000,2026-12-02T14:09:00.000000000,10,GRU,co2,1629.0,2262.7231,-633.7231
2026-12-02T13:59:00.000000000,2026-12-02T14:09:00.000000000,10,GRU,voc,45.0,65.9927,-20.9927
2026-12-02T14:00:00.000000000,2026-12-02T14:10:00.000000000,10,GRU,pm1,20.0,18.5507,1.4493
2026-12-02T14:00:00.000000000,2026-12-02T14:10:00.000000000,10,GRU,pm2_5,32.0,29.7724,2.2276
2026-12-02T14:00:00.000000000,2026-12-02T14:10:00.000000000,10,GRU,pm10,41.0,36.6524,4.3476
2026-12-02T14:00:00.000000000,2026-12-02T14:10:00.000000000,10,GRU,co2,1688.0,2242.5859,-554.5859
2026-12-02T14:00:00.000000000,2026-12-02T14:10:00.000000000,10,GRU,voc,46.0,59.0564,-13.0564
2026-12-02T14:01:00.000000000,2026-12-02T14:11:00.000000000,10,GRU,pm1,20.0,18.6039,1.3961
2026-12-02T14:01:00.000000000,2026-12-02T14:11:00.000000000,10,GRU,pm2_5,32.0,29.9051,2.0949
2026-12-02T14:01:00.000000000,2026-12-02T14:11:00.000000000,10,GRU,pm10,41.0,36.9505,4.0495
2026-12-02T14:01:00.000000000,2026-12-02T14:11:00.000000000,10,GRU,co2,1717.0,2228.6877,-511.6877
2026-12-02T14:01:00.000000000,2026-12-02T14:11:00.000000000,10,GRU,voc,51.0,58.3745,-7.3745
2026-12-02T14:02:00.000000000,2026-12-02T14:12:00.000000000,10,GRU,pm1,20.0,18.6621,1.3379
2026-12-02T14:02:00.000000000,2026-12-02T14:12:00.000000000,10,GRU,pm2_5,31.0,30.0419,0.9581
2026-12-02T14:02:00.000000000,2026-12-02T14:12:00.000000000,10,GRU,pm10,39.0,37.016,1.984
2026-12-02T14:02:00.000000000,2026-12-02T14:12:00.000000000,10,GRU,co2,1775.0,2215.2898,-440.2898
2026-12-02T14:02:00.000000000,2026-12-02T14:12:00.000000000,10,GRU,voc,54.0,55.5257,-1.5257
2026-12-02T14:03:00.000000000,2026-12-02T14:13:00.000000000,10,GRU,pm1,20.0,18.8096,1.1904
2026-12-02T14:03:00.000000000,2026-12-02T14:13:00.000000000,10,GRU,pm2_5,30.0,30.2195,-0.2195
2026-12-02T14:03:00.000000000,2026-12-02T14:13:00.000000000,10,GRU,pm10,38.0,37.2446,0.7554
2026-12-02T14:03:00.000000000,2026-12-02T14:13:00.000000000,10,GRU,co2,1752.0,2198.668,-446.668
2026-12-02T14:03:00.000000000,2026-12-02T14:13:00.000000000,10,GRU,voc,55.0,46.8779,8.1221
2026-12-02T14:04:00.000000000,2026-12-02T14:14:00.000000000,10,GRU,pm1,18.0,18.9493,-0.9493
2026-12-02T14:04:00.000000000,2026-12-02T14:14:00.000000000,10,GRU,pm2_5,29.0,30.4916,-1.4916
2026-12-02T14:04:00.000000000,2026-12-02T14:14:00.000000000,10,GRU,pm10,36.0,37.6494,-1.6494
2026-12-02T14:04:00.000000000,2026-12-02T14:14:00.000000000,10,GRU,co2,1730.0,2176.4697,-446.4697
2026-12-02T14:04:00.000000000,2026-12-02T14:14:00.000000000,10,GRU,voc,55.0,44.3684,10.6316
2026-12-02T14:05:00.000000000,2026-12-02T14:15:00.000000000,10,GRU,pm1,20.0,19.169,0.831
2026-12-02T14:05:00.000000000,2026-12-02T14:15:00.000000000,10,GRU,pm2_5,32.0,30.8689,1.1311
2026-12-02T14:05:00.000000000,2026-12-02T14:15:00.000000000,10,GRU,pm10,40.0,38.4291,1.5709
2026-12-02T14:05:00.000000000,2026-12-02T14:15:00.000000000,10,GRU,co2,1735.0,2135.9009,-400.9009
2026-12-02T14:05:00.000000000,2026-12-02T14:15:00.000000000,10,GRU,voc,50.0,35.7265,14.2735
2026-12-02T14:06:00.000000000,2026-12-02T14:16:00.000000000,10,GRU,pm1,22.0,19.2543,2.7457
2026-12-02T14:06:00.000000000,2026-12-02T14:16:00.000000000,10,GRU,pm2_5,35.0,31.0155,3.9845
2026-12-02T14:06:00.000000000,2026-12-02T14:16:00.000000000,10,GRU,pm10,45.0,38.628,6.372
2026-12-02T14:06:00.000000000,2026-12-02T14:16:00.000000000,10,GRU,co2,1719.0,2105.2429,-386.2429
2026-12-02T14:06:00.000000000,2026-12-02T14:16:00.000000000,10,GRU,voc,46.0,33.5432,12.4568
2026-12-02T14:07:00.000000000,2026-12-02T14:17:00.000000000,10,GRU,pm1,23.0,19.4423,3.5577
2026-12-02T14:07:00.000000000,2026-12-02T14:17:00.000000000,10,GRU,pm2_5,36.0,31.2519,4.7481
2026-12-02T14:07:00.000000000,2026-12-02T14:17:00.000000000,10,GRU,pm10,47.0,38.8211,8.1789
2026-12-02T14:07:00.000000000,2026-12-02T14:17:00.000000000,10,GRU,co2,1734.0,2093.4846,-359.4846
2026-12-02T14:07:00.000000000,2026-12-02T14:17:00.000000000,10,GRU,voc,41.0,24.7105,16.2895
2026-12-02T14:08:00.000000000,2026-12-02T14:18:00.000000000,10,GRU,pm1,23.0,19.5451,3.4549
2026-12-02T14:08:00.000000000,2026-12-02T14:18:00.000000000,10,GRU,pm2_5,36.0,31.4062,4.5938
2026-12-02T14:08:00.000000000,2026-12-02T14:18:00.000000000,10,GRU,pm10,47.0,39.1952,7.8048
2026-12-02T14:08:00.000000000,2026-12-02T14:18:00.000000000,10,GRU,co2,1756.0,2040.2397,-284.2397
2026-12-02T14:08:00.000000000,2026-12-02T14:18:00.000000000,10,GRU,voc,38.0,25.4928,12.5072
2026-12-02T14:09:00.000000000,2026-12-02T14:19:00.000000000,10,GRU,pm1,22.0,19.7704,2.2296
2026-12-02T14:09:00.000000000,2026-12-02T14:19:00.000000000,10,GRU,pm2_5,36.0,31.7752,4.2248
2026-12-02T14:09:00.000000000,2026-12-02T14:19:00.000000000,10,GRU,pm10,47.0,39.4383,7.5617
2026-12-02T14:09:00.000000000,2026-12-02T14:19:00.000000000,10,GRU,co2,1699.0,2045.5924,-346.5924
2026-12-02T14:09:00.000000000,2026-12-02T14:19:00.000000000,10,GRU,voc,37.0,22.7573,14.2427
2026-12-02T14:10:00.000000000,2026-12-02T14:20:00.000000000,10,GRU,pm1,23.0,20.028,2.972
2026-12-02T14:10:00.000000000,2026-12-02T14:20:00.000000000,10,GRU,pm2_5,36.0,32.2032,3.7968
2026-12-02T14:10:00.000000000,2026-12-02T14:20:00.000000000,10,GRU,pm10,46.0,40.2314,5.7686
2026-12-02T14:10:00.000000000,2026-12-02T14:20:00.000000000,10,GRU,co2,1670.0,1996.7872,-326.7872
2026-12-02T14:10:00.000000000,2026-12-02T14:20:00.000000000,10,GRU,voc,36.0,15.2122,20.7878
2026-12-02T14:11:00.000000000,2026-12-02T14:21:00.000000000,10,GRU,pm1,23.0,20.2843,2.7157
2026-12-02T14:11:00.000000000,2026-12-02T14:21:00.000000000,10,GRU,pm2_5,36.0,32.6467,3.3533
2026-12-02T14:11:00.000000000,2026-12-02T14:21:00.000000000,10,GRU,pm10,46.0,40.8923,5.1077
2026-12-02T14:11:00.000000000,2026-12-02T14:21:00.000000000,10,GRU,co2,1679.0,1975.3286,-296.3286
2026-12-02T14:11:00.000000000,2026-12-02T14:21:00.000000000,10,GRU,voc,36.0,11.8101,24.1899
2026-12-02T14:12:00.000000000,2026-12-02T14:22:00.000000000,10,GRU,pm1,24.0,20.5094,3.4906
2026-12-02T14:12:00.000000000,2026-12-02T14:22:00.000000000,10,GRU,pm2_5,37.0,32.9819,4.0181
2026-12-02T14:12:00.000000000,2026-12-02T14:22:00.000000000,10,GRU,pm10,48.0,41.5088,6.4912
2026-12-02T14:12:00.000000000,2026-12-02T14:22:00.000000000,10,GRU,co2,1672.0,1939.1531,-267.1531
2026-12-02T14:12:00.000000000,2026-12-02T14:22:00.000000000,10,GRU,voc,35.0,6.862,28.138
2026-12-02T14:13:00.000000000,2026-12-02T14:23:00.000000000,10,GRU,pm1,24.0,20.4828,3.5172
2026-12-02T14:13:00.000000000,2026-12-02T14:23:00.000000000,10,GRU,pm2_5,38.0,32.7981,5.2019
2026-12-02T14:13:00.000000000,2026-12-02T14:23:00.000000000,10,GRU,pm10,48.0,41.0662,6.9338
2026-12-02T14:13:00.000000000,2026-12-02T14:23:00.000000000,10,GRU,co2,1558.0,1916.2904,-358.2904
2026-12-02T14:13:00.000000000,2026-12-02T14:23:00.000000000,10,GRU,voc,35.0,9.94,25.06
2026-12-02T14:14:00.000000000,2026-12-02T14:24:00.000000000,10,GRU,pm1,24.0,20.5023,3.4977
2026-12-02T14:14:00.000000000,2026-12-02T14:24:00.000000000,10,GRU,pm2_5,37.0,32.7876,4.2124
2026-12-02T14:14:00.000000000,2026-12-02T14:24:00.000000000,10,GRU,pm10,47.0,41.1115,5.8885
2026-12-02T14:14:00.000000000,2026-12-02T14:24:00.000000000,10,GRU,co2,1574.0,1872.2583,-298.2583
2026-12-02T14:14:00.000000000,2026-12-02T14:24:00.000000000,10,GRU,voc,33.0,11.8437,21.1563
2026-12-02T14:15:00.000000000,2026-12-02T14:25:00.000000000,10,GRU,pm1,24.0,20.3115,3.6885
2026-12-02T14:15:00.000000000,2026-12-02T14:25:00.000000000,10,GRU,pm2_5,37.0,32.3341,4.6659
2026-12-02T14:15:00.000000000,2026-12-02T14:25:00.000000000,10,GRU,pm10,48.0,40.2588,7.7412
2026-12-02T14:15:00.000000000,2026-12-02T14:25:00.000000000,10,GRU,co2,1618.0,1855.7632,-237.7632
2026-12-02T14:15:00.000000000,2026-12-02T14:25:00.000000000,10,GRU,voc,33.0,19.661,13.339
2026-12-02T14:16:00.000000000,2026-12-02T14:26:00.000000000,10,GRU,pm1,23.0,20.363,2.637
2026-12-02T14:16:00.000000000,2026-12-02T14:26:00.000000000,10,GRU,pm2_5,37.0,32.4516,4.5484
2026-12-02T14:16:00.000000000,2026-12-02T14:26:00.000000000,10,GRU,pm10,47.0,40.4607,6.5393
2026-12-02T14:16:00.000000000,2026-12-02T14:26:00.000000000,10,GRU,co2,1814.0,1830.3273,-16.3273
2026-12-02T14:16:00.000000000,2026-12-02T14:26:00.000000000,10,GRU,voc,40.0,20.2199,19.7801
2026-12-02T14:17:00.000000000,2026-12-02T14:27:00.000000000,10,GRU,pm1,22.0,20.6068,1.3932
2026-12-02T14:17:00.000000000,2026-12-02T14:27:00.000000000,10,GRU,pm2_5,35.0,33.1489,1.8511
2026-12-02T14:17:00.000000000,2026-12-02T14:27:00.000000000,10,GRU,pm10,45.0,41.3684,3.6316
2026-12-02T14:17:00.000000000,2026-12-02T14:27:00.000000000,10,GRU,co2,1991.9999,1846.6708,145.3291
2026-12-02T14:17:00.000000000,2026-12-02T14:27:00.000000000,10,GRU,voc,54.0,25.8952,28.1048
2026-12-02T14:18:00.000000000,2026-12-02T14:28:00.000000000,10,GRU,pm1,21.0,20.9882,0.0118
2026-12-02T14:18:00.000000000,2026-12-02T14:28:00.000000000,10,GRU,pm2_5,34.0,33.9572,0.0428
2026-12-02T14:18:00.000000000,2026-12-02T14:28:00.000000000,10,GRU,pm10,43.0,42.6921,0.3079
2026-12-02T14:18:00.000000000,2026-12-02T14:28:00.000000000,10,GRU,co2,2148.0,1848.3036,299.6964
2026-12-02T14:18:00.000000000,2026-12-02T14:28:00.000000000,10,GRU,voc,60.0,23.7436,36.2564
2026-12-02T14:19:00.000000000,2026-12-02T14:29:00.000000000,10,GRU,pm1,21.0,21.2399,-0.2399
2026-12-02T14:19:00.000000000,2026-12-02T14:29:00.000000000,10,GRU,pm2_5,34.0,34.359,-0.359
2026-12-02T14:19:00.000000000,2026-12-02T14:29:00.000000000,10,GRU,pm10,43.0,43.3679,-0.3679
2026-12-02T14:19:00.000000000,2026-12-02T14:29:00.000000000,10,GRU,co2,2186.0,1857.7416,328.2584
2026-12-02T14:19:00.000000000,2026-12-02T14:29:00.000000000,10,GRU,voc,67.0,20.3422,46.6578
2026-12-02T14:20:00.000000000,2026-12-02T14:30:00.000000000,10,GRU,pm1,21.0,21.4663,-0.4663
2026-12-02T14:20:00.000000000,2026-12-02T14:30:00.000000000,10,GRU,pm2_5,35.0,34.7168,0.2832
2026-12-02T14:20:00.000000000,2026-12-02T14:30:00.000000000,10,GRU,pm10,43.0,44.077,-1.077
2026-12-02T14:20:00.000000000,2026-12-02T14:30:00.000000000,10,GRU,co2,2289.0,1855.0404,433.9596
2026-12-02T14:20:00.000000000,2026-12-02T14:30:00.000000000,10,GRU,voc,78.0,19.1253,58.8747
2026-12-02T14:21:00.000000000,2026-12-02T14:31:00.000000000,10,GRU,pm1,21.0,21.7308,-0.7308
2026-12-02T14:21:00.000000000,2026-12-02T14:31:00.000000000,10,GRU,pm2_5,34.0,35.1367,-1.1367
2026-12-02T14:21:00.000000000,2026-12-02T14:31:00.000000000,10,GRU,pm10,44.0,44.701,-0.701
2026-12-02T14:21:00.000000000,2026-12-02T14:31:00.000000000,10,GRU,co2,2390.0,1869.2886,520.7114
2026-12-02T14:21:00.000000000,2026-12-02T14:31:00.000000000,10,GRU,voc,79.0,19.8212,59.1788
2026-12-02T14:22:00.000000000,2026-12-02T14:32:00.000000000,10,GRU,pm1,20.0,21.9125,-1.9125
2026-12-02T14:22:00.000000000,2026-12-02T14:32:00.000000000,10,GRU,pm2_5,33.0,35.3978,-2.3978
2026-12-02T14:22:00.000000000,2026-12-02T14:32:00.000000000,10,GRU,pm10,42.0,45.1289,-3.1289
2026-12-02T14:22:00.000000000,2026-12-02T14:32:00.000000000,10,GRU,co2,2454.0,1861.7443,592.2557
2026-12-02T14:22:00.000000000,2026-12-02T14:32:00.000000000,10,GRU,voc,85.0,23.4424,61.5576
2026-12-02T14:23:00.000000000,2026-12-02T14:33:00.000000000,10,GRU,pm1,21.0,22.266,-1.266
2026-12-02T14:23:00.000000000,2026-12-02T14:33:00.000000000,10,GRU,pm2_5,33.0,35.9949,-2.9949
2026-12-02T14:23:00.000000000,2026-12-02T14:33:00.000000000,10,GRU,pm10,43.0,46.0657,-3.0657
2026-12-02T14:23:00.000000000,2026-12-02T14:33:00.000000000,10,GRU,co2,2506.0,1859.988,646.012
2026-12-02T14:23:00.000000000,2026-12-02T14:33:00.000000000,10,GRU,voc,88.0,25.9049,62.0951
2026-12-02T14:24:00.000000000,2026-12-02T14:34:00.000000000,10,GRU,pm1,21.0,22.4931,-1.4931
2026-12-02T14:24:00.000000000,2026-12-02T14:34:00.000000000,10,GRU,pm2_5,33.0,36.2965,-3.2965
2026-12-02T14:24:00.000000000,2026-12-02T14:34:00.000000000,10,GRU,pm10,43.0,46.6434,-3.6434
2026-12-02T14:24:00.000000000,2026-12-02T14:34:00.000000000,10,GRU,co2,2478.0,1850.2329,627.7671
2026-12-02T14:24:00.000000000,2026-12-02T14:34:00.000000000,10,GRU,voc,88.0,30.5291,57.4709
2026-12-02T14:25:00.000000000,2026-12-02T14:35:00.000000000,10,GRU,pm1,21.0,22.8033,-1.8033
2026-12-02T14:25:00.000000000,2026-12-02T14:35:00.000000000,10,GRU,pm2_5,33.0,36.7179,-3.7179
2026-12-02T14:25:00.000000000,2026-12-02T14:35:00.000000000,10,GRU,pm10,43.0,47.2782,-4.2782
2026-12-02T14:25:00.000000000,2026-12-02T14:35:00.000000000,10,GRU,co2,2605.0,1856.9237,748.0763
2026-12-02T14:25:00.000000000,2026-12-02T14:35:00.000000000,10,GRU,voc,89.0,33.5064,55.4936
2026-12-02T14:26:00.000000000,2026-12-02T14:36:00.000000000,10,GRU,pm1,21.0,23.1248,-2.1248
2026-12-02T14:26:00.000000000,2026-12-02T14:36:00.000000000,10,GRU,pm2_5,33.0,37.2048,-4.2048
2026-12-02T14:26:00.000000000,2026-12-02T14:36:00.000000000,10,GRU,pm10,43.0,48.023,-5.023
2026-12-02T14:26:00.000000000,2026-12-02T14:36:00.000000000,10,GRU,co2,2562.0,1860.4086,701.5914
2026-12-02T14:26:00.000000000,2026-12-02T14:36:00.000000000,10,GRU,voc,87.0,36.993,50.007
2026-12-02T14:27:00.000000000,2026-12-02T14:37:00.000000000,10,GRU,pm1,21.0,23.4005,-2.4005
2026-12-02T14:27:00.000000000,2026-12-02T14:37:00.000000000,10,GRU,pm2_5,34.0,37.5994,-3.5994
2026-12-02T14:27:00.000000000,2026-12-02T14:37:00.000000000,10,GRU,pm10,43.0,48.6238,-5.6238
2026-12-02T14:27:00.000000000,2026-12-02T14:37:00.000000000,10,GRU,co2,2476.0,1864.9586,611.0414
2026-12-02T14:27:00.000000000,2026-12-02T14:37:00.000000000,10,GRU,voc,90.0,43.1643,46.8357
2026-12-02T14:28:00.000000000,2026-12-02T14:38:00.000000000,10,GRU,pm1,21.0,23.574,-2.574
2026-12-02T14:28:00.000000000,2026-12-02T14:38:00.000000000,10,GRU,pm2_5,33.0,37.8282,-4.8282
2026-12-02T14:28:00.000000000,2026-12-02T14:38:00.000000000,10,GRU,pm10,42.0,48.9506,-6.9506
2026-12-02T14:28:00.000000000,2026-12-02T14:38:00.000000000,10,GRU,co2,2493.0,1868.7369,624.2631
2026-12-02T14:28:00.000000000,2026-12-02T14:38:00.000000000,10,GRU,voc,87.0,52.0427,34.9573
2026-12-02T14:29:00.000000000,2026-12-02T14:39:00.000000000,10,GRU,pm1,21.0,23.6137,-2.6137
2026-12-02T14:29:00.000000000,2026-12-02T14:39:00.000000000,10,GRU,pm2_5,33.0,37.8493,-4.8493
2026-12-02T14:29:00.000000000,2026-12-02T14:39:00.000000000,10,GRU,pm10,42.0,48.9376,-6.9376
2026-12-02T14:29:00.000000000,2026-12-02T14:39:00.000000000,10,GRU,co2,2428.0,1869.1802,558.8198
2026-12-02T14:29:00.000000000,2026-12-02T14:39:00.000000000,10,GRU,voc,89.0,62.8245,26.1755
2026-12-02T14:30:00.000000000,2026-12-02T14:40:00.000000000,10,GRU,pm1,21.0,23.5496,-2.5496
2026-12-02T14:30:00.000000000,2026-12-02T14:40:00.000000000,10,GRU,pm2_5,34.0,37.6906,-3.6906
2026-12-02T14:30:00.000000000,2026-12-02T14:40:00.000000000,10,GRU,pm10,44.0,48.6789,-4.6789
2026-12-02T14:30:00.000000000,2026-12-02T14:40:00.000000000,10,GRU,co2,2392.0,1855.0671,536.9329
2026-12-02T14:30:00.000000000,2026-12-02T14:40:00.000000000,10,GRU,voc,86.0,68.037,17.963
2026-12-02T14:31:00.000000000,2026-12-02T14:41:00.000000000,10,GRU,pm1,21.0,23.185,-2.185
2026-12-02T14:31:00.000000000,2026-12-02T14:41:00.000000000,10,GRU,pm2_5,34.0,36.9951,-2.9951
2026-12-02T14:31:00.000000000,2026-12-02T14:41:00.000000000,10,GRU,pm10,41.0,47.757,-6.757
2026-12-02T14:31:00.000000000,2026-12-02T14:41:00.000000000,10,GRU,co2,2454.0,1814.946,639.054
2026-12-02T14:31:00.000000000,2026-12-02T14:41:00.000000000,10,GRU,voc,87.0,88.8293,-1.8293
2026-12-02T14:32:00.000000000,2026-12-02T14:42:00.000000000,10,GRU,pm1,21.0,22.529,-1.529
2026-12-02T14:32:00.000000000,2026-12-02T14:42:00.000000000,10,GRU,pm2_5,34.0,35.883,-1.883
2026-12-02T14:32:00.000000000,2026-12-02T14:42:00.000000000,10,GRU,pm10,43.0,46.1259,-3.1259
2026-12-02T14:32:00.000000000,2026-12-02T14:42:00.000000000,10,GRU,co2,2386.0,1762.3495,623.6505
2026-12-02T14:32:00.000000000,2026-12-02T14:42:00.000000000,10,GRU,voc,82.0,105.5426,-23.5426
2026-12-02T14:33:00.000000000,2026-12-02T14:43:00.000000000,10,GRU,pm1,21.0,22.021,-1.021
2026-12-02T14:33:00.000000000,2026-12-02T14:43:00.000000000,10,GRU,pm2_5,34.0,35.066,-1.066
2026-12-02T14:33:00.000000000,2026-12-02T14:43:00.000000000,10,GRU,pm10,44.0,44.8514,-0.8514
2026-12-02T14:33:00.000000000,2026-12-02T14:43:00.000000000,10,GRU,co2,2332.0,1744.4607,587.5393
2026-12-02T14:33:00.000000000,2026-12-02T14:43:00.000000000,10,GRU,voc,75.0,116.7541,-41.7541
2026-12-02T14:34:00.000000000,2026-12-02T14:44:00.000000000,10,GRU,pm1,21.0,21.7787,-0.7787
2026-12-02T14:34:00.000000000,2026-12-02T14:44:00.000000000,10,GRU,pm2_5,34.0,34.7346,-0.7346
2026-12-02T14:34:00.000000000,2026-12-02T14:44:00.000000000,10,GRU,pm10,43.0,44.2657,-1.2657
2026-12-02T14:34:00.000000000,2026-12-02T14:44:00.000000000,10,GRU,co2,2271.0,1754.0029,516.9971
2026-12-02T14:34:00.000000000,2026-12-02T14:44:00.000000000,10,GRU,voc,71.0,120.8569,-49.8569
2026-12-02T14:35:00.000000000,2026-12-02T14:45:00.000000000,10,GRU,pm1,22.0,21.6447,0.3553
2026-12-02T14:35:00.000000000,2026-12-02T14:45:00.000000000,10,GRU,pm2_5,35.0,34.5386,0.4614
2026-12-02T14:35:00.000000000,2026-12-02T14:45:00.000000000,10,GRU,pm10,43.0,43.8576,-0.8576
2026-12-02T14:35:00.000000000,2026-12-02T14:45:00.000000000,10,GRU,co2,2158.0,1776.54,381.46
2026-12-02T14:35:00.000000000,2026-12-02T14:45:00.000000000,10,GRU,voc,69.0,119.9983,-50.9983
2026-12-02T14:36:00.000000000,2026-12-02T14:46:00.000000000,10,GRU,pm1,22.0,21.4297,0.5703
2026-12-02T14:36:00.000000000,2026-12-02T14:46:00.000000000,10,GRU,pm2_5,35.0,34.2554,0.7446
2026-12-02T14:36:00.000000000,2026-12-02T14:46:00.000000000,10,GRU,pm10,45.0,43.4405,1.5595
2026-12-02T14:36:00.000000000,2026-12-02T14:46:00.000000000,10,GRU,co2,2087.0,1792.0986,294.9014
2026-12-02T14:36:00.000000000,2026-12-02T14:46:00.000000000,10,GRU,voc,68.0,126.1308,-58.1308
2026-12-02T14:37:00.000000000,2026-12-02T14:48:00.000000000,10,GRU,pm1,22.0,21.2024,0.7976
2026-12-02T14:37:00.000000000,2026-12-02T14:48:00.000000000,10,GRU,pm2_5,36.0,33.9355,2.0645
2026-12-02T14:37:00.000000000,2026-12-02T14:48:00.000000000,10,GRU,pm10,47.0,42.8759,4.1241
2026-12-02T14:37:00.000000000,2026-12-02T14:48:00.000000000,10,GRU,co2,2068.0,1819.8849,248.1151
2026-12-02T14:37:00.000000000,2026-12-02T14:48:00.000000000,10,GRU,voc,59.0,126.407,-67.407
2026-12-02T14:38:00.000000000,2026-12-02T14:49:00.000000000,10,GRU,pm1,22.0,20.6476,1.3524
2026-12-02T14:38:00.000000000,2026-12-02T14:49:00.000000000,10,GRU,pm2_5,36.0,33.0959,2.9041
2026-12-02T14:38:00.000000000,2026-12-02T14:49:00.000000000,10,GRU,pm10,47.0,41.5913,5.4087
2026-12-02T14:38:00.000000000,2026-12-02T14:49:00.000000000,10,GRU,co2,2068.0,1836.8617,231.1383
2026-12-02T14:38:00.000000000,2026-12-02T14:49:00.000000000,10,GRU,voc,59.0,130.4785,-71.4785
2026-12-02T14:39:00.000000000,2026-12-02T14:50:00.000000000,10,GRU,pm1,23.0,20.262,2.738
2026-12-02T14:39:00.000000000,2026-12-02T14:50:00.000000000,10,GRU,pm2_5,35.0,32.5338,2.4662
2026-12-02T14:39:00.000000000,2026-12-02T14:50:00.000000000,10,GRU,pm10,45.0,40.6836,4.3164
2026-12-02T14:39:00.000000000,2026-12-02T14:50:00.000000000,10,GRU,co2,2110.0,1863.0876,246.9124
2026-12-02T14:39:00.000000000,2026-12-02T14:50:00.000000000,10,GRU,voc,66.0,127.4851,-61.4851
2026-12-02T14:40:00.000000000,2026-12-02T14:51:00.000000000,10,GRU,pm1,22.0,19.9972,2.0028
2026-12-02T14:40:00.000000000,2026-12-02T14:51:00.000000000,10,GRU,pm2_5,35.0,32.2037,2.7963
2026-12-02T14:40:00.000000000,2026-12-02T14:51:00.000000000,10,GRU,pm10,44.0,40.165,3.835
2026-12-02T14:40:00.000000000,2026-12-02T14:51:00.000000000,10,GRU,co2,2046.0,1912.6271,133.3729
2026-12-02T14:40:00.000000000,2026-12-02T14:51:00.000000000,10,GRU,voc,67.0,125.8086,-58.8086
2026-12-02T14:41:00.000000000,2026-12-02T14:52:00.000000000,10,GRU,pm1,21.0,19.6288,1.3712
2026-12-02T14:41:00.000000000,2026-12-02T14:52:00.000000000,10,GRU,pm2_5,34.0,31.7189,2.2811
2026-12-02T14:41:00.000000000,2026-12-02T14:52:00.000000000,10,GRU,pm10,43.0,39.4404,3.5596
2026-12-02T14:41:00.000000000,2026-12-02T14:52:00.000000000,10,GRU,co2,1998.0,1959.5239,38.4761
2026-12-02T14:41:00.000000000,2026-12-02T14:52:00.000000000,10,GRU,voc,67.0,121.7788,-54.7788
2026-12-02T14:42:00.000000000,2026-12-02T14:53:00.000000000,10,GRU,pm1,21.0,19.4588,1.5412
2026-12-02T14:42:00.000000000,2026-12-02T14:53:00.000000000,10,GRU,pm2_5,34.0,31.5072,2.4928
2026-12-02T14:42:00.000000000,2026-12-02T14:53:00.000000000,10,GRU,pm10,43.0,39.057,3.943
2026-12-02T14:42:00.000000000,2026-12-02T14:53:00.000000000,10,GRU,co2,1961.0001,2009.4744,-48.4742
2026-12-02T14:42:00.000000000,2026-12-02T14:53:00.000000000,10,GRU,voc,66.0,110.8089,-44.8089
2026-12-02T14:43:00.000000000,2026-12-02T14:54:00.000000000,10,GRU,pm1,22.0,19.4601,2.5399
2026-12-02T14:43:00.000000000,2026-12-02T14:54:00.000000000,10,GRU,pm2_5,35.0,31.6212,3.3788
2026-12-02T14:43:00.000000000,2026-12-02T14:54:00.000000000,10,GRU,pm10,44.0,39.2419,4.7581
2026-12-02T14:43:00.000000000,2026-12-02T14:54:00.000000000,10,GRU,co2,1946.0,2054.3899,-108.3899
2026-12-02T14:43:00.000000000,2026-12-02T14:54:00.000000000,10,GRU,voc,68.0,97.2002,-29.2002
2026-12-02T14:44:00.000000000,2026-12-02T14:55:00.000000000,10,GRU,pm1,21.0,19.5575,1.4425
2026-12-02T14:44:00.000000000,2026-12-02T14:55:00.000000000,10,GRU,pm2_5,34.0,31.8393,2.1607
2026-12-02T14:44:00.000000000,2026-12-02T14:55:00.000000000,10,GRU,pm10,44.0,39.6508,4.3492
2026-12-02T14:44:00.000000000,2026-12-02T14:55:00.000000000,10,GRU,co2,1899.0,2080.3425,-181.3425
2026-12-02T14:44:00.000000000,2026-12-02T14:55:00.000000000,10,GRU,voc,63.0,84.6615,-21.6615
2026-12-02T14:45:00.000000000,2026-12-02T14:56:00.000000000,10,GRU,pm1,21.0,19.522,1.478
2026-12-02T14:45:00.000000000,2026-12-02T14:56:00.000000000,10,GRU,pm2_5,35.0,31.7865,3.2135
2026-12-02T14:45:00.000000000,2026-12-02T14:56:00.000000000,10,GRU,pm10,45.0,39.6614,5.3386
2026-12-02T14:45:00.000000000,2026-12-02T14:56:00.000000000,10,GRU,co2,1876.0,2099.2756,-223.2756
2026-12-02T14:45:00.000000000,2026-12-02T14:56:00.000000000,10,GRU,voc,61.0,76.8164,-15.8164
2026-12-02T14:46:00.000000000,2026-12-02T14:57:00.000000000,10,GRU,pm1,22.0,19.5449,2.4551
2026-12-02T14:46:00.000000000,2026-12-02T14:57:00.000000000,10,GRU,pm2_5,35.0,31.8251,3.1749
2026-12-02T14:46:00.000000000,2026-12-02T14:57:00.000000000,10,GRU,pm10,43.0,39.803,3.197
2026-12-02T14:46:00.000000000,2026-12-02T14:57:00.000000000,10,GRU,co2,1905.0,2109.8635,-204.8635
2026-12-02T14:46:00.000000000,2026-12-02T14:57:00.000000000,10,GRU,voc,62.0,65.189,-3.189
2026-12-02T14:48:00.000000000,2026-12-02T14:58:00.000000000,10,GRU,pm1,22.0,19.615,2.385
2026-12-02T14:48:00.000000000,2026-12-02T14:58:00.000000000,10,GRU,pm2_5,35.0,31.9892,3.0108
2026-12-02T14:48:00.000000000,2026-12-02T14:58:00.000000000,10,GRU,pm10,44.0,40.102,3.898
2026-12-02T14:48:00.000000000,2026-12-02T14:58:00.000000000,10,GRU,co2,1946.0,2125.8003,-179.8003
2026-12-02T14:48:00.000000000,2026-12-02T14:58:00.000000000,10,GRU,voc,61.0,59.5715,1.4286
2026-12-02T14:49:00.000000000,2026-12-02T14:59:00.000000000,10,GRU,pm1,22.0,19.9554,2.0446
2026-12-02T14:49:00.000000000,2026-12-02T14:59:00.000000000,10,GRU,pm2_5,35.0,32.6248,2.3752
2026-12-02T14:49:00.000000000,2026-12-02T14:59:00.000000000,10,GRU,pm10,44.0,41.1563,2.8437
2026-12-02T14:49:00.000000000,2026-12-02T14:59:00.000000000,10,GRU,co2,1840.0,2120.9319,-280.9319
2026-12-02T14:49:00.000000000,2026-12-02T14:59:00.000000000,10,GRU,voc,59.0,49.6245,9.3755
2026-12-02T14:50:00.000000000,2026-12-02T15:00:00.000000000,10,GRU,pm1,22.0,20.1105,1.8895
2026-12-02T14:50:00.000000000,2026-12-02T15:00:00.000000000,10,GRU,pm2_5,35.0,32.8644,2.1356
2026-12-02T14:50:00.000000000,2026-12-02T15:00:00.000000000,10,GRU,pm10,45.0,41.6195,3.3805
2026-12-02T14:50:00.000000000,2026-12-02T15:00:00.000000000,10,GRU,co2,1827.0,2114.8801,-287.8801
2026-12-02T14:50:00.000000000,2026-12-02T15:00:00.000000000,10,GRU,voc,60.0,48.4834,11.5166
2026-12-02T14:51:00.000000000,2026-12-02T15:01:00.000000000,10,GRU,pm1,21.0,20.3364,0.6636
2026-12-02T14:51:00.000000000,2026-12-02T15:01:00.000000000,10,GRU,pm2_5,34.0,33.159,0.841
2026-12-02T14:51:00.000000000,2026-12-02T15:01:00.000000000,10,GRU,pm10,43.0,42.0227,0.9773
2026-12-02T14:51:00.000000000,2026-12-02T15:01:00.000000000,10,GRU,co2,1873.0,2109.5149,-236.5149
2026-12-02T14:51:00.000000000,2026-12-02T15:01:00.000000000,10,GRU,voc,60.0,44.7963,15.2037
2026-12-02T14:52:00.000000000,2026-12-02T15:02:00.000000000,10,GRU,pm1,21.0,20.4975,0.5025
2026-12-02T14:52:00.000000000,2026-12-02T15:02:00.000000000,10,GRU,pm2_5,35.0,33.349,1.651
2026-12-02T14:52:00.000000000,2026-12-02T15:02:00.000000000,10,GRU,pm10,45.0,42.3425,2.6575
2026-12-02T14:52:00.000000000,2026-12-02T15:02:00.000000000,10,GRU,co2,1911.0,2098.0168,-187.0168
2026-12-02T14:52:00.000000000,2026-12-02T15:02:00.000000000,10,GRU,voc,60.0,45.7962,14.2038
2026-12-02T14:53:00.000000000,2026-12-02T15:03:00.000000000,10,GRU,pm1,22.0,20.6134,1.3866
2026-12-02T14:53:00.000000000,2026-12-02T15:03:00.000000000,10,GRU,pm2_5,35.0,33.4464,1.5536
2026-12-02T14:53:00.000000000,2026-12-02T15:03:00.000000000,10,GRU,pm10,46.0,42.5394,3.4606
2026-12-02T14:53:00.000000000,2026-12-02T15:03:00.000000000,10,GRU,co2,1839.0,2077.2151,-238.2151
2026-12-02T14:53:00.000000000,2026-12-02T15:03:00.000000000,10,GRU,voc,58.0,48.6473,9.3527
2026-12-02T14:54:00.000000000,2026-12-02T15:04:00.000000000,10,GRU,pm1,21.0,20.7591,0.2409
2026-12-02T14:54:00.000000000,2026-12-02T15:04:00.000000000,10,GRU,pm2_5,34.0,33.6089,0.3911
2026-12-02T14:54:00.000000000,2026-12-02T15:04:00.000000000,10,GRU,pm10,44.0,42.8277,1.1723
2026-12-02T14:54:00.000000000,2026-12-02T15:04:00.000000000,10,GRU,co2,1928.0,2051.3323,-123.3323
2026-12-02T14:54:00.000000000,2026-12-02T15:04:00.000000000,10,GRU,voc,58.0,49.8346,8.1654
2026-12-02T14:55:00.000000000,2026-12-02T15:05:00.000000000,10,GRU,pm1,21.0,20.9917,0.0083
2026-12-02T14:55:00.000000000,2026-12-02T15:05:00.000000000,10,GRU,pm2_5,34.0,34.0025,-0.0025
2026-12-02T14:55:00.000000000,2026-12-02T15:05:00.000000000,10,GRU,pm10,43.0,43.383,-0.383
2026-12-02T14:55:00.000000000,2026-12-02T15:05:00.000000000,10,GRU,co2,1950.0,2034.9108,-84.9108
2026-12-02T14:55:00.000000000,2026-12-02T15:05:00.000000000,10,GRU,voc,58.0,54.1653,3.8347
2026-12-02T14:56:00.000000000,2026-12-02T15:06:00.000000000,10,GRU,pm1,22.0,21.148,0.852
2026-12-02T14:56:00.000000000,2026-12-02T15:06:00.000000000,10,GRU,pm2_5,34.0,34.2087,-0.2087
2026-12-02T14:56:00.000000000,2026-12-02T15:06:00.000000000,10,GRU,pm10,42.0,43.7026,-1.7026
2026-12-02T14:56:00.000000000,2026-12-02T15:06:00.000000000,10,GRU,co2,1972.0,2010.3839,-38.3839
2026-12-02T14:56:00.000000000,2026-12-02T15:06:00.000000000,10,GRU,voc,61.0,57.0798,3.9202
2026-12-02T14:57:00.000000000,2026-12-02T15:07:00.000000000,10,GRU,pm1,21.0,21.2287,-0.2287
2026-12-02T14:57:00.000000000,2026-12-02T15:07:00.000000000,10,GRU,pm2_5,34.0,34.2847,-0.2847
2026-12-02T14:57:00.000000000,2026-12-02T15:07:00.000000000,10,GRU,pm10,44.0,43.8533,0.1467
2026-12-02T14:57:00.000000000,2026-12-02T15:07:00.000000000,10,GRU,co2,2011.0001,1987.5826,23.4175
2026-12-02T14:57:00.000000000,2026-12-02T15:07:00.000000000,10,GRU,voc,61.0,59.8937,1.1064
2026-12-02T14:58:00.000000000,2026-12-02T15:08:00.000000000,10,GRU,pm1,21.0,21.4224,-0.4224
2026-12-02T14:58:00.000000000,2026-12-02T15:08:00.000000000,10,GRU,pm2_5,33.0,34.5796,-1.5796
2026-12-02T14:58:00.000000000,2026-12-02T15:08:00.000000000,10,GRU,pm10,43.0,44.3721,-1.3721
2026-12-02T14:58:00.000000000,2026-12-02T15:08:00.000000000,10,GRU,co2,2038.9999,1963.9293,75.0706
2026-12-02T14:58:00.000000000,2026-12-02T15:08:00.000000000,10,GRU,voc,60.0,59.7039,0.2961
2026-12-02T14:59:00.000000000,2026-12-02T15:09:00.000000000,10,GRU,pm1,21.0,21.5061,-0.5061
2026-12-02T14:59:00.000000000,2026-12-02T15:09:00.000000000,10,GRU,pm2_5,34.0,34.6696,-0.6696
2026-12-02T14:59:00.000000000,2026-12-02T15:09:00.000000000,10,GRU,pm10,43.0,44.4822,-1.4822
2026-12-02T14:59:00.000000000,2026-12-02T15:09:00.000000000,10,GRU,co2,2004.0,1950.3088,53.6912
2026-12-02T14:59:00.000000000,2026-12-02T15:09:00.000000000,10,GRU,voc,59.0,62.1591,-3.1591
2026-12-02T15:00:00.000000000,2026-12-02T15:10:00.000000000,10,GRU,pm1,22.0,21.5677,0.4323
2026-12-02T15:00:00.000000000,2026-12-02T15:10:00.000000000,10,GRU,pm2_5,34.0,34.7156,-0.7156
2026-12-02T15:00:00.000000000,2026-12-02T15:10:00.000000000,10,GRU,pm10,44.0,44.5662,-0.5662
2026-12-02T15:00:00.000000000,2026-12-02T15:10:00.000000000,10,GRU,co2,2020.0,1934.1465,85.8535
2026-12-02T15:00:00.000000000,2026-12-02T15:10:00.000000000,10,GRU,voc,72.0,65.6087,6.3913
2026-12-02T15:01:00.000000000,2026-12-02T15:11:00.000000000,10,GRU,pm1,22.0,21.6938,0.3062
2026-12-02T15:01:00.000000000,2026-12-02T15:11:00.000000000,10,GRU,pm2_5,35.0,34.9152,0.0848
2026-12-02T15:01:00.000000000,2026-12-02T15:11:00.000000000,10,GRU,pm10,46.0,44.9014,1.0986
2026-12-02T15:01:00.000000000,2026-12-02T15:11:00.000000000,10,GRU,co2,1942.9999,1908.8015,34.1984
2026-12-02T15:01:00.000000000,2026-12-02T15:11:00.000000000,10,GRU,voc,78.0,67.8294,10.1706
2026-12-02T15:02:00.000000000,2026-12-02T15:12:00.000000000,10,GRU,pm1,21.0,21.6428,-0.6428
2026-12-02T15:02:00.000000000,2026-12-02T15:12:00.000000000,10,GRU,pm2_5,34.0,34.7578,-0.7578
2026-12-02T15:02:00.000000000,2026-12-02T15:12:00.000000000,10,GRU,pm10,44.0,44.7056,-0.7056
2026-12-02T15:02:00.000000000,2026-12-02T15:12:00.000000000,10,GRU,co2,1944.9999,1877.8969,67.103
2026-12-02T15:02:00.000000000,2026-12-02T15:12:00.000000000,10,GRU,voc,70.0,73.9816,-3.9816
2026-12-02T15:03:00.000000000,2026-12-02T15:13:00.000000000,10,GRU,pm1,22.0,21.6055,0.3945
2026-12-02T15:03:00.000000000,2026-12-02T15:13:00.000000000,10,GRU,pm2_5,34.0,34.7131,-0.7131
2026-12-02T15:03:00.000000000,2026-12-02T15:13:00.000000000,10,GRU,pm10,44.0,44.5288,-0.5288
2026-12-02T15:03:00.000000000,2026-12-02T15:13:00.000000000,10,GRU,co2,1974.0,1864.1917,109.8083
2026-12-02T15:03:00.000000000,2026-12-02T15:13:00.000000000,10,GRU,voc,67.0,76.5009,-9.5009
2026-12-02T15:04:00.000000000,2026-12-02T15:14:00.000000000,10,GRU,pm1,21.0,21.5757,-0.5757
2026-12-02T15:04:00.000000000,2026-12-02T15:14:00.000000000,10,GRU,pm2_5,34.0,34.6701,-0.6701
2026-12-02T15:04:00.000000000,2026-12-02T15:14:00.000000000,10,GRU,pm10,44.0,44.4496,-0.4496
2026-12-02T15:04:00.000000000,2026-12-02T15:14:00.000000000,10,GRU,co2,1912.0,1846.1486,65.8514
2026-12-02T15:04:00.000000000,2026-12-02T15:14:00.000000000,10,GRU,voc,66.0,78.6134,-12.6134
2026-12-02T15:05:00.000000000,2026-12-02T15:15:00.000000000,10,GRU,pm1,21.0,21.6012,-0.6012
2026-12-02T15:05:00.000000000,2026-12-02T15:15:00.000000000,10,GRU,pm2_5,35.0,34.6884,0.3116
2026-12-02T15:05:00.000000000,2026-12-02T15:15:00.000000000,10,GRU,pm10,45.0,44.4695,0.5305
2026-12-02T15:05:00.000000000,2026-12-02T15:15:00.000000000,10,GRU,co2,1935.0,1841.2466,93.7534
2026-12-02T15:05:00.000000000,2026-12-02T15:15:00.000000000,10,GRU,voc,60.0,79.47,-19.47
2026-12-02T15:06:00.000000000,2026-12-02T15:16:00.000000000,10,GRU,pm1,21.0,21.6209,-0.6209
2026-12-02T15:06:00.000000000,2026-12-02T15:16:00.000000000,10,GRU,pm2_5,35.0,34.7257,0.2743
2026-12-02T15:06:00.000000000,2026-12-02T15:16:00.000000000,10,GRU,pm10,44.0,44.5607,-0.5607
2026-12-02T15:06:00.000000000,2026-12-02T15:16:00.000000000,10,GRU,co2,1939.0001,1836.3666,102.6335
2026-12-02T15:06:00.000000000,2026-12-02T15:16:00.000000000,10,GRU,voc,57.0,80.1165,-23.1165
2026-12-02T15:07:00.000000000,2026-12-02T15:17:00.000000000,10,GRU,pm1,22.0,21.7458,0.2542
2026-12-02T15:07:00.000000000,2026-12-02T15:17:00.000000000,10,GRU,pm2_5,35.0,34.893,0.107
2026-12-02T15:07:00.000000000,2026-12-02T15:17:00.000000000,10,GRU,pm10,44.0,44.683,-0.683
2026-12-02T15:07:00.000000000,2026-12-02T15:17:00.000000000,10,GRU,co2,1924.0,1840.1473,83.8527
2026-12-02T15:07:00.000000000,2026-12-02T15:17:00.000000000,10,GRU,voc,55.0,73.6915,-18.6915
2026-12-02T15:08:00.000000000,2026-12-02T15:18:00.000000000,10,GRU,pm1,21.0,21.8546,-0.8546
2026-12-02T15:08:00.000000000,2026-12-02T15:18:00.000000000,10,GRU,pm2_5,34.0,35.0855,-1.0855
2026-12-02T15:08:00.000000000,2026-12-02T15:18:00.000000000,10,GRU,pm10,44.0,44.9215,-0.9215
2026-12-02T15:08:00.000000000,2026-12-02T15:18:00.000000000,10,GRU,co2,1809.0,1840.6559,-31.6559
2026-12-02T15:08:00.000000000,2026-12-02T15:18:00.000000000,10,GRU,voc,53.0,71.7643,-18.7643
2026-12-02T15:09:00.000000000,2026-12-02T15:19:00.000000000,10,GRU,pm1,22.0,21.8827,0.1173
2026-12-02T15:09:00.000000000,2026-12-02T15:19:00.000000000,10,GRU,pm2_5,35.0,35.0834,-0.0834
2026-12-02T15:09:00.000000000,2026-12-02T15:19:00.000000000,10,GRU,pm10,44.0,44.8936,-0.8936
2026-12-02T15:09:00.000000000,2026-12-02T15:19:00.000000000,10,GRU,co2,1751.0,1835.697,-84.697
2026-12-02T15:09:00.000000000,2026-12-02T15:19:00.000000000,10,GRU,voc,54.0,73.4289,-19.4289
2026-12-02T15:10:00.000000000,2026-12-02T15:20:00.000000000,10,GRU,pm1,22.0,21.7457,0.2543
2026-12-02T15:10:00.000000000,2026-12-02T15:20:00.000000000,10,GRU,pm2_5,35.0,34.8445,0.1555
2026-12-02T15:10:00.000000000,2026-12-02T15:20:00.000000000,10,GRU,pm10,45.0,44.5789,0.4211
2026-12-02T15:10:00.000000000,2026-12-02T15:20:00.000000000,10,GRU,co2,1774.0,1823.174,-49.174
2026-12-02T15:10:00.000000000,2026-12-02T15:20:00.000000000,10,GRU,voc,49.0,76.9725,-27.9725
2026-12-02T15:11:00.000000000,2026-12-02T15:21:00.000000000,10,GRU,pm1,23.0,21.773,1.227
2026-12-02T15:11:00.000000000,2026-12-02T15:21:00.000000000,10,GRU,pm2_5,37.0,34.926,2.074
2026-12-02T15:11:00.000000000,2026-12-02T15:21:00.000000000,10,GRU,pm10,47.0,44.5965,2.4035
2026-12-02T15:11:00.000000000,2026-12-02T15:21:00.000000000,10,GRU,co2,1817.0,1838.0797,-21.0797
2026-12-02T15:11:00.000000000,2026-12-02T15:21:00.000000000,10,GRU,voc,45.0,75.4931,-30.4931
2026-12-02T15:12:00.000000000,2026-12-02T15:22:00.000000000,10,GRU,pm1,22.0,21.739,0.261
2026-12-02T15:12:00.000000000,2026-12-02T15:22:00.000000000,10,GRU,pm2_5,36.0,34.9212,1.0788
2026-12-02T15:12:00.000000000,2026-12-02T15:22:00.000000000,10,GRU,pm10,46.0,44.6323,1.3677
2026-12-02T15:12:00.000000000,2026-12-02T15:22:00.000000000,10,GRU,co2,1779.0,1839.4021,-60.4021
2026-12-02T15:12:00.000000000,2026-12-02T15:22:00.000000000,10,GRU,voc,45.0,79.1165,-34.1165
2026-12-02T15:13:00.000000000,2026-12-02T15:23:00.000000000,10,GRU,pm1,22.0,21.698,0.302
2026-12-02T15:13:00.000000000,2026-12-02T15:23:00.000000000,10,GRU,pm2_5,36.0,34.8683,1.1317
2026-12-02T15:13:00.000000000,2026-12-02T15:23:00.000000000,10,GRU,pm10,47.0,44.6234,2.3766
2026-12-02T15:13:00.000000000,2026-12-02T15:23:00.000000000,10,GRU,co2,1691.0,1835.7561,-144.7561
2026-12-02T15:13:00.000000000,2026-12-02T15:23:00.000000000,10,GRU,voc,50.0,84.2173,-34.2173
2026-12-02T15:14:00.000000000,2026-12-02T15:24:00.000000000,10,GRU,pm1,23.0,21.6373,1.3627
2026-12-02T15:14:00.000000000,2026-12-02T15:24:00.000000000,10,GRU,pm2_5,37.0,34.7766,2.2234
2026-12-02T15:14:00.000000000,2026-12-02T15:24:00.000000000,10,GRU,pm10,48.0,44.3827,3.6173
2026-12-02T15:14:00.000000000,2026-12-02T15:24:00.000000000,10,GRU,co2,1687.0,1845.1311,-158.1311
2026-12-02T15:14:00.000000000,2026-12-02T15:24:00.000000000,10,GRU,voc,49.0,82.469,-33.469
2026-12-02T15:15:00.000000000,2026-12-02T15:25:00.000000000,10,GRU,pm1,23.0,21.5701,1.4299
2026-12-02T15:15:00.000000000,2026-12-02T15:25:00.000000000,10,GRU,pm2_5,36.0,34.6922,1.3078
2026-12-02T15:15:00.000000000,2026-12-02T15:25:00.000000000,10,GRU,pm10,47.0,44.2148,2.7852
2026-12-02T15:15:00.000000000,2026-12-02T15:25:00.000000000,10,GRU,co2,1665.0,1848.0906,-183.0906
2026-12-02T15:15:00.000000000,2026-12-02T15:25:00.000000000,10,GRU,voc,49.0,82.6721,-33.6721
2026-12-02T15:16:00.000000000,2026-12-02T15:26:00.000000000,10,GRU,pm1,22.0,21.5642,0.4358
2026-12-02T15:16:00.000000000,2026-12-02T15:26:00.000000000,10,GRU,pm2_5,35.0,34.7219,0.2781
2026-12-02T15:16:00.000000000,2026-12-02T15:26:00.000000000,10,GRU,pm10,45.0,44.2087,0.7913
2026-12-02T15:16:00.000000000,2026-12-02T15:26:00.000000000,10,GRU,co2,1625.0,1858.0696,-233.0696
2026-12-02T15:16:00.000000000,2026-12-02T15:26:00.000000000,10,GRU,voc,52.0,82.2885,-30.2885
2026-12-02T15:17:00.000000000,2026-12-02T15:27:00.000000000,10,GRU,pm1,21.0,21.6598,-0.6598
2026-12-02T15:17:00.000000000,2026-12-02T15:27:00.000000000,10,GRU,pm2_5,35.0,34.9023,0.0977
2026-12-02T15:17:00.000000000,2026-12-02T15:27:00.000000000,10,GRU,pm10,45.0,44.4383,0.5617
2026-12-02T15:17:00.000000000,2026-12-02T15:27:00.000000000,10,GRU,co2,1673.0,1868.4095,-195.4095
2026-12-02T15:17:00.000000000,2026-12-02T15:27:00.000000000,10,GRU,voc,50.0,77.6372,-27.6372
2026-12-02T15:18:00.000000000,2026-12-02T15:28:00.000000000,10,GRU,pm1,22.0,21.5975,0.4025
2026-12-02T15:18:00.000000000,2026-12-02T15:28:00.000000000,10,GRU,pm2_5,35.0,34.7583,0.2417
2026-12-02T15:18:00.000000000,2026-12-02T15:28:00.000000000,10,GRU,pm10,46.0,44.2046,1.7954
2026-12-02T15:18:00.000000000,2026-12-02T15:28:00.000000000,10,GRU,co2,1746.0,1870.6741,-124.6741
2026-12-02T15:18:00.000000000,2026-12-02T15:28:00.000000000,10,GRU,voc,48.0,74.6671,-26.6671
2026-12-02T15:19:00.000000000,2026-12-02T15:29:00.000000000,10,GRU,pm1,23.0,21.4468,1.5532
2026-12-02T15:19:00.000000000,2026-12-02T15:29:00.000000000,10,GRU,pm2_5,36.0,34.4964,1.5036
2026-12-02T15:19:00.000000000,2026-12-02T15:29:00.000000000,10,GRU,pm10,47.0,43.8864,3.1136
2026-12-02T15:19:00.000000000,2026-12-02T15:29:00.000000000,10,GRU,co2,1796.0,1866.6156,-70.6156
2026-12-02T15:19:00.000000000,2026-12-02T15:29:00.000000000,10,GRU,voc,47.0,76.8458,-29.8458
2026-12-02T15:20:00.000000000,2026-12-02T15:30:00.000000000,10,GRU,pm1,23.0,21.6078,1.3922
2026-12-02T15:20:00.000000000,2026-12-02T15:30:00.000000000,10,GRU,pm2_5,37.0,34.778,2.222
2026-12-02T15:20:00.000000000,2026-12-02T15:30:00.000000000,10,GRU,pm10,47.0,44.2502,2.7498
2026-12-02T15:20:00.000000000,2026-12-02T15:30:00.000000000,10,GRU,co2,1740.0,1877.6863,-137.6863
2026-12-02T15:20:00.000000000,2026-12-02T15:30:00.000000000,10,GRU,voc,47.0,71.5791,-24.5791
2026-12-02T15:21:00.000000000,2026-12-02T15:31:00.000000000,10,GRU,pm1,23.0,21.723,1.277
2026-12-02T15:21:00.000000000,2026-12-02T15:31:00.000000000,10,GRU,pm2_5,37.0,34.991,2.009
2026-12-02T15:21:00.000000000,2026-12-02T15:31:00.000000000,10,GRU,pm10,47.0,44.5898,2.4102
2026-12-02T15:21:00.000000000,2026-12-02T15:31:00.000000000,10,GRU,co2,1790.0,1871.7787,-81.7787
2026-12-02T15:21:00.000000000,2026-12-02T15:31:00.000000000,10,GRU,voc,49.0,69.4344,-20.4344
2026-12-02T15:22:00.000000000,2026-12-02T15:32:00.000000000,10,GRU,pm1,23.0,21.9222,1.0778
2026-12-02T15:22:00.000000000,2026-12-02T15:32:00.000000000,10,GRU,pm2_5,37.0,35.3869,1.6131
2026-12-02T15:22:00.000000000,2026-12-02T15:32:00.000000000,10,GRU,pm10,47.0,45.2603,1.7397
2026-12-02T15:22:00.000000000,2026-12-02T15:32:00.000000000,10,GRU,co2,1744.0,1865.8468,-121.8468
2026-12-02T15:22:00.000000000,2026-12-02T15:32:00.000000000,10,GRU,voc,47.0,69.6869,-22.6869
2026-12-02T15:23:00.000000000,2026-12-02T15:33:00.000000000,10,GRU,pm1,23.0,22.0053,0.9947
2026-12-02T15:23:00.000000000,2026-12-02T15:33:00.000000000,10,GRU,pm2_5,37.0,35.4686,1.5314
2026-12-02T15:23:00.000000000,2026-12-02T15:33:00.000000000,10,GRU,pm10,48.0,45.3236,2.6764
2026-12-02T15:23:00.000000000,2026-12-02T15:33:00.000000000,10,GRU,co2,1702.0,1873.1764,-171.1764
2026-12-02T15:23:00.000000000,2026-12-02T15:33:00.000000000,10,GRU,voc,46.0,65.5377,-19.5377
2026-12-02T15:24:00.000000000,2026-12-02T15:34:00.000000000,10,GRU,pm1,23.0,22.1561,0.8439
2026-12-02T15:24:00.000000000,2026-12-02T15:34:00.000000000,10,GRU,pm2_5,37.0,35.7257,1.2743
2026-12-02T15:24:00.000000000,2026-12-02T15:34:00.000000000,10,GRU,pm10,48.0,45.7897,2.2103
2026-12-02T15:24:00.000000000,2026-12-02T15:34:00.000000000,10,GRU,co2,1697.0,1866.6925,-169.6925
2026-12-02T15:24:00.000000000,2026-12-02T15:34:00.000000000,10,GRU,voc,45.0,66.5365,-21.5365
2026-12-02T15:25:00.000000000,2026-12-02T15:35:00.000000000,10,GRU,pm1,23.0,22.3583,0.6417
2026-12-02T15:25:00.000000000,2026-12-02T15:35:00.000000000,10,GRU,pm2_5,37.0,36.0431,0.9569
2026-12-02T15:25:00.000000000,2026-12-02T15:35:00.000000000,10,GRU,pm10,47.0,46.3245,0.6755
2026-12-02T15:25:00.000000000,2026-12-02T15:35:00.000000000,10,GRU,co2,1652.0,1848.4144,-196.4144
2026-12-02T15:25:00.000000000,2026-12-02T15:35:00.000000000,10,GRU,voc,44.0,66.8768,-22.8768
2026-12-02T15:26:00.000000000,2026-12-02T15:36:00.000000000,10,GRU,pm1,23.0,22.4558,0.5442
2026-12-02T15:26:00.000000000,2026-12-02T15:36:00.000000000,10,GRU,pm2_5,37.0,36.1347,0.8653
2026-12-02T15:26:00.000000000,2026-12-02T15:36:00.000000000,10,GRU,pm10,47.0,46.4438,0.5562
2026-12-02T15:26:00.000000000,2026-12-02T15:36:00.000000000,10,GRU,co2,1680.0,1832.4114,-152.4114
2026-12-02T15:26:00.000000000,2026-12-02T15:36:00.000000000,10,GRU,voc,44.0,66.8268,-22.8268
2026-12-02T15:27:00.000000000,2026-12-02T15:37:00.000000000,10,GRU,pm1,23.0,22.4632,0.5368
2026-12-02T15:27:00.000000000,2026-12-02T15:37:00.000000000,10,GRU,pm2_5,37.0,36.0253,0.9747
2026-12-02T15:27:00.000000000,2026-12-02T15:37:00.000000000,10,GRU,pm10,48.0,46.2231,1.7769
2026-12-02T15:27:00.000000000,2026-12-02T15:37:00.000000000,10,GRU,co2,1654.0,1817.7133,-163.7133
2026-12-02T15:27:00.000000000,2026-12-02T15:37:00.000000000,10,GRU,voc,44.0,63.9879,-19.9879
2026-12-02T15:28:00.000000000,2026-12-02T15:38:00.000000000,10,GRU,pm1,23.0,22.5963,0.4037
2026-12-02T15:28:00.000000000,2026-12-02T15:38:00.000000000,10,GRU,pm2_5,38.0,36.2133,1.7867
2026-12-02T15:28:00.000000000,2026-12-02T15:38:00.000000000,10,GRU,pm10,48.0,46.4584,1.5416
2026-12-02T15:28:00.000000000,2026-12-02T15:38:00.000000000,10,GRU,co2,1590.0,1811.5232,-221.5232
2026-12-02T15:28:00.000000000,2026-12-02T15:38:00.000000000,10,GRU,voc,65.0,65.7715,-0.7715
2026-12-02T15:29:00.000000000,2026-12-02T15:39:00.000000000,10,GRU,pm1,23.0,22.6822,0.3178
2026-12-02T15:29:00.000000000,2026-12-02T15:39:00.000000000,10,GRU,pm2_5,37.0,36.3635,0.6365
2026-12-02T15:29:00.000000000,2026-12-02T15:39:00.000000000,10,GRU,pm10,46.0,46.6757,-0.6757
2026-12-02T15:29:00.000000000,2026-12-02T15:39:00.000000000,10,GRU,co2,1532.0,1792.4155,-260.4155
2026-12-02T15:29:00.000000000,2026-12-02T15:39:00.000000000,10,GRU,voc,117.0,73.079,43.921
2026-12-02T15:30:00.000000000,2026-12-02T15:40:00.000000000,10,GRU,pm1,23.0,22.8823,0.1177
2026-12-02T15:30:00.000000000,2026-12-02T15:40:00.000000000,10,GRU,pm2_5,37.0,36.7001,0.2999
2026-12-02T15:30:00.000000000,2026-12-02T15:40:00.000000000,10,GRU,pm10,48.0,47.0897,0.9103
2026-12-02T15:30:00.000000000,2026-12-02T15:40:00.000000000,10,GRU,co2,1530.0,1783.9368,-253.9368
2026-12-02T15:30:00.000000000,2026-12-02T15:40:00.000000000,10,GRU,voc,99.0,71.9233,27.0767
2026-12-02T15:31:00.000000000,2026-12-02T15:41:00.000000000,10,GRU,pm1,23.0,22.9456,0.0544
2026-12-02T15:31:00.000000000,2026-12-02T15:41:00.000000000,10,GRU,pm2_5,37.0,36.7708,0.2292
2026-12-02T15:31:00.000000000,2026-12-02T15:41:00.000000000,10,GRU,pm10,47.0,47.2432,-0.2432
2026-12-02T15:31:00.000000000,2026-12-02T15:41:00.000000000,10,GRU,co2,1601.0,1771.3308,-170.3308
2026-12-02T15:31:00.000000000,2026-12-02T15:41:00.000000000,10,GRU,voc,74.0,76.1227,-2.1227
2026-12-02T15:32:00.000000000,2026-12-02T15:42:00.000000000,10,GRU,pm1,23.0,23.0577,-0.0577
2026-12-02T15:32:00.000000000,2026-12-02T15:42:00.000000000,10,GRU,pm2_5,37.0,36.9447,0.0553
2026-12-02T15:32:00.000000000,2026-12-02T15:42:00.000000000,10,GRU,pm10,47.0,47.5244,-0.5244
2026-12-02T15:32:00.000000000,2026-12-02T15:42:00.000000000,10,GRU,co2,1670.0,1765.049,-95.049
2026-12-02T15:32:00.000000000,2026-12-02T15:42:00.000000000,10,GRU,voc,61.0,79.1532,-18.1532
2026-12-02T15:33:00.000000000,2026-12-02T15:43:00.000000000,10,GRU,pm1,23.0,23.0811,-0.0811
2026-12-02T15:33:00.000000000,2026-12-02T15:43:00.000000000,10,GRU,pm2_5,37.0,36.9755,0.0245
2026-12-02T15:33:00.000000000,2026-12-02T15:43:00.000000000,10,GRU,pm10,48.0,47.5936,0.4064
2026-12-02T15:33:00.000000000,2026-12-02T15:43:00.000000000,10,GRU,co2,1684.0,1757.1376,-73.1376
2026-12-02T15:33:00.000000000,2026-12-02T15:43:00.000000000,10,GRU,voc,71.0,84.5696,-13.5696
2026-12-02T15:34:00.000000000,2026-12-02T15:44:00.000000000,10,GRU,pm1,23.0,23.1886,-0.1886
2026-12-02T15:34:00.000000000,2026-12-02T15:44:00.000000000,10,GRU,pm2_5,37.0,37.1492,-0.1492
2026-12-02T15:34:00.000000000,2026-12-02T15:44:00.000000000,10,GRU,pm10,49.0,47.7718,1.2282
2026-12-02T15:34:00.000000000,2026-12-02T15:44:00.000000000,10,GRU,co2,1652.0,1758.6084,-106.6084
2026-12-02T15:34:00.000000000,2026-12-02T15:44:00.000000000,10,GRU,voc,72.0,83.1867,-11.1867
2026-12-02T15:35:00.000000000,2026-12-02T15:45:00.000000000,10,GRU,pm1,23.0,23.217,-0.217
2026-12-02T15:35:00.000000000,2026-12-02T15:45:00.000000000,10,GRU,pm2_5,37.0,37.1719,-0.1719
2026-12-02T15:35:00.000000000,2026-12-02T15:45:00.000000000,10,GRU,pm10,48.0,47.8603,0.1397
2026-12-02T15:35:00.000000000,2026-12-02T15:45:00.000000000,10,GRU,co2,1647.0,1739.4387,-92.4387
2026-12-02T15:35:00.000000000,2026-12-02T15:45:00.000000000,10,GRU,voc,64.0,88.1927,-24.1927
2026-12-02T15:36:00.000000000,2026-12-02T15:46:00.000000000,10,GRU,pm1,23.0,23.2208,-0.2208
2026-12-02T15:36:00.000000000,2026-12-02T15:46:00.000000000,10,GRU,pm2_5,38.0,37.1218,0.8782
2026-12-02T15:36:00.000000000,2026-12-02T15:46:00.000000000,10,GRU,pm10,48.0,47.7466,0.2534
2026-12-02T15:36:00.000000000,2026-12-02T15:46:00.000000000,10,GRU,co2,1655.0,1737.5442,-82.5442
2026-12-02T15:36:00.000000000,2026-12-02T15:46:00.000000000,10,GRU,voc,57.0,90.9788,-33.9788
2026-12-02T15:37:00.000000000,2026-12-02T15:47:00.000000000,10,GRU,pm1,24.0,23.0117,0.9883
2026-12-02T15:37:00.000000000,2026-12-02T15:47:00.000000000,10,GRU,pm2_5,37.0,36.7398,0.2602
2026-12-02T15:37:00.000000000,2026-12-02T15:47:00.000000000,10,GRU,pm10,48.0,47.2651,0.7349
2026-12-02T15:37:00.000000000,2026-12-02T15:47:00.000000000,10,GRU,co2,1727.0,1706.2247,20.7753
2026-12-02T15:37:00.000000000,2026-12-02T15:47:00.000000000,10,GRU,voc,52.0,95.3116,-43.3116
2026-12-02T15:38:00.000000000,2026-12-02T15:48:00.000000000,10,GRU,pm1,23.0,23.1104,-0.1104
2026-12-02T15:38:00.000000000,2026-12-02T15:48:00.000000000,10,GRU,pm2_5,37.0,36.9162,0.0838
2026-12-02T15:38:00.000000000,2026-12-02T15:48:00.000000000,10,GRU,pm10,47.0,47.4882,-0.4882
2026-12-02T15:38:00.000000000,2026-12-02T15:48:00.000000000,10,GRU,co2,1636.0,1707.1036,-71.1036
2026-12-02T15:38:00.000000000,2026-12-02T15:48:00.000000000,10,GRU,voc,51.0,92.4753,-41.4753
2026-12-02T15:39:00.000000000,2026-12-02T15:49:00.000000000,10,GRU,pm1,23.0,23.1789,-0.1789
2026-12-02T15:39:00.000000000,2026-12-02T15:49:00.000000000,10,GRU,pm2_5,37.0,37.0105,-0.0105
2026-12-02T15:39:00.000000000,2026-12-02T15:49:00.000000000,10,GRU,pm10,49.0,47.6032,1.3968
2026-12-02T15:39:00.000000000,2026-12-02T15:49:00.000000000,10,GRU,co2,1636.0,1710.141,-74.141
2026-12-02T15:39:00.000000000,2026-12-02T15:49:00.000000000,10,GRU,voc,54.0,96.8789,-42.8789
2026-12-02T15:40:00.000000000,2026-12-02T15:50:00.000000000,10,GRU,pm1,23.0,23.0895,-0.0895
2026-12-02T15:40:00.000000000,2026-12-02T15:50:00.000000000,10,GRU,pm2_5,38.0,36.7908,1.2092
2026-12-02T15:40:00.000000000,2026-12-02T15:50:00.000000000,10,GRU,pm10,48.0,47.2264,0.7736
2026-12-02T15:40:00.000000000,2026-12-02T15:50:00.000000000,10,GRU,co2,1619.0,1714.493,-95.493
2026-12-02T15:40:00.000000000,2026-12-02T15:50:00.000000000,10,GRU,voc,68.0,113.9751,-45.9751
2026-12-02T15:41:00.000000000,2026-12-02T15:51:00.000000000,10,GRU,pm1,23.0,23.1818,-0.1818
2026-12-02T15:41:00.000000000,2026-12-02T15:51:00.000000000,10,GRU,pm2_5,37.0,37.0108,-0.0108
2026-12-02T15:41:00.000000000,2026-12-02T15:51:00.000000000,10,GRU,pm10,49.0,47.5243,1.4757
2026-12-02T15:41:00.000000000,2026-12-02T15:51:00.000000000,10,GRU,co2,1651.0,1715.9514,-64.9514
2026-12-02T15:41:00.000000000,2026-12-02T15:51:00.000000000,10,GRU,voc,73.0,125.1381,-52.1381
2026-12-02T15:42:00.000000000,2026-12-02T15:52:00.000000000,10,GRU,pm1,23.0,23.3658,-0.3658
2026-12-02T15:42:00.000000000,2026-12-02T15:52:00.000000000,10,GRU,pm2_5,37.0,37.2868,-0.2868
2026-12-02T15:42:00.000000000,2026-12-02T15:52:00.000000000,10,GRU,pm10,48.0,47.9371,0.0629
2026-12-02T15:42:00.000000000,2026-12-02T15:52:00.000000000,10,GRU,co2,1688.0,1716.8976,-28.8976
2026-12-02T15:42:00.000000000,2026-12-02T15:52:00.000000000,10,GRU,voc,68.0,124.8351,-56.8351
2026-12-02T15:43:00.000000000,2026-12-02T15:53:00.000000000,10,GRU,pm1,23.0,23.4889,-0.4889
2026-12-02T15:43:00.000000000,2026-12-02T15:53:00.000000000,10,GRU,pm2_5,37.0,37.4335,-0.4335
2026-12-02T15:43:00.000000000,2026-12-02T15:53:00.000000000,10,GRU,pm10,48.0,48.1618,-0.1618
2026-12-02T15:43:00.000000000,2026-12-02T15:53:00.000000000,10,GRU,co2,1727.0,1710.9388,16.0612
2026-12-02T15:43:00.000000000,2026-12-02T15:53:00.000000000,10,GRU,voc,61.0,122.872,-61.872
2026-12-02T15:44:00.000000000,2026-12-02T15:54:00.000000000,10,GRU,pm1,23.0,23.4497,-0.4497
2026-12-02T15:44:00.000000000,2026-12-02T15:54:00.000000000,10,GRU,pm2_5,37.0,37.3553,-0.3553
2026-12-02T15:44:00.000000000,2026-12-02T15:54:00.000000000,10,GRU,pm10,48.0,48.1335,-0.1335
2026-12-02T15:44:00.000000000,2026-12-02T15:54:00.000000000,10,GRU,co2,1700.0,1692.9299,7.0701
2026-12-02T15:44:00.000000000,2026-12-02T15:54:00.000000000,10,GRU,voc,57.0,129.3078,-72.3078
2026-12-02T15:45:00.000000000,2026-12-02T15:55:00.000000000,10,GRU,pm1,23.0,23.3489,-0.3489
2026-12-02T15:45:00.000000000,2026-12-02T15:55:00.000000000,10,GRU,pm2_5,37.0,37.19,-0.19
2026-12-02T15:45:00.000000000,2026-12-02T15:55:00.000000000,10,GRU,pm10,48.0,47.9636,0.0364
2026-12-02T15:45:00.000000000,2026-12-02T15:55:00.000000000,10,GRU,co2,1728.0,1663.946,64.054
2026-12-02T15:45:00.000000000,2026-12-02T15:55:00.000000000,10,GRU,voc,55.0,134.6265,-79.6265
2026-12-02T15:46:00.000000000,2026-12-02T15:56:00.000000000,10,GRU,pm1,23.0,23.2974,-0.2974
2026-12-02T15:46:00.000000000,2026-12-02T15:56:00.000000000,10,GRU,pm2_5,37.0,37.089,-0.089
2026-12-02T15:46:00.000000000,2026-12-02T15:56:00.000000000,10,GRU,pm10,47.0,47.794,-0.794
2026-12-02T15:46:00.000000000,2026-12-02T15:56:00.000000000,10,GRU,co2,1694.0,1644.8459,49.1541
2026-12-02T15:46:00.000000000,2026-12-02T15:56:00.000000000,10,GRU,voc,53.0,134.5018,-81.5018
2026-12-02T15:47:00.000000000,2026-12-02T15:57:00.000000000,10,GRU,pm1,23.0,23.3124,-0.3124
2026-12-02T15:47:00.000000000,2026-12-02T15:57:00.000000000,10,GRU,pm2_5,37.0,37.1193,-0.1193
2026-12-02T15:47:00.000000000,2026-12-02T15:57:00.000000000,10,GRU,pm10,48.0,47.8009,0.1991
2026-12-02T15:47:00.000000000,2026-12-02T15:57:00.000000000,10,GRU,co2,1667.0,1637.2395,29.7605
2026-12-02T15:47:00.000000000,2026-12-02T15:57:00.000000000,10,GRU,voc,54.0,133.6563,-79.6563
2026-12-02T15:48:00.000000000,2026-12-02T15:58:00.000000000,10,GRU,pm1,23.0,23.3571,-0.3571
2026-12-02T15:48:00.000000000,2026-12-02T15:58:00.000000000,10,GRU,pm2_5,37.0,37.1778,-0.1778
2026-12-02T15:48:00.000000000,2026-12-02T15:58:00.000000000,10,GRU,pm10,48.0,47.861,0.139
2026-12-02T15:48:00.000000000,2026-12-02T15:58:00.000000000,10,GRU,co2,1702.0,1628.7782,73.2218
2026-12-02T15:48:00.000000000,2026-12-02T15:58:00.000000000,10,GRU,voc,55.0,130.5299,-75.5299
2026-12-02T15:49:00.000000000,2026-12-02T15:59:00.000000000,10,GRU,pm1,23.0,23.3134,-0.3134
2026-12-02T15:49:00.000000000,2026-12-02T15:59:00.000000000,10,GRU,pm2_5,36.0,37.0761,-1.0761
2026-12-02T15:49:00.000000000,2026-12-02T15:59:00.000000000,10,GRU,pm10,48.0,47.717,0.283
2026-12-02T15:49:00.000000000,2026-12-02T15:59:00.000000000,10,GRU,co2,1668.0,1625.4626,42.5374
2026-12-02T15:49:00.000000000,2026-12-02T15:59:00.000000000,10,GRU,voc,59.0,129.9965,-70.9965
2026-12-02T15:50:00.000000000,2026-12-02T16:00:00.000000000,10,GRU,pm1,23.0,23.3273,-0.3273
2026-12-02T15:50:00.000000000,2026-12-02T16:00:00.000000000,10,GRU,pm2_5,37.0,37.1351,-0.1351
2026-12-02T15:50:00.000000000,2026-12-02T16:00:00.000000000,10,GRU,pm10,48.0,47.871,0.129
2026-12-02T15:50:00.000000000,2026-12-02T16:00:00.000000000,10,GRU,co2,1673.0,1616.1899,56.8101
2026-12-02T15:50:00.000000000,2026-12-02T16:00:00.000000000,10,GRU,voc,62.0,128.8197,-66.8197
2026-12-02T15:51:00.000000000,2026-12-02T16:01:00.000000000,10,GRU,pm1,23.0,23.3446,-0.3446
2026-12-02T15:51:00.000000000,2026-12-02T16:01:00.000000000,10,GRU,pm2_5,37.0,37.1704,-0.1704
2026-12-02T15:51:00.000000000,2026-12-02T16:01:00.000000000,10,GRU,pm10,47.0,47.9252,-0.9252
2026-12-02T15:51:00.000000000,2026-12-02T16:01:00.000000000,10,GRU,co2,1726.0,1617.9921,108.0079
2026-12-02T15:51:00.000000000,2026-12-02T16:01:00.000000000,10,GRU,voc,63.0,130.566,-67.566
2026-12-02T15:52:00.000000000,2026-12-02T16:02:00.000000000,10,GRU,pm1,23.0,23.3239,-0.3239
2026-12-02T15:52:00.000000000,2026-12-02T16:02:00.000000000,10,GRU,pm2_5,37.0,37.1517,-0.1517
2026-12-02T15:52:00.000000000,2026-12-02T16:02:00.000000000,10,GRU,pm10,48.0,47.8563,0.1437
2026-12-02T15:52:00.000000000,2026-12-02T16:02:00.000000000,10,GRU,co2,1704.0,1612.7977,91.2023
2026-12-02T15:52:00.000000000,2026-12-02T16:02:00.000000000,10,GRU,voc,64.0,131.7743,-67.7743
2026-12-02T15:53:00.000000000,2026-12-02T16:03:00.000000000,10,GRU,pm1,23.0,23.2493,-0.2493
2026-12-02T15:53:00.000000000,2026-12-02T16:03:00.000000000,10,GRU,pm2_5,37.0,37.004,-0.004
2026-12-02T15:53:00.000000000,2026-12-02T16:03:00.000000000,10,GRU,pm10,47.0,47.5674,-0.5674
2026-12-02T15:53:00.000000000,2026-12-02T16:03:00.000000000,10,GRU,co2,1644.0,1607.1945,36.8055
2026-12-02T15:53:00.000000000,2026-12-02T16:03:00.000000000,10,GRU,voc,72.0,131.4117,-59.4117
2026-12-02T15:54:00.000000000,2026-12-02T16:04:00.000000000,10,GRU,pm1,23.0,23.2762,-0.2762
2026-12-02T15:54:00.000000000,2026-12-02T16:04:00.000000000,10,GRU,pm2_5,37.0,37.0395,-0.0395
2026-12-02T15:54:00.000000000,2026-12-02T16:04:00.000000000,10,GRU,pm10,48.0,47.5899,0.4101
2026-12-02T15:54:00.000000000,2026-12-02T16:04:00.000000000,10,GRU,co2,1609.0,1593.3339,15.6661
2026-12-02T15:54:00.000000000,2026-12-02T16:04:00.000000000,10,GRU,voc,82.0,122.5087,-40.5087
2026-12-02T15:55:00.000000000,2026-12-02T16:05:00.000000000,10,GRU,pm1,23.0,23.4942,-0.4942
2026-12-02T15:55:00.000000000,2026-12-02T16:05:00.000000000,10,GRU,pm2_5,37.0,37.3666,-0.3666
2026-12-02T15:55:00.000000000,2026-12-02T16:05:00.000000000,10,GRU,pm10,48.0,48.1031,-0.1031
2026-12-02T15:55:00.000000000,2026-12-02T16:05:00.000000000,10,GRU,co2,1610.0,1597.4021,12.5979
2026-12-02T15:55:00.000000000,2026-12-02T16:05:00.000000000,10,GRU,voc,87.0,103.3302,-16.3302
2026-12-02T15:56:00.000000000,2026-12-02T16:06:00.000000000,10,GRU,pm1,23.0,23.4793,-0.4793
2026-12-02T15:56:00.000000000,2026-12-02T16:06:00.000000000,10,GRU,pm2_5,38.0,37.2922,0.7078
2026-12-02T15:56:00.000000000,2026-12-02T16:06:00.000000000,10,GRU,pm10,49.0,48.0435,0.9565
2026-12-02T15:56:00.000000000,2026-12-02T16:06:00.000000000,10,GRU,co2,1668.0,1606.4491,61.5509
2026-12-02T15:56:00.000000000,2026-12-02T16:06:00.000000000,10,GRU,voc,95.0,103.1296,-8.1296
2026-12-02T15:57:00.000000000,2026-12-02T16:07:00.000000000,10,GRU,pm1,24.0,23.4235,0.5765
2026-12-02T15:57:00.000000000,2026-12-02T16:07:00.000000000,10,GRU,pm2_5,38.0,37.2142,0.7858
2026-12-02T15:57:00.000000000,2026-12-02T16:07:00.000000000,10,GRU,pm10,50.0,47.9047,2.0953
2026-12-02T15:57:00.000000000,2026-12-02T16:07:00.000000000,10,GRU,co2,1592.0,1617.4626,-25.4626
2026-12-02T15:57:00.000000000,2026-12-02T16:07:00.000000000,10,GRU,voc,152.0,110.5544,41.4456
2026-12-02T15:58:00.000000000,2026-12-02T16:08:00.000000000,10,GRU,pm1,23.0,23.3545,-0.3545
2026-12-02T15:58:00.000000000,2026-12-02T16:08:00.000000000,10,GRU,pm2_5,38.0,37.142,0.858
2026-12-02T15:58:00.000000000,2026-12-02T16:08:00.000000000,10,GRU,pm10,49.0,47.7548,1.2452
2026-12-02T15:58:00.000000000,2026-12-02T16:08:00.000000000,10,GRU,co2,1626.0,1622.379,3.621
2026-12-02T15:58:00.000000000,2026-12-02T16:08:00.000000000,10,GRU,voc,151.0,115.556,35.444
2026-12-02T15:59:00.000000000,2026-12-02T16:09:00.000000000,10,GRU,pm1,23.0,23.3263,-0.3263
2026-12-02T15:59:00.000000000,2026-12-02T16:09:00.000000000,10,GRU,pm2_5,37.0,37.0988,-0.0988
2026-12-02T15:59:00.000000000,2026-12-02T16:09:00.000000000,10,GRU,pm10,48.0,47.6554,0.3446
2026-12-02T15:59:00.000000000,2026-12-02T16:09:00.000000000,10,GRU,co2,1653.0,1625.2228,27.7772
2026-12-02T15:59:00.000000000,2026-12-02T16:09:00.000000000,10,GRU,voc,115.0,113.5834,1.4166
2026-12-02T16:00:00.000000000,2026-12-02T16:10:00.000000000,10,GRU,pm1,23.0,23.3116,-0.3116
2026-12-02T16:00:00.000000000,2026-12-02T16:10:00.000000000,10,GRU,pm2_5,37.0,37.051,-0.051
2026-12-02T16:00:00.000000000,2026-12-02T16:10:00.000000000,10,GRU,pm10,48.0,47.5866,0.4134
2026-12-02T16:00:00.000000000,2026-12-02T16:10:00.000000000,10,GRU,co2,1627.0,1626.8871,0.1129
2026-12-02T16:00:00.000000000,2026-12-02T16:10:00.000000000,10,GRU,voc,109.0,112.2649,-3.2649
2026-12-02T16:01:00.000000000,2026-12-02T16:11:00.000000000,10,GRU,pm1,23.0,23.3673,-0.3673
2026-12-02T16:01:00.000000000,2026-12-02T16:11:00.000000000,10,GRU,pm2_5,36.0,37.1597,-1.1597
2026-12-02T16:01:00.000000000,2026-12-02T16:11:00.000000000,10,GRU,pm10,47.0,47.774,-0.774
2026-12-02T16:01:00.000000000,2026-12-02T16:11:00.000000000,10,GRU,co2,1654.0,1633.5162,20.4838
2026-12-02T16:01:00.000000000,2026-12-02T16:11:00.000000000,10,GRU,voc,118.0,115.8158,2.1842
2026-12-02T16:02:00.000000000,2026-12-02T16:12:00.000000000,10,GRU,pm1,23.0,23.3655,-0.3655
2026-12-02T16:02:00.000000000,2026-12-02T16:12:00.000000000,10,GRU,pm2_5,37.0,37.151,-0.151
2026-12-02T16:02:00.000000000,2026-12-02T16:12:00.000000000,10,GRU,pm10,48.0,47.7657,0.2343
2026-12-02T16:02:00.000000000,2026-12-02T16:12:00.000000000,10,GRU,co2,1632.0,1636.9686,-4.9686
2026-12-02T16:02:00.000000000,2026-12-02T16:12:00.000000000,10,GRU,voc,239.0,120.0684,118.9316
2026-12-02T16:03:00.000000000,2026-12-02T16:13:00.000000000,10,GRU,pm1,23.0,23.2965,-0.2965
2026-12-02T16:03:00.000000000,2026-12-02T16:13:00.000000000,10,GRU,pm2_5,37.0,37.0903,-0.0903
2026-12-02T16:03:00.000000000,2026-12-02T16:13:00.000000000,10,GRU,pm10,47.0,47.7102,-0.7102
2026-12-02T16:03:00.000000000,2026-12-02T16:13:00.000000000,10,GRU,co2,1608.0,1641.8259,-33.8259
2026-12-02T16:03:00.000000000,2026-12-02T16:13:00.000000000,10,GRU,voc,200.0,126.1656,73.8344
2026-12-02T16:04:00.000000000,2026-12-02T16:14:00.000000000,10,GRU,pm1,23.0,23.3341,-0.3341
2026-12-02T16:04:00.000000000,2026-12-02T16:14:00.000000000,10,GRU,pm2_5,36.0,37.1328,-1.1328
2026-12-02T16:04:00.000000000,2026-12-02T16:14:00.000000000,10,GRU,pm10,46.0,47.7143,-1.7143
2026-12-02T16:04:00.000000000,2026-12-02T16:14:00.000000000,10,GRU,co2,1647.0,1652.0493,-5.0493
2026-12-02T16:04:00.000000000,2026-12-02T16:14:00.000000000,10,GRU,voc,153.0,124.0209,28.9791
2026-12-02T16:05:00.000000000,2026-12-02T16:15:00.000000000,10,GRU,pm1,23.0,23.242,-0.242
2026-12-02T16:05:00.000000000,2026-12-02T16:15:00.000000000,10,GRU,pm2_5,36.0,36.975,-0.975
2026-12-02T16:05:00.000000000,2026-12-02T16:15:00.000000000,10,GRU,pm10,47.0,47.4535,-0.4535
2026-12-02T16:05:00.000000000,2026-12-02T16:15:00.000000000,10,GRU,co2,1725.0,1651.1802,73.8198
2026-12-02T16:05:00.000000000,2026-12-02T16:15:00.000000000,10,GRU,voc,123.0,126.4635,-3.4635
2026-12-02T16:06:00.000000000,2026-12-02T16:16:00.000000000,10,GRU,pm1,22.0,23.3037,-1.3037
2026-12-02T16:06:00.000000000,2026-12-02T16:16:00.000000000,10,GRU,pm2_5,36.0,37.0653,-1.0653
2026-12-02T16:06:00.000000000,2026-12-02T16:16:00.000000000,10,GRU,pm10,46.0,47.6045,-1.6045
2026-12-02T16:06:00.000000000,2026-12-02T16:16:00.000000000,10,GRU,co2,1685.0,1644.5101,40.4899
2026-12-02T16:06:00.000000000,2026-12-02T16:16:00.000000000,10,GRU,voc,103.0,125.2412,-22.2412
2026-12-02T16:07:00.000000000,2026-12-02T16:17:00.000000000,10,GRU,pm1,22.0,23.349,-1.349
2026-12-02T16:07:00.000000000,2026-12-02T16:17:00.000000000,10,GRU,pm2_5,36.0,37.1739,-1.1739
2026-12-02T16:07:00.000000000,2026-12-02T16:17:00.000000000,10,GRU,pm10,46.0,47.7841,-1.7841
2026-12-02T16:07:00.000000000,2026-12-02T16:17:00.000000000,10,GRU,co2,1685.0,1657.2444,27.7556
2026-12-02T16:07:00.000000000,2026-12-02T16:17:00.000000000,10,GRU,voc,103.0,128.5076,-25.5076
2026-12-02T16:08:00.000000000,2026-12-02T16:18:00.000000000,10,GRU,pm1,22.0,23.4764,-1.4764
2026-12-02T16:08:00.000000000,2026-12-02T16:18:00.000000000,10,GRU,pm2_5,36.0,37.4174,-1.4174
2026-12-02T16:08:00.000000000,2026-12-02T16:18:00.000000000,10,GRU,pm10,47.0,48.2112,-1.2112
2026-12-02T16:08:00.000000000,2026-12-02T16:18:00.000000000,10,GRU,co2,1685.0,1674.8229,10.1771
2026-12-02T16:08:00.000000000,2026-12-02T16:18:00.000000000,10,GRU,voc,81.0,143.9421,-62.9421
2026-12-02T16:09:00.000000000,2026-12-02T16:19:00.000000000,10,GRU,pm1,23.0,23.476,-0.476
2026-12-02T16:09:00.000000000,2026-12-02T16:19:00.000000000,10,GRU,pm2_5,36.0,37.4175,-1.4175
2026-12-02T16:09:00.000000000,2026-12-02T16:19:00.000000000,10,GRU,pm10,47.0,48.2343,-1.2343
2026-12-02T16:09:00.000000000,2026-12-02T16:19:00.000000000,10,GRU,co2,1655.0,1687.1528,-32.1528
2026-12-02T16:09:00.000000000,2026-12-02T16:19:00.000000000,10,GRU,voc,78.0,161.8624,-83.8624
2026-12-02T16:10:00.000000000,2026-12-02T16:20:00.000000000,10,GRU,pm1,23.0,23.4512,-0.4512
2026-12-02T16:10:00.000000000,2026-12-02T16:20:00.000000000,10,GRU,pm2_5,36.0,37.3572,-1.3572
2026-12-02T16:10:00.000000000,2026-12-02T16:20:00.000000000,10,GRU,pm10,48.0,48.1665,-0.1665
2026-12-02T16:10:00.000000000,2026-12-02T16:20:00.000000000,10,GRU,co2,1677.0,1679.9445,-2.9445
2026-12-02T16:10:00.000000000,2026-12-02T16:20:00.000000000,10,GRU,voc,84.0,168.8252,-84.8252
2026-12-02T16:11:00.000000000,2026-12-02T16:21:00.000000000,10,GRU,pm1,23.0,23.4443,-0.4443
2026-12-02T16:11:00.000000000,2026-12-02T16:21:00.000000000,10,GRU,pm2_5,37.0,37.3385,-0.3385
2026-12-02T16:11:00.000000000,2026-12-02T16:21:00.000000000,10,GRU,pm10,48.0,48.1421,-0.1421
2026-12-02T16:11:00.000000000,2026-12-02T16:21:00.000000000,10,GRU,co2,1732.0,1667.2303,64.7697
2026-12-02T16:11:00.000000000,2026-12-02T16:21:00.000000000,10,GRU,voc,264.0,171.4333,92.5667
2026-12-02T16:12:00.000000000,2026-12-02T16:22:00.000000000,10,GRU,pm1,23.0,23.4606,-0.4606
2026-12-02T16:12:00.000000000,2026-12-02T16:22:00.000000000,10,GRU,pm2_5,36.0,37.3379,-1.3379
2026-12-02T16:12:00.000000000,2026-12-02T16:22:00.000000000,10,GRU,pm10,47.0,48.1246,-1.1246
2026-12-02T16:12:00.000000000,2026-12-02T16:22:00.000000000,10,GRU,co2,1713.0,1658.3494,54.6506
2026-12-02T16:12:00.000000000,2026-12-02T16:22:00.000000000,10,GRU,voc,489.0,173.8531,315.1469
2026-12-02T16:13:00.000000000,2026-12-02T16:23:00.000000000,10,GRU,pm1,23.0,23.3974,-0.3974
2026-12-02T16:13:00.000000000,2026-12-02T16:23:00.000000000,10,GRU,pm2_5,36.0,37.2462,-1.2462
2026-12-02T16:13:00.000000000,2026-12-02T16:23:00.000000000,10,GRU,pm10,48.0,48.0079,-0.0079
2026-12-02T16:13:00.000000000,2026-12-02T16:23:00.000000000,10,GRU,co2,1677.0,1677.4836,-0.4836
2026-12-02T16:13:00.000000000,2026-12-02T16:23:00.000000000,10,GRU,voc,499.0,201.5158,297.4842
2026-12-02T16:14:00.000000000,2026-12-02T16:24:00.000000000,10,GRU,pm1,23.0,23.3538,-0.3538
2026-12-02T16:14:00.000000000,2026-12-02T16:24:00.000000000,10,GRU,pm2_5,36.0,37.1808,-1.1808
2026-12-02T16:14:00.000000000,2026-12-02T16:24:00.000000000,10,GRU,pm10,47.0,47.9106,-0.9106
2026-12-02T16:14:00.000000000,2026-12-02T16:24:00.000000000,10,GRU,co2,1661.0,1680.5446,-19.5446
2026-12-02T16:14:00.000000000,2026-12-02T16:24:00.000000000,10,GRU,voc,499.0,222.7689,276.2311
2026-12-02T16:15:00.000000000,2026-12-02T16:25:00.000000000,10,GRU,pm1,23.0,23.3396,-0.3396
2026-12-02T16:15:00.000000000,2026-12-02T16:25:00.000000000,10,GRU,pm2_5,37.0,37.138,-0.138
2026-12-02T16:15:00.000000000,2026-12-02T16:25:00.000000000,10,GRU,pm10,47.0,47.9228,-0.9228
2026-12-02T16:15:00.000000000,2026-12-02T16:25:00.000000000,10,GRU,co2,1700.0,1671.5743,28.4257
2026-12-02T16:15:00.000000000,2026-12-02T16:25:00.000000000,10,GRU,voc,499.0,227.6673,271.3328
2026-12-02T16:16:00.000000000,2026-12-02T16:26:00.000000000,10,GRU,pm1,23.0,23.2937,-0.2937
2026-12-02T16:16:00.000000000,2026-12-02T16:26:00.000000000,10,GRU,pm2_5,37.0,37.0656,-0.0656
2026-12-02T16:16:00.000000000,2026-12-02T16:26:00.000000000,10,GRU,pm10,47.0,47.8909,-0.8909
2026-12-02T16:16:00.000000000,2026-12-02T16:26:00.000000000,10,GRU,co2,1701.0,1642.2214,58.7786
2026-12-02T16:16:00.000000000,2026-12-02T16:26:00.000000000,10,GRU,voc,499.0,225.625,273.375
2026-12-02T16:17:00.000000000,2026-12-02T16:27:00.000000000,10,GRU,pm1,22.0,23.2324,-1.2324
2026-12-02T16:17:00.000000000,2026-12-02T16:27:00.000000000,10,GRU,pm2_5,36.0,36.962,-0.962
2026-12-02T16:17:00.000000000,2026-12-02T16:27:00.000000000,10,GRU,pm10,46.0,47.7859,-1.7859
2026-12-02T16:17:00.000000000,2026-12-02T16:27:00.000000000,10,GRU,co2,1708.0,1624.5067,83.4933
2026-12-02T16:17:00.000000000,2026-12-02T16:27:00.000000000,10,GRU,voc,499.0,222.447,276.553
2026-12-02T16:18:00.000000000,2026-12-02T16:28:00.000000000,10,GRU,pm1,23.0,23.1002,-0.1002
2026-12-02T16:18:00.000000000,2026-12-02T16:28:00.000000000,10,GRU,pm2_5,36.0,36.7482,-0.7482
2026-12-02T16:18:00.000000000,2026-12-02T16:28:00.000000000,10,GRU,pm10,46.0,47.4601,-1.4601
2026-12-02T16:18:00.000000000,2026-12-02T16:28:00.000000000,10,GRU,co2,1736.0,1609.0283,126.9717
2026-12-02T16:18:00.000000000,2026-12-02T16:28:00.000000000,10,GRU,voc,498.0,218.8383,279.1617
2026-12-02T16:19:00.000000000,2026-12-02T16:29:00.000000000,10,GRU,pm1,22.0,23.0661,-1.0661
2026-12-02T16:19:00.000000000,2026-12-02T16:29:00.000000000,10,GRU,pm2_5,36.0,36.7348,-0.7348
2026-12-02T16:19:00.000000000,2026-12-02T16:29:00.000000000,10,GRU,pm10,47.0,47.4598,-0.4598
2026-12-02T16:19:00.000000000,2026-12-02T16:29:00.000000000,10,GRU,co2,1734.0,1592.9587,141.0413
2026-12-02T16:19:00.000000000,2026-12-02T16:29:00.000000000,10,GRU,voc,497.0,210.4052,286.5948
2026-12-02T16:20:00.000000000,2026-12-02T16:30:00.000000000,10,GRU,pm1,23.0,23.0302,-0.0302
2026-12-02T16:20:00.000000000,2026-12-02T16:30:00.000000000,10,GRU,pm2_5,37.0,36.6712,0.3288
2026-12-02T16:20:00.000000000,2026-12-02T16:30:00.000000000,10,GRU,pm10,47.0,47.3535,-0.3535
2026-12-02T16:20:00.000000000,2026-12-02T16:30:00.000000000,10,GRU,co2,1662.0,1582.6411,79.3589
2026-12-02T16:20:00.000000000,2026-12-02T16:30:00.000000000,10,GRU,voc,496.0,198.9888,297.0112
2026-12-02T16:21:00.000000000,2026-12-02T16:31:00.000000000,10,GRU,pm1,23.0,23.0311,-0.0311
2026-12-02T16:21:00.000000000,2026-12-02T16:31:00.000000000,10,GRU,pm2_5,37.0,36.6781,0.3219
2026-12-02T16:21:00.000000000,2026-12-02T16:31:00.000000000,10,GRU,pm10,46.0,47.4299,-1.4299
2026-12-02T16:21:00.000000000,2026-12-02T16:31:00.000000000,10,GRU,co2,1671.0,1576.374,94.626
2026-12-02T16:21:00.000000000,2026-12-02T16:31:00.000000000,10,GRU,voc,495.0,189.0098,305.9902
2026-12-02T16:22:00.000000000,2026-12-02T16:32:00.000000000,10,GRU,pm1,23.0,22.8774,0.1226
2026-12-02T16:22:00.000000000,2026-12-02T16:32:00.000000000,10,GRU,pm2_5,37.0,36.5066,0.4934
2026-12-02T16:22:00.000000000,2026-12-02T16:32:00.000000000,10,GRU,pm10,47.0,47.208,-0.208
2026-12-02T16:22:00.000000000,2026-12-02T16:32:00.000000000,10,GRU,co2,1780.0,1612.0431,167.9569
2026-12-02T16:22:00.000000000,2026-12-02T16:32:00.000000000,10,GRU,voc,493.0,212.6405,280.3595
2026-12-02T16:23:00.000000000,2026-12-02T16:33:00.000000000,10,GRU,pm1,23.0,22.3406,0.6594
2026-12-02T16:23:00.000000000,2026-12-02T16:33:00.000000000,10,GRU,pm2_5,37.0,36.1959,0.8041
2026-12-02T16:23:00.000000000,2026-12-02T16:33:00.000000000,10,GRU,pm10,47.0,46.1952,0.8048
2026-12-02T16:23:00.000000000,2026-12-02T16:33:00.000000000,10,GRU,co2,1766.0,1703.5046,62.4954
2026-12-02T16:23:00.000000000,2026-12-02T16:33:00.000000000,10,GRU,voc,493.0,284.8457,208.1543
2026-12-02T16:24:00.000000000,2026-12-02T16:34:00.000000000,10,GRU,pm1,23.0,22.1956,0.8044
2026-12-02T16:24:00.000000000,2026-12-02T16:34:00.000000000,10,GRU,pm2_5,37.0,36.2731,0.7269
2026-12-02T16:24:00.000000000,2026-12-02T16:34:00.000000000,10,GRU,pm10,48.0,45.9012,2.0988
2026-12-02T16:24:00.000000000,2026-12-02T16:34:00.000000000,10,GRU,co2,1731.0,1757.1365,-26.1365
2026-12-02T16:24:00.000000000,2026-12-02T16:34:00.000000000,10,GRU,voc,493.0,360.0425,132.9575
2026-12-02T16:25:00.000000000,2026-12-02T16:36:00.000000000,10,GRU,pm1,23.0,22.1818,0.8182
2026-12-02T16:25:00.000000000,2026-12-02T16:36:00.000000000,10,GRU,pm2_5,38.0,36.2925,1.7075
2026-12-02T16:25:00.000000000,2026-12-02T16:36:00.000000000,10,GRU,pm10,47.0,45.727,1.273
2026-12-02T16:25:00.000000000,2026-12-02T16:36:00.000000000,10,GRU,co2,1648.0,1769.5726,-121.5726
2026-12-02T16:25:00.000000000,2026-12-02T16:36:00.000000000,10,GRU,voc,492.0,414.6876,77.3124
2026-12-02T16:26:00.000000000,2026-12-02T16:37:00.000000000,10,GRU,pm1,23.0,22.2519,0.7481
2026-12-02T16:26:00.000000000,2026-12-02T16:37:00.000000000,10,GRU,pm2_5,37.0,36.4334,0.5666
2026-12-02T16:26:00.000000000,2026-12-02T16:37:00.000000000,10,GRU,pm10,47.0,45.8496,1.1504
2026-12-02T16:26:00.000000000,2026-12-02T16:37:00.000000000,10,GRU,co2,1651.0,1765.7361,-114.7361
2026-12-02T16:26:00.000000000,2026-12-02T16:37:00.000000000,10,GRU,voc,492.0,450.0007,41.9993
2026-12-02T16:27:00.000000000,2026-12-02T16:38:00.000000000,10,GRU,pm1,23.0,22.3881,0.6119
2026-12-02T16:27:00.000000000,2026-12-02T16:38:00.000000000,10,GRU,pm2_5,37.0,36.6407,0.3593
2026-12-02T16:27:00.000000000,2026-12-02T16:38:00.000000000,10,GRU,pm10,48.0,46.1949,1.8051
2026-12-02T16:27:00.000000000,2026-12-02T16:38:00.000000000,10,GRU,co2,1611.0,1757.3589,-146.3589
2026-12-02T16:27:00.000000000,2026-12-02T16:38:00.000000000,10,GRU,voc,490.0,468.4382,21.5618
2026-12-02T16:28:00.000000000,2026-12-02T16:39:00.000000000,10,GRU,pm1,23.0,22.4706,0.5294
2026-12-02T16:28:00.000000000,2026-12-02T16:39:00.000000000,10,GRU,pm2_5,37.0,36.7134,0.2866
2026-12-02T16:28:00.000000000,2026-12-02T16:39:00.000000000,10,GRU,pm10,47.0,46.1677,0.8323
2026-12-02T16:28:00.000000000,2026-12-02T16:39:00.000000000,10,GRU,co2,1605.0,1736.5043,-131.5043
2026-12-02T16:28:00.000000000,2026-12-02T16:39:00.000000000,10,GRU,voc,481.0,467.6595,13.3405
2026-12-02T16:29:00.000000000,2026-12-02T16:40:00.000000000,10,GRU,pm1,23.0,22.614,0.386
2026-12-02T16:29:00.000000000,2026-12-02T16:40:00.000000000,10,GRU,pm2_5,37.0,36.8157,0.1843
2026-12-02T16:29:00.000000000,2026-12-02T16:40:00.000000000,10,GRU,pm10,47.0,46.4885,0.5115
2026-12-02T16:29:00.000000000,2026-12-02T16:40:00.000000000,10,GRU,co2,1666.0,1722.9946,-56.9946
2026-12-02T16:29:00.000000000,2026-12-02T16:40:00.000000000,10,GRU,voc,482.0,476.5289,5.4711
2026-12-02T16:30:00.000000000,2026-12-02T16:41:00.000000000,10,GRU,pm1,23.0,22.6301,0.3699
2026-12-02T16:30:00.000000000,2026-12-02T16:41:00.000000000,10,GRU,pm2_5,37.0,36.8389,0.1611
2026-12-02T16:30:00.000000000,2026-12-02T16:41:00.000000000,10,GRU,pm10,48.0,46.5395,1.4605
2026-12-02T16:30:00.000000000,2026-12-02T16:41:00.000000000,10,GRU,co2,1633.0,1714.5867,-81.5867
2026-12-02T16:30:00.000000000,2026-12-02T16:41:00.000000000,10,GRU,voc,477.0,490.7248,-13.7249
2026-12-02T16:31:00.000000000,2026-12-02T16:42:00.000000000,10,GRU,pm1,23.0,22.6279,0.3721
2026-12-02T16:31:00.000000000,2026-12-02T16:42:00.000000000,10,GRU,pm2_5,37.0,36.8181,0.1819
2026-12-02T16:31:00.000000000,2026-12-02T16:42:00.000000000,10,GRU,pm10,47.0,46.5023,0.4977
2026-12-02T16:31:00.000000000,2026-12-02T16:42:00.000000000,10,GRU,co2,1626.0,1703.4449,-77.4449
2026-12-02T16:31:00.000000000,2026-12-02T16:42:00.000000000,10,GRU,voc,471.0,502.7849,-31.7849
2026-12-02T16:32:00.000000000,2026-12-02T16:43:00.000000000,10,GRU,pm1,23.0,22.674,0.326
2026-12-02T16:32:00.000000000,2026-12-02T16:43:00.000000000,10,GRU,pm2_5,37.0,36.8476,0.1524
2026-12-02T16:32:00.000000000,2026-12-02T16:43:00.000000000,10,GRU,pm10,48.0,46.526,1.474
2026-12-02T16:32:00.000000000,2026-12-02T16:43:00.000000000,10,GRU,co2,1676.0,1694.941,-18.941
2026-12-02T16:32:00.000000000,2026-12-02T16:43:00.000000000,10,GRU,voc,472.0,505.8778,-33.8778
2026-12-02T16:33:00.000000000,2026-12-02T16:44:00.000000000,10,GRU,pm1,23.0,22.7177,0.2823
2026-12-02T16:33:00.000000000,2026-12-02T16:44:00.000000000,10,GRU,pm2_5,37.0,36.8833,0.1167
2026-12-02T16:33:00.000000000,2026-12-02T16:44:00.000000000,10,GRU,pm10,48.0,46.6273,1.3727
2026-12-02T16:33:00.000000000,2026-12-02T16:44:00.000000000,10,GRU,co2,1558.0,1677.8093,-119.8093
2026-12-02T16:33:00.000000000,2026-12-02T16:44:00.000000000,10,GRU,voc,466.0,508.1787,-42.1787
2026-12-02T16:34:00.000000000,2026-12-02T16:45:00.000000000,10,GRU,pm1,23.0,22.6546,0.3454
2026-12-02T16:34:00.000000000,2026-12-02T16:45:00.000000000,10,GRU,pm2_5,37.0,36.7098,0.2902
2026-12-02T16:34:00.000000000,2026-12-02T16:45:00.000000000,10,GRU,pm10,48.0,46.4303,1.5697
2026-12-02T16:34:00.000000000,2026-12-02T16:45:00.000000000,10,GRU,co2,1568.0,1657.2705,-89.2705
2026-12-02T16:34:00.000000000,2026-12-02T16:45:00.000000000,10,GRU,voc,454.0,510.8469,-56.8469
2026-12-02T16:36:00.000000000,2026-12-02T16:46:00.000000000,10,GRU,pm1,23.0,22.5564,0.4436
2026-12-02T16:36:00.000000000,2026-12-02T16:46:00.000000000,10,GRU,pm2_5,37.0,36.516,0.484
2026-12-02T16:36:00.000000000,2026-12-02T16:46:00.000000000,10,GRU,pm10,48.0,46.2209,1.7791
2026-12-02T16:36:00.000000000,2026-12-02T16:46:00.000000000,10,GRU,co2,1582.0,1622.9972,-40.9972
2026-12-02T16:36:00.000000000,2026-12-02T16:46:00.000000000,10,GRU,voc,438.0,511.2931,-73.2931
2026-12-02T16:37:00.000000000,2026-12-02T16:47:00.000000000,10,GRU,pm1,23.0,22.4925,0.5075
2026-12-02T16:37:00.000000000,2026-12-02T16:47:00.000000000,10,GRU,pm2_5,37.0,36.3023,0.6977
2026-12-02T16:37:00.000000000,2026-12-02T16:47:00.000000000,10,GRU,pm10,47.0,45.944,1.056
2026-12-02T16:37:00.000000000,2026-12-02T16:47:00.000000000,10,GRU,co2,1580.0,1593.1024,-13.1024
2026-12-02T16:37:00.000000000,2026-12-02T16:47:00.000000000,10,GRU,voc,416.0,502.7151,-86.7151
2026-12-02T16:38:00.000000000,2026-12-02T16:48:00.000000000,10,GRU,pm1,23.0,22.7607,0.2393
2026-12-02T16:38:00.000000000,2026-12-02T16:48:00.000000000,10,GRU,pm2_5,37.0,36.4842,0.5158
2026-12-02T16:38:00.000000000,2026-12-02T16:48:00.000000000,10,GRU,pm10,48.0,46.3279,1.6721
2026-12-02T16:38:00.000000000,2026-12-02T16:48:00.000000000,10,GRU,co2,1571.0,1525.5585,45.4415
2026-12-02T16:38:00.000000000,2026-12-02T16:48:00.000000000,10,GRU,voc,395.0,441.064,-46.064
2026-12-02T16:39:00.000000000,2026-12-02T16:49:00.000000000,10,GRU,pm1,23.0,22.7404,0.2596
2026-12-02T16:39:00.000000000,2026-12-02T16:49:00.000000000,10,GRU,pm2_5,36.0,36.084,-0.084
2026-12-02T16:39:00.000000000,2026-12-02T16:49:00.000000000,10,GRU,pm10,46.0,46.1023,-0.1023
2026-12-02T16:39:00.000000000,2026-12-02T16:49:00.000000000,10,GRU,co2,1562.0,1443.807,118.193
2026-12-02T16:39:00.000000000,2026-12-02T16:49:00.000000000,10,GRU,voc,385.0,347.7425,37.2575
2026-12-02T16:40:00.000000000,2026-12-02T16:50:00.000000000,10,GRU,pm1,23.0,22.8026,0.1974
2026-12-02T16:40:00.000000000,2026-12-02T16:50:00.000000000,10,GRU,pm2_5,37.0,35.9939,1.0061
2026-12-02T16:40:00.000000000,2026-12-02T16:50:00.000000000,10,GRU,pm10,47.0,46.2898,0.7102
2026-12-02T16:40:00.000000000,2026-12-02T16:50:00.000000000,10,GRU,co2,1484.0,1418.6495,65.3505
2026-12-02T16:40:00.000000000,2026-12-02T16:50:00.000000000,10,GRU,voc,364.0,316.658,47.342
2026-12-02T16:41:00.000000000,2026-12-02T16:51:00.000000000,10,GRU,pm1,23.0,22.893,0.107
2026-12-02T16:41:00.000000000,2026-12-02T16:51:00.000000000,10,GRU,pm2_5,37.0,36.1155,0.8845
2026-12-02T16:41:00.000000000,2026-12-02T16:51:00.000000000,10,GRU,pm10,47.0,46.5601,0.4399
2026-12-02T16:41:00.000000000,2026-12-02T16:51:00.000000000,10,GRU,co2,1460.0,1415.9543,44.0457
2026-12-02T16:41:00.000000000,2026-12-02T16:51:00.000000000,10,GRU,voc,342.0,313.5619,28.4381
2026-12-02T16:42:00.000000000,2026-12-02T16:52:00.000000000,10,GRU,pm1,23.0,22.9212,0.0788
2026-12-02T16:42:00.000000000,2026-12-02T16:52:00.000000000,10,GRU,pm2_5,37.0,36.1441,0.8559
2026-12-02T16:42:00.000000000,2026-12-02T16:52:00.000000000,10,GRU,pm10,47.0,46.662,0.338
2026-12-02T16:42:00.000000000,2026-12-02T16:52:00.000000000,10,GRU,co2,1528.0,1401.5123,126.4877
2026-12-02T16:42:00.000000000,2026-12-02T16:52:00.000000000,10,GRU,voc,325.0,311.6814,13.3186
2026-12-02T16:43:00.000000000,2026-12-02T16:53:00.000000000,10,GRU,pm1,23.0,22.932,0.068
2026-12-02T16:43:00.000000000,2026-12-02T16:53:00.000000000,10,GRU,pm2_5,37.0,36.1378,0.8622
2026-12-02T16:43:00.000000000,2026-12-02T16:53:00.000000000,10,GRU,pm10,47.0,46.6573,0.3427
2026-12-02T16:43:00.000000000,2026-12-02T16:53:00.000000000,10,GRU,co2,1587.0,1396.7549,190.2451
2026-12-02T16:43:00.000000000,2026-12-02T16:53:00.000000000,10,GRU,voc,309.0,309.5695,-0.5695
2026-12-02T16:44:00.000000000,2026-12-02T16:54:00.000000000,10,GRU,pm1,23.0,23.0393,-0.0393
2026-12-02T16:44:00.000000000,2026-12-02T16:54:00.000000000,10,GRU,pm2_5,36.0,36.3219,-0.3219
2026-12-02T16:44:00.000000000,2026-12-02T16:54:00.000000000,10,GRU,pm10,46.0,46.9262,-0.9262
2026-12-02T16:44:00.000000000,2026-12-02T16:54:00.000000000,10,GRU,co2,1566.0,1401.3307,164.6693
2026-12-02T16:44:00.000000000,2026-12-02T16:54:00.000000000,10,GRU,voc,300.0,304.2057,-4.2057
2026-12-02T16:45:00.000000000,2026-12-02T16:55:00.000000000,10,GRU,pm1,23.0,23.0567,-0.0567
2026-12-02T16:45:00.000000000,2026-12-02T16:55:00.000000000,10,GRU,pm2_5,37.0,36.3326,0.6674
2026-12-02T16:45:00.000000000,2026-12-02T16:55:00.000000000,10,GRU,pm10,48.0,47.0174,0.9826
2026-12-02T16:45:00.000000000,2026-12-02T16:55:00.000000000,10,GRU,co2,1579.0,1393.2107,185.7893
2026-12-02T16:45:00.000000000,2026-12-02T16:55:00.000000000,10,GRU,voc,290.0,306.1095,-16.1095
2026-12-02T16:46:00.000000000,2026-12-02T16:56:00.000000000,10,GRU,pm1,23.0,23.1159,-0.1159
2026-12-02T16:46:00.000000000,2026-12-02T16:56:00.000000000,10,GRU,pm2_5,36.0,36.4031,-0.4031
2026-12-02T16:46:00.000000000,2026-12-02T16:56:00.000000000,10,GRU,pm10,47.0,47.0882,-0.0882
2026-12-02T16:46:00.000000000,2026-12-02T16:56:00.000000000,10,GRU,co2,1549.0,1390.6075,158.3925
2026-12-02T16:46:00.000000000,2026-12-02T16:56:00.000000000,10,GRU,voc,280.0,300.0874,-20.0874
2026-12-02T16:47:00.000000000,2026-12-02T16:57:00.000000000,10,GRU,pm1,23.0,23.0878,-0.0878
2026-12-02T16:47:00.000000000,2026-12-02T16:57:00.000000000,10,GRU,pm2_5,37.0,36.35,0.65
2026-12-02T16:47:00.000000000,2026-12-02T16:57:00.000000000,10,GRU,pm10,47.0,47.0958,-0.0958
2026-12-02T16:47:00.000000000,2026-12-02T16:57:00.000000000,10,GRU,co2,1527.0,1368.3884,158.6116
2026-12-02T16:47:00.000000000,2026-12-02T16:57:00.000000000,10,GRU,voc,272.0,298.575,-26.575
2026-12-02T16:48:00.000000000,2026-12-02T16:58:00.000000000,10,GRU,pm1,23.0,23.1668,-0.1668
2026-12-02T16:48:00.000000000,2026-12-02T16:58:00.000000000,10,GRU,pm2_5,37.0,36.4675,0.5325
2026-12-02T16:48:00.000000000,2026-12-02T16:58:00.000000000,10,GRU,pm10,47.0,47.2896,-0.2896
2026-12-02T16:48:00.000000000,2026-12-02T16:58:00.000000000,10,GRU,co2,1472.0,1365.713,106.287
2026-12-02T16:48:00.000000000,2026-12-02T16:58:00.000000000,10,GRU,voc,260.0,290.9847,-30.9847
2026-12-02T16:49:00.000000000,2026-12-02T16:59:00.000000000,10,GRU,pm1,23.0,23.1215,-0.1215
2026-12-02T16:49:00.000000000,2026-12-02T16:59:00.000000000,10,GRU,pm2_5,37.0,36.414,0.586
2026-12-02T16:49:00.000000000,2026-12-02T16:59:00.000000000,10,GRU,pm10,47.0,47.2114,-0.2114
2026-12-02T16:49:00.000000000,2026-12-02T16:59:00.000000000,10,GRU,co2,1413.0,1350.462,62.538
2026-12-02T16:49:00.000000000,2026-12-02T16:59:00.000000000,10,GRU,voc,240.0,281.4781,-41.4781
2026-12-02T16:50:00.000000000,2026-12-02T17:00:00.000000000,10,GRU,pm1,23.0,23.0685,-0.0685
2026-12-02T16:50:00.000000000,2026-12-02T17:00:00.000000000,10,GRU,pm2_5,37.0,36.2875,0.7125
2026-12-02T16:50:00.000000000,2026-12-02T17:00:00.000000000,10,GRU,pm10,48.0,47.0152,0.9848
2026-12-02T16:50:00.000000000,2026-12-02T17:00:00.000000000,10,GRU,co2,1387.0,1339.0944,47.9056
2026-12-02T16:50:00.000000000,2026-12-02T17:00:00.000000000,10,GRU,voc,229.0,270.3512,-41.3512
2026-12-02T16:51:00.000000000,2026-12-02T17:01:00.000000000,10,GRU,pm1,23.0,23.0281,-0.0281
2026-12-02T16:51:00.000000000,2026-12-02T17:01:00.000000000,10,GRU,pm2_5,37.0,36.2388,0.7612
2026-12-02T16:51:00.000000000,2026-12-02T17:01:00.000000000,10,GRU,pm10,48.0,46.9255,1.0745
2026-12-02T16:51:00.000000000,2026-12-02T17:01:00.000000000,10,GRU,co2,1360.0,1325.3878,34.6122
2026-12-02T16:51:00.000000000,2026-12-02T17:01:00.000000000,10,GRU,voc,208.0,258.9131,-50.9131
2026-12-02T16:52:00.000000000,2026-12-02T17:02:00.000000000,10,GRU,pm1,23.0,23.0723,-0.0723
2026-12-02T16:52:00.000000000,2026-12-02T17:02:00.000000000,10,GRU,pm2_5,36.0,36.3126,-0.3126
2026-12-02T16:52:00.000000000,2026-12-02T17:02:00.000000000,10,GRU,pm10,47.0,47.0642,-0.0642
2026-12-02T16:52:00.000000000,2026-12-02T17:02:00.000000000,10,GRU,co2,1326.0,1308.2595,17.7405
2026-12-02T16:52:00.000000000,2026-12-02T17:02:00.000000000,10,GRU,voc,195.0,246.0108,-51.0108
2026-12-02T16:53:00.000000000,2026-12-02T17:03:00.000000000,10,GRU,pm1,23.0,23.1012,-0.1012
2026-12-02T16:53:00.000000000,2026-12-02T17:03:00.000000000,10,GRU,pm2_5,36.0,36.3832,-0.3832
2026-12-02T16:53:00.000000000,2026-12-02T17:03:00.000000000,10,GRU,pm10,47.0,47.127,-0.127
2026-12-02T16:53:00.000000000,2026-12-02T17:03:00.000000000,10,GRU,co2,1361.0,1308.9961,52.0039
2026-12-02T16:53:00.000000000,2026-12-02T17:03:00.000000000,10,GRU,voc,193.0,232.6267,-39.6267
2026-12-02T16:54:00.000000000,2026-12-02T17:04:00.000000000,10,GRU,pm1,23.0,23.108,-0.108
2026-12-02T16:54:00.000000000,2026-12-02T17:04:00.000000000,10,GRU,pm2_5,37.0,36.4027,0.5973
2026-12-02T16:54:00.000000000,2026-12-02T17:04:00.000000000,10,GRU,pm10,47.0,47.1687,-0.1687
2026-12-02T16:54:00.000000000,2026-12-02T17:04:00.000000000,10,GRU,co2,1329.0,1305.4529,23.5471
2026-12-02T16:54:00.000000000,2026-12-02T17:04:00.000000000,10,GRU,voc,182.0,219.4612,-37.4612
2026-12-02T16:55:00.000000000,2026-12-02T17:05:00.000000000,10,GRU,pm1,24.0,23.1186,0.8814
2026-12-02T16:55:00.000000000,2026-12-02T17:05:00.000000000,10,GRU,pm2_5,38.0,36.4022,1.5978
2026-12-02T16:55:00.000000000,2026-12-02T17:05:00.000000000,10,GRU,pm10,48.0,47.1856,0.8144
2026-12-02T16:55:00.000000000,2026-12-02T17:05:00.000000000,10,GRU,co2,1343.0,1305.0891,37.9109
2026-12-02T16:55:00.000000000,2026-12-02T17:05:00.000000000,10,GRU,voc,177.0,207.8646,-30.8646
2026-12-02T16:56:00.000000000,2026-12-02T17:06:00.000000000,10,GRU,pm1,24.0,23.1473,0.8527
2026-12-02T16:56:00.000000000,2026-12-02T17:06:00.000000000,10,GRU,pm2_5,38.0,36.4954,1.5046
2026-12-02T16:56:00.000000000,2026-12-02T17:06:00.000000000,10,GRU,pm10,49.0,47.3213,1.6787
2026-12-02T16:56:00.000000000,2026-12-02T17:06:00.000000000,10,GRU,co2,1351.0,1301.2073,49.7927
2026-12-02T16:56:00.000000000,2026-12-02T17:06:00.000000000,10,GRU,voc,168.0,194.6349,-26.6349
2026-12-02T16:57:00.000000000,2026-12-02T17:07:00.000000000,10,GRU,pm1,24.0,23.1214,0.8786
2026-12-02T16:57:00.000000000,2026-12-02T17:07:00.000000000,10,GRU,pm2_5,38.0,36.4303,1.5697
2026-12-02T16:57:00.000000000,2026-12-02T17:07:00.000000000,10,GRU,pm10,48.0,47.2324,0.7676
2026-12-02T16:57:00.000000000,2026-12-02T17:07:00.000000000,10,GRU,co2,1307.0,1299.9882,7.0118
2026-12-02T16:57:00.000000000,2026-12-02T17:07:00.000000000,10,GRU,voc,162.0,182.648,-20.648
2026-12-02T16:58:00.000000000,2026-12-02T17:08:00.000000000,10,GRU,pm1,24.0,23.2043,0.7957
2026-12-02T16:58:00.000000000,2026-12-02T17:08:00.000000000,10,GRU,pm2_5,38.0,36.5796,1.4204
2026-12-02T16:58:00.000000000,2026-12-02T17:08:00.000000000,10,GRU,pm10,48.0,47.4808,0.5192
2026-12-02T16:58:00.000000000,2026-12-02T17:08:00.000000000,10,GRU,co2,1328.0,1307.8219,20.1781
2026-12-02T16:58:00.000000000,2026-12-02T17:08:00.000000000,10,GRU,voc,153.0,173.1555,-20.1555
2026-12-02T16:59:00.000000000,2026-12-02T17:09:00.000000000,10,GRU,pm1,24.0,23.229,0.771
2026-12-02T16:59:00.000000000,2026-12-02T17:09:00.000000000,10,GRU,pm2_5,38.0,36.6144,1.3856
2026-12-02T16:59:00.000000000,2026-12-02T17:09:00.000000000,10,GRU,pm10,48.0,47.5218,0.4782
2026-12-02T16:59:00.000000000,2026-12-02T17:09:00.000000000,10,GRU,co2,1330.0,1312.2733,17.7267
2026-12-02T16:59:00.000000000,2026-12-02T17:09:00.000000000,10,GRU,voc,148.0,161.9476,-13.9476
2026-12-02T17:00:00.000000000,2026-12-02T17:10:00.000000000,10,GRU,pm1,24.0,23.2893,0.7107
2026-12-02T17:00:00.000000000,2026-12-02T17:10:00.000000000,10,GRU,pm2_5,38.0,36.7069,1.2931
2026-12-02T17:00:00.000000000,2026-12-02T17:10:00.000000000,10,GRU,pm10,49.0,47.6999,1.3001
2026-12-02T17:00:00.000000000,2026-12-02T17:10:00.000000000,10,GRU,co2,1290.0,1315.9364,-25.9364
2026-12-02T17:00:00.000000000,2026-12-02T17:10:00.000000000,10,GRU,voc,141.0,150.9976,-9.9976
2026-12-02T17:01:00.000000000,2026-12-02T17:11:00.000000000,10,GRU,pm1,24.0,23.3825,0.6175
2026-12-02T17:01:00.000000000,2026-12-02T17:11:00.000000000,10,GRU,pm2_5,38.0,36.867,1.133
2026-12-02T17:01:00.000000000,2026-12-02T17:11:00.000000000,10,GRU,pm10,49.0,48.0021,0.9979
2026-12-02T17:01:00.000000000,2026-12-02T17:11:00.000000000,10,GRU,co2,1294.0,1322.8391,-28.8391
2026-12-02T17:01:00.000000000,2026-12-02T17:11:00.000000000,10,GRU,voc,134.0,143.4965,-9.4965
2026-12-02T17:02:00.000000000,2026-12-02T17:12:00.000000000,10,GRU,pm1,24.0,23.4243,0.5757
2026-12-02T17:02:00.000000000,2026-12-02T17:12:00.000000000,10,GRU,pm2_5,38.0,36.9396,1.0604
2026-12-02T17:02:00.000000000,2026-12-02T17:12:00.000000000,10,GRU,pm10,48.0,48.1409,-0.1409
2026-12-02T17:02:00.000000000,2026-12-02T17:12:00.000000000,10,GRU,co2,1298.0,1325.0771,-27.0771
2026-12-02T17:02:00.000000000,2026-12-02T17:12:00.000000000,10,GRU,voc,127.0,136.8577,-9.8577
2026-12-02T17:03:00.000000000,2026-12-02T17:13:00.000000000,10,GRU,pm1,24.0,23.4576,0.5424
2026-12-02T17:03:00.000000000,2026-12-02T17:13:00.000000000,10,GRU,pm2_5,38.0,36.9745,1.0255
2026-12-02T17:03:00.000000000,2026-12-02T17:13:00.000000000,10,GRU,pm10,49.0,48.2108,0.7892
2026-12-02T17:03:00.000000000,2026-12-02T17:13:00.000000000,10,GRU,co2,1285.0,1328.6624,-43.6624
2026-12-02T17:03:00.000000000,2026-12-02T17:13:00.000000000,10,GRU,voc,124.0,131.4369,-7.4369
2026-12-02T17:04:00.000000000,2026-12-02T17:14:00.000000000,10,GRU,pm1,24.0,23.4227,0.5773
2026-12-02T17:04:00.000000000,2026-12-02T17:14:00.000000000,10,GRU,pm2_5,37.0,36.9131,0.0869
2026-12-02T17:04:00.000000000,2026-12-02T17:14:00.000000000,10,GRU,pm10,48.0,48.0968,-0.0968
2026-12-02T17:04:00.000000000,2026-12-02T17:14:00.000000000,10,GRU,co2,1308.0,1330.7974,-22.7974
2026-12-02T17:04:00.000000000,2026-12-02T17:14:00.000000000,10,GRU,voc,121.0,128.9508,-7.9508
2026-12-02T17:05:00.000000000,2026-12-02T17:15:00.000000000,10,GRU,pm1,24.0,23.4988,0.5012
2026-12-02T17:05:00.000000000,2026-12-02T17:15:00.000000000,10,GRU,pm2_5,38.0,37.075,0.925
2026-12-02T17:05:00.000000000,2026-12-02T17:15:00.000000000,10,GRU,pm10,48.0,48.3325,-0.3325
2026-12-02T17:05:00.000000000,2026-12-02T17:15:00.000000000,10,GRU,co2,1308.0,1341.7767,-33.7767
2026-12-02T17:05:00.000000000,2026-12-02T17:15:00.000000000,10,GRU,voc,120.0,124.3901,-4.3901
2026-12-02T17:06:00.000000000,2026-12-02T17:16:00.000000000,10,GRU,pm1,24.0,23.5334,0.4666
2026-12-02T17:06:00.000000000,2026-12-02T17:16:00.000000000,10,GRU,pm2_5,38.0,37.1408,0.8592
2026-12-02T17:06:00.000000000,2026-12-02T17:16:00.000000000,10,GRU,pm10,48.0,48.4384,-0.4384
2026-12-02T17:06:00.000000000,2026-12-02T17:16:00.000000000,10,GRU,co2,1309.0,1340.6683,-31.6683
2026-12-02T17:06:00.000000000,2026-12-02T17:16:00.000000000,10,GRU,voc,112.0,122.5396,-10.5396
2026-12-02T17:07:00.000000000,2026-12-02T17:17:00.000000000,10,GRU,pm1,24.0,23.5743,0.4257
2026-12-02T17:07:00.000000000,2026-12-02T17:17:00.000000000,10,GRU,pm2_5,38.0,37.2441,0.7559
2026-12-02T17:07:00.000000000,2026-12-02T17:17:00.000000000,10,GRU,pm10,48.0,48.6271,-0.6271
2026-12-02T17:07:00.000000000,2026-12-02T17:17:00.000000000,10,GRU,co2,1321.0,1346.1282,-25.1282
2026-12-02T17:07:00.000000000,2026-12-02T17:17:00.000000000,10,GRU,voc,109.0,122.3851,-13.3851
2026-12-02T17:08:00.000000000,2026-12-02T17:18:00.000000000,10,GRU,pm1,24.0,23.627,0.373
2026-12-02T17:08:00.000000000,2026-12-02T17:18:00.000000000,10,GRU,pm2_5,38.0,37.3068,0.6932
2026-12-02T17:08:00.000000000,2026-12-02T17:18:00.000000000,10,GRU,pm10,48.0,48.7768,-0.7768
2026-12-02T17:08:00.000000000,2026-12-02T17:18:00.000000000,10,GRU,co2,1300.0,1357.0953,-57.0953
2026-12-02T17:08:00.000000000,2026-12-02T17:18:00.000000000,10,GRU,voc,105.0,121.3033,-16.3033
2026-12-02T17:09:00.000000000,2026-12-02T17:19:00.000000000,10,GRU,pm1,24.0,23.6216,0.3784
2026-12-02T17:09:00.000000000,2026-12-02T17:19:00.000000000,10,GRU,pm2_5,38.0,37.2909,0.7091
2026-12-02T17:09:00.000000000,2026-12-02T17:19:00.000000000,10,GRU,pm10,47.0,48.7865,-1.7865
2026-12-02T17:09:00.000000000,2026-12-02T17:19:00.000000000,10,GRU,co2,1271.0,1358.7271,-87.7271
2026-12-02T17:09:00.000000000,2026-12-02T17:19:00.000000000,10,GRU,voc,100.0,118.4662,-18.4662
2026-12-02T17:10:00.000000000,2026-12-02T17:20:00.000000000,10,GRU,pm1,24.0,23.6385,0.3615
2026-12-02T17:10:00.000000000,2026-12-02T17:20:00.000000000,10,GRU,pm2_5,38.0,37.3203,0.6797
2026-12-02T17:10:00.000000000,2026-12-02T17:20:00.000000000,10,GRU,pm10,48.0,48.8419,-0.8419
2026-12-02T17:10:00.000000000,2026-12-02T17:20:00.000000000,10,GRU,co2,1304.0,1364.7021,-60.7021
2026-12-02T17:10:00.000000000,2026-12-02T17:20:00.000000000,10,GRU,voc,101.0,114.0255,-13.0255
2026-12-02T17:11:00.000000000,2026-12-02T17:21:00.000000000,10,GRU,pm1,23.0,23.5763,-0.5763
2026-12-02T17:11:00.000000000,2026-12-02T17:21:00.000000000,10,GRU,pm2_5,38.0,37.1856,0.8144
2026-12-02T17:11:00.000000000,2026-12-02T17:21:00.000000000,10,GRU,pm10,49.0,48.676,0.324
2026-12-02T17:11:00.000000000,2026-12-02T17:21:00.000000000,10,GRU,co2,1288.0,1347.194,-59.194
2026-12-02T17:11:00.000000000,2026-12-02T17:21:00.000000000,10,GRU,voc,100.0,110.1401,-10.1401
2026-12-02T17:12:00.000000000,2026-12-02T17:22:00.000000000,10,GRU,pm1,23.0,23.6074,-0.6074
2026-12-02T17:12:00.000000000,2026-12-02T17:22:00.000000000,10,GRU,pm2_5,38.0,37.237,0.763
2026-12-02T17:12:00.000000000,2026-12-02T17:22:00.000000000,10,GRU,pm10,48.0,48.7792,-0.7792
2026-12-02T17:12:00.000000000,2026-12-02T17:22:00.000000000,10,GRU,co2,1292.0,1346.233,-54.233
2026-12-02T17:12:00.000000000,2026-12-02T17:22:00.000000000,10,GRU,voc,98.0,107.1768,-9.1768
2026-12-02T17:13:00.000000000,2026-12-02T17:23:00.000000000,10,GRU,pm1,24.0,23.6407,0.3593
2026-12-02T17:13:00.000000000,2026-12-02T17:23:00.000000000,10,GRU,pm2_5,39.0,37.2322,1.7678
2026-12-02T17:13:00.000000000,2026-12-02T17:23:00.000000000,10,GRU,pm10,50.0,48.7829,1.2171
2026-12-02T17:13:00.000000000,2026-12-02T17:23:00.000000000,10,GRU,co2,1315.0,1337.767,-22.767
2026-12-02T17:13:00.000000000,2026-12-02T17:23:00.000000000,10,GRU,voc,95.0,104.4015,-9.4015
2026-12-02T17:14:00.000000000,2026-12-02T17:24:00.000000000,10,GRU,pm1,24.0,23.6679,0.3321
2026-12-02T17:14:00.000000000,2026-12-02T17:24:00.000000000,10,GRU,pm2_5,38.0,37.2754,0.7246
2026-12-02T17:14:00.000000000,2026-12-02T17:24:00.000000000,10,GRU,pm10,49.0,48.8375,0.1625
2026-12-02T17:14:00.000000000,2026-12-02T17:24:00.000000000,10,GRU,co2,1297.0,1333.2512,-36.2512
2026-12-02T17:14:00.000000000,2026-12-02T17:24:00.000000000,10,GRU,voc,90.0,103.7107,-13.7107
2026-12-02T17:15:00.000000000,2026-12-02T17:25:00.000000000,10,GRU,pm1,24.0,23.6613,0.3387
2026-12-02T17:15:00.000000000,2026-12-02T17:25:00.000000000,10,GRU,pm2_5,38.0,37.2302,0.7698
2026-12-02T17:15:00.000000000,2026-12-02T17:25:00.000000000,10,GRU,pm10,50.0,48.737,1.263
2026-12-02T17:15:00.000000000,2026-12-02T17:25:00.000000000,10,GRU,co2,1303.0,1335.0724,-32.0724
2026-12-02T17:15:00.000000000,2026-12-02T17:25:00.000000000,10,GRU,voc,87.0,106.2032,-19.2032
2026-12-02T17:16:00.000000000,2026-12-02T17:26:00.000000000,10,GRU,pm1,24.0,23.6278,0.3722
2026-12-02T17:16:00.000000000,2026-12-02T17:26:00.000000000,10,GRU,pm2_5,38.0,37.1794,0.8206
2026-12-02T17:16:00.000000000,2026-12-02T17:26:00.000000000,10,GRU,pm10,49.0,48.5931,0.4069
2026-12-02T17:16:00.000000000,2026-12-02T17:26:00.000000000,10,GRU,co2,1311.0,1337.8058,-26.8058
2026-12-02T17:16:00.000000000,2026-12-02T17:26:00.000000000,10,GRU,voc,84.0,109.318,-25.318
2026-12-02T17:17:00.000000000,2026-12-02T17:27:00.000000000,10,GRU,pm1,24.0,23.59,0.41
2026-12-02T17:17:00.000000000,2026-12-02T17:27:00.000000000,10,GRU,pm2_5,38.0,37.1328,0.8672
2026-12-02T17:17:00.000000000,2026-12-02T17:27:00.000000000,10,GRU,pm10,48.0,48.4976,-0.4976
2026-12-02T17:17:00.000000000,2026-12-02T17:27:00.000000000,10,GRU,co2,1266.0,1339.6187,-73.6187
2026-12-02T17:17:00.000000000,2026-12-02T17:27:00.000000000,10,GRU,voc,85.0,113.1719,-28.1719
2026-12-02T17:18:00.000000000,2026-12-02T17:28:00.000000000,10,GRU,pm1,24.0,23.5745,0.4255
2026-12-02T17:18:00.000000000,2026-12-02T17:28:00.000000000,10,GRU,pm2_5,38.0,37.1398,0.8602
2026-12-02T17:18:00.000000000,2026-12-02T17:28:00.000000000,10,GRU,pm10,48.0,48.467,-0.467
2026-12-02T17:18:00.000000000,2026-12-02T17:28:00.000000000,10,GRU,co2,1277.0,1349.2782,-72.2782
2026-12-02T17:18:00.000000000,2026-12-02T17:28:00.000000000,10,GRU,voc,83.0,115.1557,-32.1557
2026-12-02T17:19:00.000000000,2026-12-02T17:29:00.000000000,10,GRU,pm1,24.0,23.5567,0.4433
2026-12-02T17:19:00.000000000,2026-12-02T17:29:00.000000000,10,GRU,pm2_5,38.0,37.1014,0.8986
2026-12-02T17:19:00.000000000,2026-12-02T17:29:00.000000000,10,GRU,pm10,49.0,48.3979,0.6021
2026-12-02T17:19:00.000000000,2026-12-02T17:29:00.000000000,10,GRU,co2,1303.0,1350.4458,-47.4458
2026-12-02T17:19:00.000000000,2026-12-02T17:29:00.000000000,10,GRU,voc,80.0,113.54,-33.54
2026-12-02T17:20:00.000000000,2026-12-02T17:30:00.000000000,10,GRU,pm1,24.0,23.4899,0.5101
2026-12-02T17:20:00.000000000,2026-12-02T17:30:00.000000000,10,GRU,pm2_5,37.0,36.9481,0.0519
2026-12-02T17:20:00.000000000,2026-12-02T17:30:00.000000000,10,GRU,pm10,48.0,48.1583,-0.1583
2026-12-02T17:20:00.000000000,2026-12-02T17:30:00.000000000,10,GRU,co2,1328.0,1343.9066,-15.9066
2026-12-02T17:20:00.000000000,2026-12-02T17:30:00.000000000,10,GRU,voc,80.0,113.1076,-33.1076
2026-12-02T17:21:00.000000000,2026-12-02T17:31:00.000000000,10,GRU,pm1,24.0,23.3153,0.6847
2026-12-02T17:21:00.000000000,2026-12-02T17:31:00.000000000,10,GRU,pm2_5,38.0,36.6766,1.3234
2026-12-02T17:21:00.000000000,2026-12-02T17:31:00.000000000,10,GRU,pm10,48.0,47.7459,0.2541
2026-12-02T17:21:00.000000000,2026-12-02T17:31:00.000000000,10,GRU,co2,1267.0,1324.1416,-57.1416
2026-12-02T17:21:00.000000000,2026-12-02T17:31:00.000000000,10,GRU,voc,79.0,115.9373,-36.9373
2026-12-02T17:22:00.000000000,2026-12-02T17:32:00.000000000,10,GRU,pm1,24.0,23.1846,0.8154
2026-12-02T17:22:00.000000000,2026-12-02T17:32:00.000000000,10,GRU,pm2_5,38.0,36.4985,1.5015
2026-12-02T17:22:00.000000000,2026-12-02T17:32:00.000000000,10,GRU,pm10,49.0,47.4756,1.5244
2026-12-02T17:22:00.000000000,2026-12-02T17:32:00.000000000,10,GRU,co2,1245.0,1318.066,-73.066
2026-12-02T17:22:00.000000000,2026-12-02T17:32:00.000000000,10,GRU,voc,79.0,117.1365,-38.1365
2026-12-02T17:23:00.000000000,2026-12-02T17:33:00.000000000,10,GRU,pm1,24.0,23.1482,0.8518
2026-12-02T17:23:00.000000000,2026-12-02T17:33:00.000000000,10,GRU,pm2_5,38.0,36.4525,1.5475
2026-12-02T17:23:00.000000000,2026-12-02T17:33:00.000000000,10,GRU,pm10,49.0,47.369,1.631
2026-12-02T17:23:00.000000000,2026-12-02T17:33:00.000000000,10,GRU,co2,1258.0,1319.9698,-61.9698
2026-12-02T17:23:00.000000000,2026-12-02T17:33:00.000000000,10,GRU,voc,76.0,117.8573,-41.8573
2026-12-02T17:24:00.000000000,2026-12-02T17:34:00.000000000,10,GRU,pm1,24.0,23.1467,0.8533
2026-12-02T17:24:00.000000000,2026-12-02T17:34:00.000000000,10,GRU,pm2_5,39.0,36.5242,2.4758
2026-12-02T17:24:00.000000000,2026-12-02T17:34:00.000000000,10,GRU,pm10,49.0,47.4112,1.5888
2026-12-02T17:24:00.000000000,2026-12-02T17:34:00.000000000,10,GRU,co2,1265.0,1319.4385,-54.4385
2026-12-02T17:24:00.000000000,2026-12-02T17:34:00.000000000,10,GRU,voc,74.0,118.4741,-44.4741
2026-12-02T17:25:00.000000000,2026-12-02T17:35:00.000000000,10,GRU,pm1,24.0,23.1235,0.8765
2026-12-02T17:25:00.000000000,2026-12-02T17:35:00.000000000,10,GRU,pm2_5,38.0,36.4658,1.5342
2026-12-02T17:25:00.000000000,2026-12-02T17:35:00.000000000,10,GRU,pm10,49.0,47.2918,1.7082
2026-12-02T17:25:00.000000000,2026-12-02T17:35:00.000000000,10,GRU,co2,1275.0,1320.3167,-45.3167
2026-12-02T17:25:00.000000000,2026-12-02T17:35:00.000000000,10,GRU,voc,73.0,117.3982,-44.3982
2026-12-02T17:26:00.000000000,2026-12-02T17:36:00.000000000,10,GRU,pm1,24.0,23.0806,0.9194
2026-12-02T17:26:00.000000000,2026-12-02T17:36:00.000000000,10,GRU,pm2_5,39.0,36.401,2.599
2026-12-02T17:26:00.000000000,2026-12-02T17:36:00.000000000,10,GRU,pm10,50.0,47.1865,2.8135
2026-12-02T17:26:00.000000000,2026-12-02T17:36:00.000000000,10,GRU,co2,1276.0,1316.8981,-40.8981
2026-12-02T17:26:00.000000000,2026-12-02T17:36:00.000000000,10,GRU,voc,75.0,116.2864,-41.2864
2026-12-02T17:27:00.000000000,2026-12-02T17:37:00.000000000,10,GRU,pm1,24.0,23.067,0.933
2026-12-02T17:27:00.000000000,2026-12-02T17:37:00.000000000,10,GRU,pm2_5,39.0,36.3612,2.6388
2026-12-02T17:27:00.000000000,2026-12-02T17:37:00.000000000,10,GRU,pm10,49.0,47.1116,1.8884
2026-12-02T17:27:00.000000000,2026-12-02T17:37:00.000000000,10,GRU,co2,1271.0,1319.545,-48.545
2026-12-02T17:27:00.000000000,2026-12-02T17:37:00.000000000,10,GRU,voc,75.0,116.17,-41.17
2026-12-02T17:28:00.000000000,2026-12-02T17:38:00.000000000,10,GRU,pm1,23.0,23.0724,-0.0724
2026-12-02T17:28:00.000000000,2026-12-02T17:38:00.000000000,10,GRU,pm2_5,38.0,36.3564,1.6436
2026-12-02T17:28:00.000000000,2026-12-02T17:38:00.000000000,10,GRU,pm10,48.0,47.0661,0.9339
2026-12-02T17:28:00.000000000,2026-12-02T17:38:00.000000000,10,GRU,co2,1260.0,1325.0494,-65.0494
2026-12-02T17:28:00.000000000,2026-12-02T17:38:00.000000000,10,GRU,voc,75.0,116.4383,-41.4383
2026-12-02T17:29:00.000000000,2026-12-02T17:39:00.000000000,10,GRU,pm1,24.0,23.0107,0.9893
2026-12-02T17:29:00.000000000,2026-12-02T17:39:00.000000000,10,GRU,pm2_5,38.0,36.2521,1.7479
2026-12-02T17:29:00.000000000,2026-12-02T17:39:00.000000000,10,GRU,pm10,47.0,46.8633,0.1367
2026-12-02T17:29:00.000000000,2026-12-02T17:39:00.000000000,10,GRU,co2,1250.0,1325.4314,-75.4314
2026-12-02T17:29:00.000000000,2026-12-02T17:39:00.000000000,10,GRU,voc,74.0,115.9122,-41.9122
2026-12-02T17:30:00.000000000,2026-12-02T17:40:00.000000000,10,GRU,pm1,23.0,23.0331,-0.0331
2026-12-02T17:30:00.000000000,2026-12-02T17:40:00.000000000,10,GRU,pm2_5,36.0,36.3207,-0.3207
2026-12-02T17:30:00.000000000,2026-12-02T17:40:00.000000000,10,GRU,pm10,47.0,46.9905,0.0095
2026-12-02T17:30:00.000000000,2026-12-02T17:40:00.000000000,10,GRU,co2,1232.0,1330.1659,-98.1659
2026-12-02T17:30:00.000000000,2026-12-02T17:40:00.000000000,10,GRU,voc,76.0,114.6515,-38.6515
2026-12-02T17:31:00.000000000,2026-12-02T17:41:00.000000000,10,GRU,pm1,22.0,23.0137,-1.0137
2026-12-02T17:31:00.000000000,2026-12-02T17:41:00.000000000,10,GRU,pm2_5,36.0,36.2447,-0.2447
2026-12-02T17:31:00.000000000,2026-12-02T17:41:00.000000000,10,GRU,pm10,46.0,46.8684,-0.8684
2026-12-02T17:31:00.000000000,2026-12-02T17:41:00.000000000,10,GRU,co2,1170.0,1322.1615,-152.1615
2026-12-02T17:31:00.000000000,2026-12-02T17:41:00.000000000,10,GRU,voc,78.0,112.6773,-34.6773
2026-12-02T17:32:00.000000000,2026-12-02T17:42:00.000000000,10,GRU,pm1,21.0,22.991,-1.991
2026-12-02T17:32:00.000000000,2026-12-02T17:42:00.000000000,10,GRU,pm2_5,35.0,36.2111,-1.2111
2026-12-02T17:32:00.000000000,2026-12-02T17:42:00.000000000,10,GRU,pm10,45.0,46.7825,-1.7825
2026-12-02T17:32:00.000000000,2026-12-02T17:42:00.000000000,10,GRU,co2,1184.0,1323.9587,-139.9587
2026-12-02T17:32:00.000000000,2026-12-02T17:42:00.000000000,10,GRU,voc,79.0,114.2163,-35.2163
2026-12-02T17:33:00.000000000,2026-12-02T17:43:00.000000000,10,GRU,pm1,21.0,22.9907,-1.9907
2026-12-02T17:33:00.000000000,2026-12-02T17:43:00.000000000,10,GRU,pm2_5,34.0,36.2431,-2.2431
2026-12-02T17:33:00.000000000,2026-12-02T17:43:00.000000000,10,GRU,pm10,42.0,46.819,-4.819
2026-12-02T17:33:00.000000000,2026-12-02T17:43:00.000000000,10,GRU,co2,1215.0,1323.2134,-108.2134
2026-12-02T17:33:00.000000000,2026-12-02T17:43:00.000000000,10,GRU,voc,79.0,114.9025,-35.9025
2026-12-02T17:34:00.000000000,2026-12-02T17:44:00.000000000,10,GRU,pm1,21.0,22.9987,-1.9987
2026-12-02T17:34:00.000000000,2026-12-02T17:44:00.000000000,10,GRU,pm2_5,33.0,36.2615,-3.2615
2026-12-02T17:34:00.000000000,2026-12-02T17:44:00.000000000,10,GRU,pm10,43.0,46.8503,-3.8503
2026-12-02T17:34:00.000000000,2026-12-02T17:44:00.000000000,10,GRU,co2,1185.0,1323.7103,-138.7103
2026-12-02T17:34:00.000000000,2026-12-02T17:44:00.000000000,10,GRU,voc,76.0,115.0722,-39.0722
2026-12-02T17:35:00.000000000,2026-12-02T17:45:00.000000000,10,GRU,pm1,21.0,23.0407,-2.0407
2026-12-02T17:35:00.000000000,2026-12-02T17:45:00.000000000,10,GRU,pm2_5,33.0,36.3481,-3.3481
2026-12-02T17:35:00.000000000,2026-12-02T17:45:00.000000000,10,GRU,pm10,42.0,46.9706,-4.9706
2026-12-02T17:35:00.000000000,2026-12-02T17:45:00.000000000,10,GRU,co2,1137.0,1328.9268,-191.9268
2026-12-02T17:35:00.000000000,2026-12-02T17:45:00.000000000,10,GRU,voc,76.0,116.1577,-40.1577
2026-12-02T17:36:00.000000000,2026-12-02T17:46:00.000000000,10,GRU,pm1,21.0,23.0256,-2.0256
2026-12-02T17:36:00.000000000,2026-12-02T17:46:00.000000000,10,GRU,pm2_5,33.0,36.2984,-3.2984
2026-12-02T17:36:00.000000000,2026-12-02T17:46:00.000000000,10,GRU,pm10,42.0,46.8648,-4.8648
2026-12-02T17:36:00.000000000,2026-12-02T17:46:00.000000000,10,GRU,co2,1161.0,1329.35,-168.35
2026-12-02T17:36:00.000000000,2026-12-02T17:46:00.000000000,10,GRU,voc,76.0,114.7817,-38.7817
2026-12-02T17:37:00.000000000,2026-12-02T17:47:00.000000000,10,GRU,pm1,21.0,23.091,-2.091
2026-12-02T17:37:00.000000000,2026-12-02T17:47:00.000000000,10,GRU,pm2_5,33.0,36.403,-3.403
2026-12-02T17:37:00.000000000,2026-12-02T17:47:00.000000000,10,GRU,pm10,42.0,46.9905,-4.9905
2026-12-02T17:37:00.000000000,2026-12-02T17:47:00.000000000,10,GRU,co2,1108.0,1335.1741,-227.1741
2026-12-02T17:37:00.000000000,2026-12-02T17:47:00.000000000,10,GRU,voc,72.0,111.8024,-39.8024
2026-12-02T17:38:00.000000000,2026-12-02T17:48:00.000000000,10,GRU,pm1,21.0,23.1675,-2.1675
2026-12-02T17:38:00.000000000,2026-12-02T17:48:00.000000000,10,GRU,pm2_5,32.0,36.5083,-4.5083
2026-12-02T17:38:00.000000000,2026-12-02T17:48:00.000000000,10,GRU,pm10,41.0,47.1635,-6.1635
2026-12-02T17:38:00.000000000,2026-12-02T17:48:00.000000000,10,GRU,co2,1112.0,1343.564,-231.564
2026-12-02T17:38:00.000000000,2026-12-02T17:48:00.000000000,10,GRU,voc,71.0,113.2801,-42.2801
2026-12-02T17:39:00.000000000,2026-12-02T17:49:00.000000000,10,GRU,pm1,20.0,22.9669,-2.9669
2026-12-02T17:39:00.000000000,2026-12-02T17:49:00.000000000,10,GRU,pm2_5,33.0,36.1457,-3.1457
2026-12-02T17:39:00.000000000,2026-12-02T17:49:00.000000000,10,GRU,pm10,41.0,46.642,-5.642
2026-12-02T17:39:00.000000000,2026-12-02T17:49:00.000000000,10,GRU,co2,1092.0,1329.01,-237.01
2026-12-02T17:39:00.000000000,2026-12-02T17:49:00.000000000,10,GRU,voc,68.0,118.3516,-50.3516
2026-12-02T17:40:00.000000000,2026-12-02T17:50:00.000000000,10,GRU,pm1,21.0,22.9587,-1.9587
2026-12-02T17:40:00.000000000,2026-12-02T17:50:00.000000000,10,GRU,pm2_5,33.0,36.1401,-3.1401
2026-12-02T17:40:00.000000000,2026-12-02T17:50:00.000000000,10,GRU,pm10,42.0,46.582,-4.582
2026-12-02T17:40:00.000000000,2026-12-02T17:50:00.000000000,10,GRU,co2,1047.0,1339.4023,-292.4023
2026-12-02T17:40:00.000000000,2026-12-02T17:50:00.000000000,10,GRU,voc,67.0,118.5064,-51.5064
2026-12-02T17:41:00.000000000,2026-12-02T17:51:00.000000000,10,GRU,pm1,21.0,22.8561,-1.8561
2026-12-02T17:41:00.000000000,2026-12-02T17:51:00.000000000,10,GRU,pm2_5,33.0,35.9517,-2.9517
2026-12-02T17:41:00.000000000,2026-12-02T17:51:00.000000000,10,GRU,pm10,42.0,46.3045,-4.3045
2026-12-02T17:41:00.000000000,2026-12-02T17:51:00.000000000,10,GRU,co2,1039.0,1332.9381,-293.9381
2026-12-02T17:41:00.000000000,2026-12-02T17:51:00.000000000,10,GRU,voc,65.0,119.147,-54.147
2026-12-02T17:42:00.000000000,2026-12-02T17:52:00.000000000,10,GRU,pm1,20.0,22.8004,-2.8004
2026-12-02T17:42:00.000000000,2026-12-02T17:52:00.000000000,10,GRU,pm2_5,33.0,35.8422,-2.8422
2026-12-02T17:42:00.000000000,2026-12-02T17:52:00.000000000,10,GRU,pm10,41.0,46.1669,-5.1669
2026-12-02T17:42:00.000000000,2026-12-02T17:52:00.000000000,10,GRU,co2,1070.0,1328.2274,-258.2274
2026-12-02T17:42:00.000000000,2026-12-02T17:52:00.000000000,10,GRU,voc,66.0,121.3004,-55.3004
2026-12-02T17:43:00.000000000,2026-12-02T17:53:00.000000000,10,GRU,pm1,22.0,22.7169,-0.7169
2026-12-02T17:43:00.000000000,2026-12-02T17:53:00.000000000,10,GRU,pm2_5,35.0,35.6978,-0.6978
2026-12-02T17:43:00.000000000,2026-12-02T17:53:00.000000000,10,GRU,pm10,44.0,45.9513,-1.9513
2026-12-02T17:43:00.000000000,2026-12-02T17:53:00.000000000,10,GRU,co2,1044.0,1322.6333,-278.6333
2026-12-02T17:43:00.000000000,2026-12-02T17:53:00.000000000,10,GRU,voc,67.0,122.6064,-55.6064
2026-12-02T17:44:00.000000000,2026-12-02T17:54:00.000000000,10,GRU,pm1,22.0,22.5602,-0.5602
2026-12-02T17:44:00.000000000,2026-12-02T17:54:00.000000000,10,GRU,pm2_5,34.0,35.3961,-1.3961
2026-12-02T17:44:00.000000000,2026-12-02T17:54:00.000000000,10,GRU,pm10,43.0,45.4395,-2.4395
2026-12-02T17:44:00.000000000,2026-12-02T17:54:00.000000000,10,GRU,co2,1047.0,1320.2787,-273.2787
2026-12-02T17:44:00.000000000,2026-12-02T17:54:00.000000000,10,GRU,voc,65.0,123.7938,-58.7938
2026-12-02T17:45:00.000000000,2026-12-02T17:55:00.000000000,10,GRU,pm1,21.0,22.3397,-1.3397
2026-12-02T17:45:00.000000000,2026-12-02T17:55:00.000000000,10,GRU,pm2_5,34.0,35.0221,-1.0221
2026-12-02T17:45:00.000000000,2026-12-02T17:55:00.000000000,10,GRU,pm10,43.0,44.8337,-1.8337
2026-12-02T17:45:00.000000000,2026-12-02T17:55:00.000000000,10,GRU,co2,1077.0,1305.9508,-228.9508
2026-12-02T17:45:00.000000000,2026-12-02T17:55:00.000000000,10,GRU,voc,64.0,124.0612,-60.0612
2026-12-02T17:46:00.000000000,2026-12-02T17:56:00.000000000,10,GRU,pm1,21.0,22.1978,-1.1978
2026-12-02T17:46:00.000000000,2026-12-02T17:56:00.000000000,10,GRU,pm2_5,34.0,34.7793,-0.7793
2026-12-02T17:46:00.000000000,2026-12-02T17:56:00.000000000,10,GRU,pm10,43.0,44.4644,-1.4644
2026-12-02T17:46:00.000000000,2026-12-02T17:56:00.000000000,10,GRU,co2,1054.0,1304.8715,-250.8715
2026-12-02T17:46:00.000000000,2026-12-02T17:56:00.000000000,10,GRU,voc,65.0,122.886,-57.886
2026-12-02T17:47:00.000000000,2026-12-02T17:57:00.000000000,10,GRU,pm1,21.0,21.9998,-0.9998
2026-12-02T17:47:00.000000000,2026-12-02T17:57:00.000000000,10,GRU,pm2_5,34.0,34.428,-0.428
2026-12-02T17:47:00.000000000,2026-12-02T17:57:00.000000000,10,GRU,pm10,43.0,43.9119,-0.9119
2026-12-02T17:47:00.000000000,2026-12-02T17:57:00.000000000,10,GRU,co2,1036.0,1287.735,-251.735
2026-12-02T17:47:00.000000000,2026-12-02T17:57:00.000000000,10,GRU,voc,65.0,121.1029,-56.1029
2026-12-02T17:48:00.000000000,2026-12-02T17:58:00.000000000,10,GRU,pm1,20.0,21.7521,-1.7521
2026-12-02T17:48:00.000000000,2026-12-02T17:58:00.000000000,10,GRU,pm2_5,34.0,34.0043,-0.0043
2026-12-02T17:48:00.000000000,2026-12-02T17:58:00.000000000,10,GRU,pm10,42.0,43.2239,-1.2239
2026-12-02T17:48:00.000000000,2026-12-02T17:58:00.000000000,10,GRU,co2,1065.0,1278.5582,-213.5582
2026-12-02T17:48:00.000000000,2026-12-02T17:58:00.000000000,10,GRU,voc,65.0,118.8531,-53.8531
2026-12-02T17:49:00.000000000,2026-12-02T17:59:00.000000000,10,GRU,pm1,21.0,21.5329,-0.5329
2026-12-02T17:49:00.000000000,2026-12-02T17:59:00.000000000,10,GRU,pm2_5,33.0,33.6204,-0.6204
2026-12-02T17:49:00.000000000,2026-12-02T17:59:00.000000000,10,GRU,pm10,43.0,42.6248,0.3752
2026-12-02T17:49:00.000000000,2026-12-02T17:59:00.000000000,10,GRU,co2,1073.0,1271.1516,-198.1516
2026-12-02T17:49:00.000000000,2026-12-02T17:59:00.000000000,10,GRU,voc,68.0,115.9388,-47.9388
2026-12-02T17:50:00.000000000,2026-12-02T18:00:00.000000000,10,GRU,pm1,21.0,21.2693,-0.2693
2026-12-02T17:50:00.000000000,2026-12-02T18:00:00.000000000,10,GRU,pm2_5,32.0,33.1827,-1.1827
2026-12-02T17:50:00.000000000,2026-12-02T18:00:00.000000000,10,GRU,pm10,41.0,41.9608,-0.9608
2026-12-02T17:50:00.000000000,2026-12-02T18:00:00.000000000,10,GRU,co2,1078.0,1255.6006,-177.6006
2026-12-02T17:50:00.000000000,2026-12-02T18:00:00.000000000,10,GRU,voc,72.0,113.4666,-41.4666
2026-12-02T17:51:00.000000000,2026-12-02T18:01:00.000000000,10,GRU,pm1,21.0,21.0765,-0.0765
2026-12-02T17:51:00.000000000,2026-12-02T18:01:00.000000000,10,GRU,pm2_5,34.0,32.9083,1.0917
2026-12-02T17:51:00.000000000,2026-12-02T18:01:00.000000000,10,GRU,pm10,42.0,41.5114,0.4886
2026-12-02T17:51:00.000000000,2026-12-02T18:01:00.000000000,10,GRU,co2,1098.0,1260.6122,-162.6122
2026-12-02T17:51:00.000000000,2026-12-02T18:01:00.000000000,10,GRU,voc,71.0,108.3129,-37.3129
2026-12-02T17:52:00.000000000,2026-12-02T18:02:00.000000000,10,GRU,pm1,21.0,20.8231,0.1769
2026-12-02T17:52:00.000000000,2026-12-02T18:02:00.000000000,10,GRU,pm2_5,33.0,32.4819,0.5181
2026-12-02T17:52:00.000000000,2026-12-02T18:02:00.000000000,10,GRU,pm10,42.0,40.8686,1.1314
2026-12-02T17:52:00.000000000,2026-12-02T18:02:00.000000000,10,GRU,co2,1109.0,1243.0397,-134.0397
2026-12-02T17:52:00.000000000,2026-12-02T18:02:00.000000000,10,GRU,voc,71.0,100.7283,-29.7283
2026-12-02T17:53:00.000000000,2026-12-02T18:03:00.000000000,10,GRU,pm1,20.0,20.6705,-0.6705
2026-12-02T17:53:00.000000000,2026-12-02T18:03:00.000000000,10,GRU,pm2_5,32.0,32.2475,-0.2475
2026-12-02T17:53:00.000000000,2026-12-02T18:03:00.000000000,10,GRU,pm10,39.0,40.5659,-1.5659
2026-12-02T17:53:00.000000000,2026-12-02T18:03:00.000000000,10,GRU,co2,1117.0,1238.5383,-121.5383
2026-12-02T17:53:00.000000000,2026-12-02T18:03:00.000000000,10,GRU,voc,73.0,95.5409,-22.5409
2026-12-02T17:54:00.000000000,2026-12-02T18:04:00.000000000,10,GRU,pm1,21.0,20.8299,0.1701
2026-12-02T17:54:00.000000000,2026-12-02T18:04:00.000000000,10,GRU,pm2_5,32.0,32.6428,-0.6428
2026-12-02T17:54:00.000000000,2026-12-02T18:04:00.000000000,10,GRU,pm10,41.0,41.0781,-0.0781
2026-12-02T17:54:00.000000000,2026-12-02T18:04:00.000000000,10,GRU,co2,1127.0,1263.8916,-136.8916
2026-12-02T17:54:00.000000000,2026-12-02T18:04:00.000000000,10,GRU,voc,74.0,85.9827,-11.9827
2026-12-02T17:55:00.000000000,2026-12-02T18:05:00.000000000,10,GRU,pm1,20.0,20.8107,-0.8107
2026-12-02T17:55:00.000000000,2026-12-02T18:05:00.000000000,10,GRU,pm2_5,33.0,32.644,0.356
2026-12-02T17:55:00.000000000,2026-12-02T18:05:00.000000000,10,GRU,pm10,41.0,41.1745,-0.1745
2026-12-02T17:55:00.000000000,2026-12-02T18:05:00.000000000,10,GRU,co2,1117.0,1263.2491,-146.2491
2026-12-02T17:55:00.000000000,2026-12-02T18:05:00.000000000,10,GRU,voc,73.0,84.2144,-11.2144
2026-12-02T17:56:00.000000000,2026-12-02T18:06:00.000000000,10,GRU,pm1,20.0,20.9164,-0.9164
2026-12-02T17:56:00.000000000,2026-12-02T18:06:00.000000000,10,GRU,pm2_5,33.0,32.8475,0.1525
2026-12-02T17:56:00.000000000,2026-12-02T18:06:00.000000000,10,GRU,pm10,42.0,41.4923,0.5077
2026-12-02T17:56:00.000000000,2026-12-02T18:06:00.000000000,10,GRU,co2,1066.0,1287.6643,-221.6643
2026-12-02T17:56:00.000000000,2026-12-02T18:06:00.000000000,10,GRU,voc,75.0,76.1986,-1.1986
2026-12-02T17:57:00.000000000,2026-12-02T18:07:00.000000000,10,GRU,pm1,21.0,21.1164,-0.1164
2026-12-02T17:57:00.000000000,2026-12-02T18:07:00.000000000,10,GRU,pm2_5,32.0,33.1842,-1.1842
2026-12-02T17:57:00.000000000,2026-12-02T18:07:00.000000000,10,GRU,pm10,40.0,42.0044,-2.0044
2026-12-02T17:57:00.000000000,2026-12-02T18:07:00.000000000,10,GRU,co2,1051.0,1297.7959,-246.7959
2026-12-02T17:57:00.000000000,2026-12-02T18:07:00.000000000,10,GRU,voc,74.0,68.3638,5.6362
2026-12-02T17:58:00.000000000,2026-12-02T18:08:00.000000000,10,GRU,pm1,21.0,21.3686,-0.3686
2026-12-02T17:58:00.000000000,2026-12-02T18:08:00.000000000,10,GRU,pm2_5,34.0,33.6048,0.3952
2026-12-02T17:58:00.000000000,2026-12-02T18:08:00.000000000,10,GRU,pm10,42.0,42.6045,-0.6045
2026-12-02T17:58:00.000000000,2026-12-02T18:08:00.000000000,10,GRU,co2,1048.0,1314.9602,-266.9602
2026-12-02T17:58:00.000000000,2026-12-02T18:08:00.000000000,10,GRU,voc,70.0,63.4511,6.5489
2026-12-02T17:59:00.000000000,2026-12-02T18:09:00.000000000,10,GRU,pm1,21.0,21.5319,-0.5319
2026-12-02T17:59:00.000000000,2026-12-02T18:09:00.000000000,10,GRU,pm2_5,34.0,33.9101,0.0899
2026-12-02T17:59:00.000000000,2026-12-02T18:09:00.000000000,10,GRU,pm10,41.0,43.1357,-2.1357
2026-12-02T17:59:00.000000000,2026-12-02T18:09:00.000000000,10,GRU,co2,1034.0,1322.8837,-288.8837
2026-12-02T17:59:00.000000000,2026-12-02T18:09:00.000000000,10,GRU,voc,68.0,64.1952,3.8048
2026-12-02T18:00:00.000000000,2026-12-02T18:10:00.000000000,10,GRU,pm1,21.0,21.5803,-0.5803
2026-12-02T18:00:00.000000000,2026-12-02T18:10:00.000000000,10,GRU,pm2_5,34.0,33.9907,0.0093
2026-12-02T18:00:00.000000000,2026-12-02T18:10:00.000000000,10,GRU,pm10,42.0,43.2288,-1.2288
2026-12-02T18:00:00.000000000,2026-12-02T18:10:00.000000000,10,GRU,co2,1029.0,1328.8678,-299.8678
2026-12-02T18:00:00.000000000,2026-12-02T18:10:00.000000000,10,GRU,voc,71.0,64.3005,6.6995
2026-12-02T13:15:00.000000000,2026-12-02T13:27:00.000000000,10,LSTM_uni,pm1,16.0,16.9949,-0.9949
2026-12-02T13:15:00.000000000,2026-12-02T13:27:00.000000000,10,LSTM_uni,pm2_5,26.0,26.0321,-0.0321
2026-12-02T13:15:00.000000000,2026-12-02T13:27:00.000000000,10,LSTM_uni,pm10,32.0,31.248,0.752
2026-12-02T13:15:00.000000000,2026-12-02T13:27:00.000000000,10,LSTM_uni,co2,2790.0,2574.8181,215.1819
2026-12-02T13:15:00.000000000,2026-12-02T13:27:00.000000000,10,LSTM_uni,voc,114.0,91.6647,22.3353
2026-12-02T13:16:00.000000000,2026-12-02T13:28:00.000000000,10,LSTM_uni,pm1,17.0,16.9089,0.0911
2026-12-02T13:16:00.000000000,2026-12-02T13:28:00.000000000,10,LSTM_uni,pm2_5,27.0,26.4284,0.5716
2026-12-02T13:16:00.000000000,2026-12-02T13:28:00.000000000,10,LSTM_uni,pm10,31.0,31.396,-0.396
2026-12-02T13:16:00.000000000,2026-12-02T13:28:00.000000000,10,LSTM_uni,co2,2707.0,2496.2419,210.7581
2026-12-02T13:16:00.000000000,2026-12-02T13:28:00.000000000,10,LSTM_uni,voc,110.0,86.2342,23.7658
2026-12-02T13:17:00.000000000,2026-12-02T13:29:00.000000000,10,LSTM_uni,pm1,17.0,16.9709,0.0291
2026-12-02T13:17:00.000000000,2026-12-02T13:29:00.000000000,10,LSTM_uni,pm2_5,26.0,26.3602,-0.3602
2026-12-02T13:17:00.000000000,2026-12-02T13:29:00.000000000,10,LSTM_uni,pm10,31.0,31.2375,-0.2375
2026-12-02T13:17:00.000000000,2026-12-02T13:29:00.000000000,10,LSTM_uni,co2,2777.0,2469.2593,307.7407
2026-12-02T13:17:00.000000000,2026-12-02T13:29:00.000000000,10,LSTM_uni,voc,113.0,97.202,15.798
2026-12-02T13:18:00.000000000,2026-12-02T13:30:00.000000000,10,LSTM_uni,pm1,16.0,17.1666,-1.1666
2026-12-02T13:18:00.000000000,2026-12-02T13:30:00.000000000,10,LSTM_uni,pm2_5,26.0,26.3646,-0.3646
2026-12-02T13:18:00.000000000,2026-12-02T13:30:00.000000000,10,LSTM_uni,pm10,31.0,31.768,-0.768
2026-12-02T13:18:00.000000000,2026-12-02T13:30:00.000000000,10,LSTM_uni,co2,2766.0,2451.0439,314.9561
2026-12-02T13:18:00.000000000,2026-12-02T13:30:00.000000000,10,LSTM_uni,voc,108.0,87.5184,20.4815
2026-12-02T13:19:00.000000000,2026-12-02T13:31:00.000000000,10,LSTM_uni,pm1,16.0,17.2161,-1.2161
2026-12-02T13:19:00.000000000,2026-12-02T13:31:00.000000000,10,LSTM_uni,pm2_5,26.0,27.0231,-1.0231
2026-12-02T13:19:00.000000000,2026-12-02T13:31:00.000000000,10,LSTM_uni,pm10,30.0,32.76,-2.76
2026-12-02T13:19:00.000000000,2026-12-02T13:31:00.000000000,10,LSTM_uni,co2,2705.0,2392.5183,312.4817
2026-12-02T13:19:00.000000000,2026-12-02T13:31:00.000000000,10,LSTM_uni,voc,108.0,82.3519,25.6481
2026-12-02T13:21:00.000000000,2026-12-02T13:32:00.000000000,10,LSTM_uni,pm1,16.0,17.1255,-1.1255
2026-12-02T13:21:00.000000000,2026-12-02T13:32:00.000000000,10,LSTM_uni,pm2_5,25.0,26.6689,-1.6689
2026-12-02T13:21:00.000000000,2026-12-02T13:32:00.000000000,10,LSTM_uni,pm10,32.0,32.413,-0.413
2026-12-02T13:21:00.000000000,2026-12-02T13:32:00.000000000,10,LSTM_uni,co2,2767.0,2434.9165,332.0835
2026-12-02T13:21:00.000000000,2026-12-02T13:32:00.000000000,10,LSTM_uni,voc,107.0,93.0064,13.9936
2026-12-02T13:22:00.000000000,2026-12-02T13:33:00.000000000,10,LSTM_uni,pm1,17.0,17.0969,-0.0969
2026-12-02T13:22:00.000000000,2026-12-02T13:33:00.000000000,10,LSTM_uni,pm2_5,25.0,26.239,-1.239
2026-12-02T13:22:00.000000000,2026-12-02T13:33:00.000000000,10,LSTM_uni,pm10,33.0,31.8349,1.1651
2026-12-02T13:22:00.000000000,2026-12-02T13:33:00.000000000,10,LSTM_uni,co2,2759.0,2469.8977,289.1023
2026-12-02T13:22:00.000000000,2026-12-02T13:33:00.000000000,10,LSTM_uni,voc,114.0,86.3322,27.6678
2026-12-02T13:24:00.000000000,2026-12-02T13:34:00.000000000,10,LSTM_uni,pm1,16.0,17.0485,-1.0485
2026-12-02T13:24:00.000000000,2026-12-02T13:34:00.000000000,10,LSTM_uni,pm2_5,25.0,26.2898,-1.2898
2026-12-02T13:24:00.000000000,2026-12-02T13:34:00.000000000,10,LSTM_uni,pm10,30.0,31.5024,-1.5024
2026-12-02T13:24:00.000000000,2026-12-02T13:34:00.000000000,10,LSTM_uni,co2,2702.0,2475.8682,226.1318
2026-12-02T13:24:00.000000000,2026-12-02T13:34:00.000000000,10,LSTM_uni,voc,106.0,94.6171,11.3829
2026-12-02T13:25:00.000000000,2026-12-02T13:35:00.000000000,10,LSTM_uni,pm1,15.0,17.177,-2.177
2026-12-02T13:25:00.000000000,2026-12-02T13:35:00.000000000,10,LSTM_uni,pm2_5,24.0,26.284,-2.284
2026-12-02T13:25:00.000000000,2026-12-02T13:35:00.000000000,10,LSTM_uni,pm10,29.0,31.7493,-2.7493
2026-12-02T13:25:00.000000000,2026-12-02T13:35:00.000000000,10,LSTM_uni,co2,2611.0,2461.3599,149.6401
2026-12-02T13:25:00.000000000,2026-12-02T13:35:00.000000000,10,LSTM_uni,voc,106.0,85.5262,20.4738
2026-12-02T13:26:00.000000000,2026-12-02T13:36:00.000000000,10,LSTM_uni,pm1,16.0,17.0348,-1.0348
2026-12-02T13:26:00.000000000,2026-12-02T13:36:00.000000000,10,LSTM_uni,pm2_5,25.0,26.4564,-1.4564
2026-12-02T13:26:00.000000000,2026-12-02T13:36:00.000000000,10,LSTM_uni,pm10,30.0,31.3421,-1.3421
2026-12-02T13:26:00.000000000,2026-12-02T13:36:00.000000000,10,LSTM_uni,co2,2684.0,2448.801,235.199
2026-12-02T13:26:00.000000000,2026-12-02T13:36:00.000000000,10,LSTM_uni,voc,105.0,94.2833,10.7167
2026-12-02T13:27:00.000000000,2026-12-02T13:37:00.000000000,10,LSTM_uni,pm1,15.0,17.3325,-2.3325
2026-12-02T13:27:00.000000000,2026-12-02T13:37:00.000000000,10,LSTM_uni,pm2_5,25.0,26.9087,-1.9087
2026-12-02T13:27:00.000000000,2026-12-02T13:37:00.000000000,10,LSTM_uni,pm10,29.0,32.6583,-3.6583
2026-12-02T13:27:00.000000000,2026-12-02T13:37:00.000000000,10,LSTM_uni,co2,2639.0,2384.1526,254.8474
2026-12-02T13:27:00.000000000,2026-12-02T13:37:00.000000000,10,LSTM_uni,voc,106.0,78.7069,27.2931
2026-12-02T13:28:00.000000000,2026-12-02T13:38:00.000000000,10,LSTM_uni,pm1,16.0,17.0959,-1.0959
2026-12-02T13:28:00.000000000,2026-12-02T13:38:00.000000000,10,LSTM_uni,pm2_5,25.0,27.0139,-2.0139
2026-12-02T13:28:00.000000000,2026-12-02T13:38:00.000000000,10,LSTM_uni,pm10,31.0,32.1438,-1.1438
2026-12-02T13:28:00.000000000,2026-12-02T13:38:00.000000000,10,LSTM_uni,co2,2605.0,2386.248,218.752
2026-12-02T13:28:00.000000000,2026-12-02T13:38:00.000000000,10,LSTM_uni,voc,106.0,86.3205,19.6795
2026-12-02T13:29:00.000000000,2026-12-02T13:39:00.000000000,10,LSTM_uni,pm1,15.0,17.3507,-2.3507
2026-12-02T13:29:00.000000000,2026-12-02T13:39:00.000000000,10,LSTM_uni,pm2_5,25.0,27.1872,-2.1872
2026-12-02T13:29:00.000000000,2026-12-02T13:39:00.000000000,10,LSTM_uni,pm10,30.0,33.0211,-3.0211
2026-12-02T13:29:00.000000000,2026-12-02T13:39:00.000000000,10,LSTM_uni,co2,2602.0,2353.5215,248.4785
2026-12-02T13:29:00.000000000,2026-12-02T13:39:00.000000000,10,LSTM_uni,voc,106.0,78.1683,27.8317
2026-12-02T13:30:00.000000000,2026-12-02T13:40:00.000000000,10,LSTM_uni,pm1,15.0,17.2227,-2.2227
2026-12-02T13:30:00.000000000,2026-12-02T13:40:00.000000000,10,LSTM_uni,pm2_5,25.0,26.7705,-1.7705
2026-12-02T13:30:00.000000000,2026-12-02T13:40:00.000000000,10,LSTM_uni,pm10,28.0,32.3439,-4.3439
2026-12-02T13:30:00.000000000,2026-12-02T13:40:00.000000000,10,LSTM_uni,co2,2607.0,2402.4854,204.5146
2026-12-02T13:30:00.000000000,2026-12-02T13:40:00.000000000,10,LSTM_uni,voc,104.0,74.0844,29.9156
2026-12-02T13:31:00.000000000,2026-12-02T13:41:00.000000000,10,LSTM_uni,pm1,16.0,17.1116,-1.1116
2026-12-02T13:31:00.000000000,2026-12-02T13:41:00.000000000,10,LSTM_uni,pm2_5,25.0,26.7798,-1.7798
2026-12-02T13:31:00.000000000,2026-12-02T13:41:00.000000000,10,LSTM_uni,pm10,27.0,32.0266,-5.0266
2026-12-02T13:31:00.000000000,2026-12-02T13:41:00.000000000,10,LSTM_uni,co2,2541.0,2399.0762,141.9238
2026-12-02T13:31:00.000000000,2026-12-02T13:41:00.000000000,10,LSTM_uni,voc,102.0,83.0028,18.9971
2026-12-02T13:32:00.000000000,2026-12-02T13:42:00.000000000,10,LSTM_uni,pm1,16.0,17.2251,-1.2251
2026-12-02T13:32:00.000000000,2026-12-02T13:42:00.000000000,10,LSTM_uni,pm2_5,25.0,26.7209,-1.7209
2026-12-02T13:32:00.000000000,2026-12-02T13:42:00.000000000,10,LSTM_uni,pm10,29.0,31.9172,-2.9172
2026-12-02T13:32:00.000000000,2026-12-02T13:42:00.000000000,10,LSTM_uni,co2,2507.0,2395.1719,111.8281
2026-12-02T13:32:00.000000000,2026-12-02T13:42:00.000000000,10,LSTM_uni,voc,100.0,80.4335,19.5665
2026-12-02T13:33:00.000000000,2026-12-02T13:43:00.000000000,10,LSTM_uni,pm1,15.0,17.1255,-2.1255
2026-12-02T13:33:00.000000000,2026-12-02T13:43:00.000000000,10,LSTM_uni,pm2_5,24.0,26.5929,-2.5929
2026-12-02T13:33:00.000000000,2026-12-02T13:43:00.000000000,10,LSTM_uni,pm10,29.0,31.572,-2.572
2026-12-02T13:33:00.000000000,2026-12-02T13:43:00.000000000,10,LSTM_uni,co2,2581.0,2386.6733,194.3267
2026-12-02T13:33:00.000000000,2026-12-02T13:43:00.000000000,10,LSTM_uni,voc,101.0,76.8619,24.1381
2026-12-02T13:34:00.000000000,2026-12-02T13:44:00.000000000,10,LSTM_uni,pm1,15.0,17.257,-2.257
2026-12-02T13:34:00.000000000,2026-12-02T13:44:00.000000000,10,LSTM_uni,pm2_5,25.0,26.6557,-1.6557
2026-12-02T13:34:00.000000000,2026-12-02T13:44:00.000000000,10,LSTM_uni,pm10,30.0,32.0637,-2.0637
2026-12-02T13:34:00.000000000,2026-12-02T13:44:00.000000000,10,LSTM_uni,co2,2569.0,2366.6191,202.3809
2026-12-02T13:34:00.000000000,2026-12-02T13:44:00.000000000,10,LSTM_uni,voc,100.0,75.495,24.505
2026-12-02T13:35:00.000000000,2026-12-02T13:45:00.000000000,10,LSTM_uni,pm1,16.0,17.1587,-1.1587
2026-12-02T13:35:00.000000000,2026-12-02T13:45:00.000000000,10,LSTM_uni,pm2_5,25.0,26.4083,-1.4083
2026-12-02T13:35:00.000000000,2026-12-02T13:45:00.000000000,10,LSTM_uni,pm10,30.0,32.1128,-2.1128
2026-12-02T13:35:00.000000000,2026-12-02T13:45:00.000000000,10,LSTM_uni,co2,2532.0,2422.6528,109.3472
2026-12-02T13:35:00.000000000,2026-12-02T13:45:00.000000000,10,LSTM_uni,voc,97.0,89.663,7.337
2026-12-02T13:36:00.000000000,2026-12-02T13:46:00.000000000,10,LSTM_uni,pm1,17.0,17.0119,-0.0119
2026-12-02T13:36:00.000000000,2026-12-02T13:46:00.000000000,10,LSTM_uni,pm2_5,25.0,26.1338,-1.1338
2026-12-02T13:36:00.000000000,2026-12-02T13:46:00.000000000,10,LSTM_uni,pm10,31.0,31.1665,-0.1665
2026-12-02T13:36:00.000000000,2026-12-02T13:46:00.000000000,10,LSTM_uni,co2,2442.0,2447.0872,-5.0872
2026-12-02T13:36:00.000000000,2026-12-02T13:46:00.000000000,10,LSTM_uni,voc,96.0,92.7186,3.2814
2026-12-02T13:37:00.000000000,2026-12-02T13:47:00.000000000,10,LSTM_uni,pm1,16.0,17.281,-1.281
2026-12-02T13:37:00.000000000,2026-12-02T13:47:00.000000000,10,LSTM_uni,pm2_5,25.0,26.8579,-1.8579
2026-12-02T13:37:00.000000000,2026-12-02T13:47:00.000000000,10,LSTM_uni,pm10,31.0,32.1878,-1.1878
2026-12-02T13:37:00.000000000,2026-12-02T13:47:00.000000000,10,LSTM_uni,co2,2421.0,2363.2468,57.7532
2026-12-02T13:37:00.000000000,2026-12-02T13:47:00.000000000,10,LSTM_uni,voc,95.0,82.1633,12.8367
2026-12-02T13:38:00.000000000,2026-12-02T13:48:00.000000000,10,LSTM_uni,pm1,17.0,17.2237,-0.2237
2026-12-02T13:38:00.000000000,2026-12-02T13:48:00.000000000,10,LSTM_uni,pm2_5,25.0,26.7329,-1.7329
2026-12-02T13:38:00.000000000,2026-12-02T13:48:00.000000000,10,LSTM_uni,pm10,31.0,31.8307,-0.8307
2026-12-02T13:38:00.000000000,2026-12-02T13:48:00.000000000,10,LSTM_uni,co2,2463.0,2369.2981,93.7019
2026-12-02T13:38:00.000000000,2026-12-02T13:48:00.000000000,10,LSTM_uni,voc,96.0,93.349,2.651
2026-12-02T13:39:00.000000000,2026-12-02T13:49:00.000000000,10,LSTM_uni,pm1,16.0,17.2902,-1.2902
2026-12-02T13:39:00.000000000,2026-12-02T13:49:00.000000000,10,LSTM_uni,pm2_5,25.0,27.0109,-2.0109
2026-12-02T13:39:00.000000000,2026-12-02T13:49:00.000000000,10,LSTM_uni,pm10,29.0,32.2461,-3.2461
2026-12-02T13:39:00.000000000,2026-12-02T13:49:00.000000000,10,LSTM_uni,co2,2443.0,2316.7432,126.2568
2026-12-02T13:39:00.000000000,2026-12-02T13:49:00.000000000,10,LSTM_uni,voc,93.0,79.9172,13.0828
2026-12-02T13:40:00.000000000,2026-12-02T13:50:00.000000000,10,LSTM_uni,pm1,17.0,17.2679,-0.2679
2026-12-02T13:40:00.000000000,2026-12-02T13:50:00.000000000,10,LSTM_uni,pm2_5,25.0,26.8938,-1.8938
2026-12-02T13:40:00.000000000,2026-12-02T13:50:00.000000000,10,LSTM_uni,pm10,30.0,32.0448,-2.0448
2026-12-02T13:40:00.000000000,2026-12-02T13:50:00.000000000,10,LSTM_uni,co2,2403.0,2331.5042,71.4958
2026-12-02T13:40:00.000000000,2026-12-02T13:50:00.000000000,10,LSTM_uni,voc,96.0,91.1742,4.8258
2026-12-02T13:41:00.000000000,2026-12-02T13:51:00.000000000,10,LSTM_uni,pm1,16.0,17.288,-1.288
2026-12-02T13:41:00.000000000,2026-12-02T13:51:00.000000000,10,LSTM_uni,pm2_5,25.0,26.7921,-1.7921
2026-12-02T13:41:00.000000000,2026-12-02T13:51:00.000000000,10,LSTM_uni,pm10,32.0,32.1547,-0.1547
2026-12-02T13:41:00.000000000,2026-12-02T13:51:00.000000000,10,LSTM_uni,co2,2392.0,2341.3591,50.6409
2026-12-02T13:41:00.000000000,2026-12-02T13:51:00.000000000,10,LSTM_uni,voc,93.0,89.8184,3.1816
2026-12-02T13:42:00.000000000,2026-12-02T13:52:00.000000000,10,LSTM_uni,pm1,17.0,17.3438,-0.3438
2026-12-02T13:42:00.000000000,2026-12-02T13:52:00.000000000,10,LSTM_uni,pm2_5,26.0,26.8992,-0.8992
2026-12-02T13:42:00.000000000,2026-12-02T13:52:00.000000000,10,LSTM_uni,pm10,31.0,32.5042,-1.5042
2026-12-02T13:42:00.000000000,2026-12-02T13:52:00.000000000,10,LSTM_uni,co2,2238.0,2335.8198,-97.8198
2026-12-02T13:42:00.000000000,2026-12-02T13:52:00.000000000,10,LSTM_uni,voc,82.0,78.1461,3.8539
2026-12-02T13:43:00.000000000,2026-12-02T13:53:00.000000000,10,LSTM_uni,pm1,17.0,17.2695,-0.2695
2026-12-02T13:43:00.000000000,2026-12-02T13:53:00.000000000,10,LSTM_uni,pm2_5,26.0,27.2003,-1.2003
2026-12-02T13:43:00.000000000,2026-12-02T13:53:00.000000000,10,LSTM_uni,pm10,34.0,32.5172,1.4828
2026-12-02T13:43:00.000000000,2026-12-02T13:53:00.000000000,10,LSTM_uni,co2,2253.0,2292.7415,-39.7415
2026-12-02T13:43:00.000000000,2026-12-02T13:53:00.000000000,10,LSTM_uni,voc,83.0,76.9741,6.0259
2026-12-02T13:44:00.000000000,2026-12-02T13:54:00.000000000,10,LSTM_uni,pm1,17.0,17.2503,-0.2503
2026-12-02T13:44:00.000000000,2026-12-02T13:54:00.000000000,10,LSTM_uni,pm2_5,27.0,26.7919,0.2081
2026-12-02T13:44:00.000000000,2026-12-02T13:54:00.000000000,10,LSTM_uni,pm10,32.0,31.7965,0.2035
2026-12-02T13:44:00.000000000,2026-12-02T13:54:00.000000000,10,LSTM_uni,co2,2355.0,2301.125,53.875
2026-12-02T13:44:00.000000000,2026-12-02T13:54:00.000000000,10,LSTM_uni,voc,86.0,84.8988,1.1012
2026-12-02T13:45:00.000000000,2026-12-02T13:55:00.000000000,10,LSTM_uni,pm1,17.0,17.3808,-0.3808
2026-12-02T13:45:00.000000000,2026-12-02T13:55:00.000000000,10,LSTM_uni,pm2_5,26.0,27.4816,-1.4816
2026-12-02T13:45:00.000000000,2026-12-02T13:55:00.000000000,10,LSTM_uni,pm10,32.0,32.4825,-0.4825
2026-12-02T13:45:00.000000000,2026-12-02T13:55:00.000000000,10,LSTM_uni,co2,2314.0,2235.156,78.844
2026-12-02T13:45:00.000000000,2026-12-02T13:55:00.000000000,10,LSTM_uni,voc,86.0,86.4195,-0.4195
2026-12-02T13:46:00.000000000,2026-12-02T13:56:00.000000000,10,LSTM_uni,pm1,16.0,17.5219,-1.5219
2026-12-02T13:46:00.000000000,2026-12-02T13:56:00.000000000,10,LSTM_uni,pm2_5,26.0,27.4546,-1.4546
2026-12-02T13:46:00.000000000,2026-12-02T13:56:00.000000000,10,LSTM_uni,pm10,31.0,33.0286,-2.0286
2026-12-02T13:46:00.000000000,2026-12-02T13:56:00.000000000,10,LSTM_uni,co2,2291.0,2231.6487,59.3513
2026-12-02T13:46:00.000000000,2026-12-02T13:56:00.000000000,10,LSTM_uni,voc,86.0,77.6983,8.3017
2026-12-02T13:47:00.000000000,2026-12-02T13:57:00.000000000,10,LSTM_uni,pm1,17.0,17.5379,-0.5379
2026-12-02T13:47:00.000000000,2026-12-02T13:57:00.000000000,10,LSTM_uni,pm2_5,27.0,27.6038,-0.6038
2026-12-02T13:47:00.000000000,2026-12-02T13:57:00.000000000,10,LSTM_uni,pm10,34.0,33.5277,0.4723
2026-12-02T13:47:00.000000000,2026-12-02T13:57:00.000000000,10,LSTM_uni,co2,2161.0,2230.5269,-69.5269
2026-12-02T13:47:00.000000000,2026-12-02T13:57:00.000000000,10,LSTM_uni,voc,77.0,71.4178,5.5822
2026-12-02T13:48:00.000000000,2026-12-02T13:58:00.000000000,10,LSTM_uni,pm1,17.0,17.4306,-0.4306
2026-12-02T13:48:00.000000000,2026-12-02T13:58:00.000000000,10,LSTM_uni,pm2_5,27.0,27.5749,-0.5749
2026-12-02T13:48:00.000000000,2026-12-02T13:58:00.000000000,10,LSTM_uni,pm10,32.0,33.2438,-1.2438
2026-12-02T13:48:00.000000000,2026-12-02T13:58:00.000000000,10,LSTM_uni,co2,2078.0,2240.9724,-162.9724
2026-12-02T13:48:00.000000000,2026-12-02T13:58:00.000000000,10,LSTM_uni,voc,74.0,83.1533,-9.1533
2026-12-02T13:49:00.000000000,2026-12-02T13:59:00.000000000,10,LSTM_uni,pm1,17.0,17.6254,-0.6254
2026-12-02T13:49:00.000000000,2026-12-02T13:59:00.000000000,10,LSTM_uni,pm2_5,27.0,27.6632,-0.6632
2026-12-02T13:49:00.000000000,2026-12-02T13:59:00.000000000,10,LSTM_uni,pm10,35.0,33.7122,1.2878
2026-12-02T13:49:00.000000000,2026-12-02T13:59:00.000000000,10,LSTM_uni,co2,1963.0001,2218.2944,-255.2943
2026-12-02T13:49:00.000000000,2026-12-02T13:59:00.000000000,10,LSTM_uni,voc,64.0,73.4601,-9.4601
2026-12-02T13:50:00.000000000,2026-12-02T14:00:00.000000000,10,LSTM_uni,pm1,17.0,17.5694,-0.5694
2026-12-02T13:50:00.000000000,2026-12-02T14:00:00.000000000,10,LSTM_uni,pm2_5,29.0,27.5841,1.4159
2026-12-02T13:50:00.000000000,2026-12-02T14:00:00.000000000,10,LSTM_uni,pm10,35.0,33.4955,1.5045
2026-12-02T13:50:00.000000000,2026-12-02T14:00:00.000000000,10,LSTM_uni,co2,1903.0,2233.2131,-330.2131
2026-12-02T13:50:00.000000000,2026-12-02T14:00:00.000000000,10,LSTM_uni,voc,63.0,81.2744,-18.2744
2026-12-02T13:51:00.000000000,2026-12-02T14:01:00.000000000,10,LSTM_uni,pm1,18.0,17.6884,0.3116
2026-12-02T13:51:00.000000000,2026-12-02T14:01:00.000000000,10,LSTM_uni,pm2_5,28.0,27.814,0.186
2026-12-02T13:51:00.000000000,2026-12-02T14:01:00.000000000,10,LSTM_uni,pm10,36.0,33.8509,2.1491
2026-12-02T13:51:00.000000000,2026-12-02T14:01:00.000000000,10,LSTM_uni,co2,1892.0,2201.7581,-309.7581
2026-12-02T13:51:00.000000000,2026-12-02T14:01:00.000000000,10,LSTM_uni,voc,58.0,71.2204,-13.2204
2026-12-02T13:52:00.000000000,2026-12-02T14:02:00.000000000,10,LSTM_uni,pm1,18.0,17.6138,0.3862
2026-12-02T13:52:00.000000000,2026-12-02T14:02:00.000000000,10,LSTM_uni,pm2_5,28.0,28.0829,-0.0829
2026-12-02T13:52:00.000000000,2026-12-02T14:02:00.000000000,10,LSTM_uni,pm10,35.0,33.5419,1.4581
2026-12-02T13:52:00.000000000,2026-12-02T14:02:00.000000000,10,LSTM_uni,co2,1786.0,2169.4873,-383.4873
2026-12-02T13:52:00.000000000,2026-12-02T14:02:00.000000000,10,LSTM_uni,voc,56.0,78.7397,-22.7397
2026-12-02T13:53:00.000000000,2026-12-02T14:03:00.000000000,10,LSTM_uni,pm1,18.0,17.9411,0.0589
2026-12-02T13:53:00.000000000,2026-12-02T14:03:00.000000000,10,LSTM_uni,pm2_5,29.0,28.4434,0.5566
2026-12-02T13:53:00.000000000,2026-12-02T14:03:00.000000000,10,LSTM_uni,pm10,37.0,34.7207,2.2793
2026-12-02T13:53:00.000000000,2026-12-02T14:03:00.000000000,10,LSTM_uni,co2,1773.0,2124.0693,-351.0693
2026-12-02T13:53:00.000000000,2026-12-02T14:03:00.000000000,10,LSTM_uni,voc,53.0,70.0957,-17.0957
2026-12-02T13:54:00.000000000,2026-12-02T14:04:00.000000000,10,LSTM_uni,pm1,18.0,17.8938,0.1062
2026-12-02T13:54:00.000000000,2026-12-02T14:04:00.000000000,10,LSTM_uni,pm2_5,30.0,28.8488,1.1512
2026-12-02T13:54:00.000000000,2026-12-02T14:04:00.000000000,10,LSTM_uni,pm10,37.0,34.7928,2.2072
2026-12-02T13:54:00.000000000,2026-12-02T14:04:00.000000000,10,LSTM_uni,co2,1668.0,2097.4685,-429.4685
2026-12-02T13:54:00.000000000,2026-12-02T14:04:00.000000000,10,LSTM_uni,voc,50.0,68.8414,-18.8414
2026-12-02T13:55:00.000000000,2026-12-02T14:05:00.000000000,10,LSTM_uni,pm1,18.0,18.1526,-0.1526
2026-12-02T13:55:00.000000000,2026-12-02T14:05:00.000000000,10,LSTM_uni,pm2_5,29.0,28.8395,0.1605
2026-12-02T13:55:00.000000000,2026-12-02T14:05:00.000000000,10,LSTM_uni,pm10,37.0,35.4393,1.5607
2026-12-02T13:55:00.000000000,2026-12-02T14:05:00.000000000,10,LSTM_uni,co2,1692.0,2080.6599,-388.6599
2026-12-02T13:55:00.000000000,2026-12-02T14:05:00.000000000,10,LSTM_uni,voc,48.0,72.1365,-24.1365
2026-12-02T13:56:00.000000000,2026-12-02T14:06:00.000000000,10,LSTM_uni,pm1,19.0,18.0282,0.9718
2026-12-02T13:56:00.000000000,2026-12-02T14:06:00.000000000,10,LSTM_uni,pm2_5,30.0,28.5006,1.4994
2026-12-02T13:56:00.000000000,2026-12-02T14:06:00.000000000,10,LSTM_uni,pm10,38.0,34.8718,3.1282
2026-12-02T13:56:00.000000000,2026-12-02T14:06:00.000000000,10,LSTM_uni,co2,1565.0,2109.6799,-544.6799
2026-12-02T13:56:00.000000000,2026-12-02T14:06:00.000000000,10,LSTM_uni,voc,47.0,65.0998,-18.0998
2026-12-02T13:57:00.000000000,2026-12-02T14:07:00.000000000,10,LSTM_uni,pm1,19.0,17.9958,1.0042
2026-12-02T13:57:00.000000000,2026-12-02T14:07:00.000000000,10,LSTM_uni,pm2_5,30.0,28.421,1.579
2026-12-02T13:57:00.000000000,2026-12-02T14:07:00.000000000,10,LSTM_uni,pm10,38.0,34.5969,3.4031
2026-12-02T13:57:00.000000000,2026-12-02T14:07:00.000000000,10,LSTM_uni,co2,1606.0,2107.6877,-501.6877
2026-12-02T13:57:00.000000000,2026-12-02T14:07:00.000000000,10,LSTM_uni,voc,47.0,71.5842,-24.5842
2026-12-02T13:58:00.000000000,2026-12-02T14:08:00.000000000,10,LSTM_uni,pm1,20.0,18.215,1.785
2026-12-02T13:58:00.000000000,2026-12-02T14:08:00.000000000,10,LSTM_uni,pm2_5,32.0,29.3195,2.6805
2026-12-02T13:58:00.000000000,2026-12-02T14:08:00.000000000,10,LSTM_uni,pm10,40.0,35.7727,4.2273
2026-12-02T13:58:00.000000000,2026-12-02T14:08:00.000000000,10,LSTM_uni,co2,1624.0,2028.7533,-404.7533
2026-12-02T13:58:00.000000000,2026-12-02T14:08:00.000000000,10,LSTM_uni,voc,47.0,62.7306,-15.7306
2026-12-02T13:59:00.000000000,2026-12-02T14:09:00.000000000,10,LSTM_uni,pm1,20.0,18.3761,1.6239
2026-12-02T13:59:00.000000000,2026-12-02T14:09:00.000000000,10,LSTM_uni,pm2_5,32.0,29.0927,2.9073
2026-12-02T13:59:00.000000000,2026-12-02T14:09:00.000000000,10,LSTM_uni,pm10,40.0,35.7203,4.2797
2026-12-02T13:59:00.000000000,2026-12-02T14:09:00.000000000,10,LSTM_uni,co2,1629.0,2032.8625,-403.8625
2026-12-02T13:59:00.000000000,2026-12-02T14:09:00.000000000,10,LSTM_uni,voc,45.0,59.6556,-14.6556
2026-12-02T14:00:00.000000000,2026-12-02T14:10:00.000000000,10,LSTM_uni,pm1,20.0,18.2899,1.7101
2026-12-02T14:00:00.000000000,2026-12-02T14:10:00.000000000,10,LSTM_uni,pm2_5,32.0,29.6201,2.3799
2026-12-02T14:00:00.000000000,2026-12-02T14:10:00.000000000,10,LSTM_uni,pm10,41.0,36.0314,4.9686
2026-12-02T14:00:00.000000000,2026-12-02T14:10:00.000000000,10,LSTM_uni,co2,1688.0,1991.6451,-303.6451
2026-12-02T14:00:00.000000000,2026-12-02T14:10:00.000000000,10,LSTM_uni,voc,46.0,57.5125,-11.5125
2026-12-02T14:01:00.000000000,2026-12-02T14:11:00.000000000,10,LSTM_uni,pm1,20.0,18.7281,1.2719
2026-12-02T14:01:00.000000000,2026-12-02T14:11:00.000000000,10,LSTM_uni,pm2_5,32.0,30.4193,1.5807
2026-12-02T14:01:00.000000000,2026-12-02T14:11:00.000000000,10,LSTM_uni,pm10,41.0,37.3327,3.6673
2026-12-02T14:01:00.000000000,2026-12-02T14:11:00.000000000,10,LSTM_uni,co2,1717.0,1906.1306,-189.1306
2026-12-02T14:01:00.000000000,2026-12-02T14:11:00.000000000,10,LSTM_uni,voc,51.0,59.479,-8.479
2026-12-02T14:02:00.000000000,2026-12-02T14:12:00.000000000,10,LSTM_uni,pm1,20.0,18.8984,1.1016
2026-12-02T14:02:00.000000000,2026-12-02T14:12:00.000000000,10,LSTM_uni,pm2_5,31.0,30.256,0.744
2026-12-02T14:02:00.000000000,2026-12-02T14:12:00.000000000,10,LSTM_uni,pm10,39.0,37.3701,1.6299
2026-12-02T14:02:00.000000000,2026-12-02T14:12:00.000000000,10,LSTM_uni,co2,1775.0,1893.7223,-118.7223
2026-12-02T14:02:00.000000000,2026-12-02T14:12:00.000000000,10,LSTM_uni,voc,54.0,44.929,9.071
2026-12-02T14:03:00.000000000,2026-12-02T14:13:00.000000000,10,LSTM_uni,pm1,20.0,19.0119,0.9881
2026-12-02T14:03:00.000000000,2026-12-02T14:13:00.000000000,10,LSTM_uni,pm2_5,30.0,30.3489,-0.3489
2026-12-02T14:03:00.000000000,2026-12-02T14:13:00.000000000,10,LSTM_uni,pm10,38.0,37.8122,0.1878
2026-12-02T14:03:00.000000000,2026-12-02T14:13:00.000000000,10,LSTM_uni,co2,1752.0,1883.1165,-131.1165
2026-12-02T14:03:00.000000000,2026-12-02T14:13:00.000000000,10,LSTM_uni,voc,55.0,41.6535,13.3465
2026-12-02T14:04:00.000000000,2026-12-02T14:14:00.000000000,10,LSTM_uni,pm1,18.0,19.174,-1.174
2026-12-02T14:04:00.000000000,2026-12-02T14:14:00.000000000,10,LSTM_uni,pm2_5,29.0,31.1397,-2.1397
2026-12-02T14:04:00.000000000,2026-12-02T14:14:00.000000000,10,LSTM_uni,pm10,36.0,38.8124,-2.8124
2026-12-02T14:04:00.000000000,2026-12-02T14:14:00.000000000,10,LSTM_uni,co2,1730.0,1842.528,-112.528
2026-12-02T14:04:00.000000000,2026-12-02T14:14:00.000000000,10,LSTM_uni,voc,55.0,46.8647,8.1353
2026-12-02T14:05:00.000000000,2026-12-02T14:15:00.000000000,10,LSTM_uni,pm1,20.0,19.5578,0.4422
2026-12-02T14:05:00.000000000,2026-12-02T14:15:00.000000000,10,LSTM_uni,pm2_5,32.0,31.7245,0.2755
2026-12-02T14:05:00.000000000,2026-12-02T14:15:00.000000000,10,LSTM_uni,pm10,40.0,39.471,0.529
2026-12-02T14:05:00.000000000,2026-12-02T14:15:00.000000000,10,LSTM_uni,co2,1735.0,1780.6239,-45.6239
2026-12-02T14:05:00.000000000,2026-12-02T14:15:00.000000000,10,LSTM_uni,voc,50.0,42.6244,7.3756
2026-12-02T14:06:00.000000000,2026-12-02T14:16:00.000000000,10,LSTM_uni,pm1,22.0,19.6883,2.3117
2026-12-02T14:06:00.000000000,2026-12-02T14:16:00.000000000,10,LSTM_uni,pm2_5,35.0,31.5116,3.4884
2026-12-02T14:06:00.000000000,2026-12-02T14:16:00.000000000,10,LSTM_uni,pm10,45.0,39.1855,5.8145
2026-12-02T14:06:00.000000000,2026-12-02T14:16:00.000000000,10,LSTM_uni,co2,1719.0,1780.8523,-61.8523
2026-12-02T14:06:00.000000000,2026-12-02T14:16:00.000000000,10,LSTM_uni,voc,46.0,35.6771,10.3229
2026-12-02T14:07:00.000000000,2026-12-02T14:17:00.000000000,10,LSTM_uni,pm1,23.0,19.9906,3.0094
2026-12-02T14:07:00.000000000,2026-12-02T14:17:00.000000000,10,LSTM_uni,pm2_5,36.0,32.202,3.798
2026-12-02T14:07:00.000000000,2026-12-02T14:17:00.000000000,10,LSTM_uni,pm10,47.0,40.7589,6.2411
2026-12-02T14:07:00.000000000,2026-12-02T14:17:00.000000000,10,LSTM_uni,co2,1734.0,1745.5563,-11.5563
2026-12-02T14:07:00.000000000,2026-12-02T14:17:00.000000000,10,LSTM_uni,voc,41.0,31.3473,9.6527
2026-12-02T14:08:00.000000000,2026-12-02T14:18:00.000000000,10,LSTM_uni,pm1,23.0,20.1263,2.8737
2026-12-02T14:08:00.000000000,2026-12-02T14:18:00.000000000,10,LSTM_uni,pm2_5,36.0,32.3542,3.6458
2026-12-02T14:08:00.000000000,2026-12-02T14:18:00.000000000,10,LSTM_uni,pm10,47.0,40.6849,6.3151
2026-12-02T14:08:00.000000000,2026-12-02T14:18:00.000000000,10,LSTM_uni,co2,1756.0,1737.8445,18.1555
2026-12-02T14:08:00.000000000,2026-12-02T14:18:00.000000000,10,LSTM_uni,voc,38.0,29.748,8.252
2026-12-02T14:09:00.000000000,2026-12-02T14:19:00.000000000,10,LSTM_uni,pm1,22.0,20.4473,1.5527
2026-12-02T14:09:00.000000000,2026-12-02T14:19:00.000000000,10,LSTM_uni,pm2_5,36.0,33.314,2.686
2026-12-02T14:09:00.000000000,2026-12-02T14:19:00.000000000,10,LSTM_uni,pm10,47.0,42.6574,4.3426
2026-12-02T14:09:00.000000000,2026-12-02T14:19:00.000000000,10,LSTM_uni,co2,1699.0,1711.8611,-12.8611
2026-12-02T14:09:00.000000000,2026-12-02T14:19:00.000000000,10,LSTM_uni,voc,37.0,30.3117,6.6883
2026-12-02T14:10:00.000000000,2026-12-02T14:20:00.000000000,10,LSTM_uni,pm1,23.0,20.7154,2.2846
2026-12-02T14:10:00.000000000,2026-12-02T14:20:00.000000000,10,LSTM_uni,pm2_5,36.0,33.4965,2.5035
2026-12-02T14:10:00.000000000,2026-12-02T14:20:00.000000000,10,LSTM_uni,pm10,46.0,42.443,3.557
2026-12-02T14:10:00.000000000,2026-12-02T14:20:00.000000000,10,LSTM_uni,co2,1670.0,1718.8893,-48.8893
2026-12-02T14:10:00.000000000,2026-12-02T14:20:00.000000000,10,LSTM_uni,voc,36.0,22.2315,13.7685
2026-12-02T14:11:00.000000000,2026-12-02T14:21:00.000000000,10,LSTM_uni,pm1,23.0,20.8635,2.1365
2026-12-02T14:11:00.000000000,2026-12-02T14:21:00.000000000,10,LSTM_uni,pm2_5,36.0,33.6439,2.3561
2026-12-02T14:11:00.000000000,2026-12-02T14:21:00.000000000,10,LSTM_uni,pm10,46.0,42.9217,3.0783
2026-12-02T14:11:00.000000000,2026-12-02T14:21:00.000000000,10,LSTM_uni,co2,1679.0,1743.2131,-64.2131
2026-12-02T14:11:00.000000000,2026-12-02T14:21:00.000000000,10,LSTM_uni,voc,36.0,23.6078,12.3922
2026-12-02T14:12:00.000000000,2026-12-02T14:22:00.000000000,10,LSTM_uni,pm1,24.0,21.052,2.948
2026-12-02T14:12:00.000000000,2026-12-02T14:22:00.000000000,10,LSTM_uni,pm2_5,37.0,33.7491,3.2509
2026-12-02T14:12:00.000000000,2026-12-02T14:22:00.000000000,10,LSTM_uni,pm10,48.0,43.1168,4.8832
2026-12-02T14:12:00.000000000,2026-12-02T14:22:00.000000000,10,LSTM_uni,co2,1672.0,1759.2477,-87.2477
2026-12-02T14:12:00.000000000,2026-12-02T14:22:00.000000000,10,LSTM_uni,voc,35.0,25.6062,9.3938
2026-12-02T14:13:00.000000000,2026-12-02T14:23:00.000000000,10,LSTM_uni,pm1,24.0,20.9839,3.0161
2026-12-02T14:13:00.000000000,2026-12-02T14:23:00.000000000,10,LSTM_uni,pm2_5,38.0,33.0778,4.9222
2026-12-02T14:13:00.000000000,2026-12-02T14:23:00.000000000,10,LSTM_uni,pm10,48.0,42.4475,5.5525
2026-12-02T14:13:00.000000000,2026-12-02T14:23:00.000000000,10,LSTM_uni,co2,1558.0,1787.0487,-229.0487
2026-12-02T14:13:00.000000000,2026-12-02T14:23:00.000000000,10,LSTM_uni,voc,35.0,22.6438,12.3562
2026-12-02T14:14:00.000000000,2026-12-02T14:24:00.000000000,10,LSTM_uni,pm1,24.0,20.7477,3.2523
2026-12-02T14:14:00.000000000,2026-12-02T14:24:00.000000000,10,LSTM_uni,pm2_5,37.0,32.576,4.424
2026-12-02T14:14:00.000000000,2026-12-02T14:24:00.000000000,10,LSTM_uni,pm10,47.0,41.9024,5.0976
2026-12-02T14:14:00.000000000,2026-12-02T14:24:00.000000000,10,LSTM_uni,co2,1574.0,1817.8131,-243.8131
2026-12-02T14:14:00.000000000,2026-12-02T14:24:00.000000000,10,LSTM_uni,voc,33.0,23.2234,9.7766
2026-12-02T14:15:00.000000000,2026-12-02T14:25:00.000000000,10,LSTM_uni,pm1,24.0,20.2295,3.7705
2026-12-02T14:15:00.000000000,2026-12-02T14:25:00.000000000,10,LSTM_uni,pm2_5,37.0,32.009,4.991
2026-12-02T14:15:00.000000000,2026-12-02T14:25:00.000000000,10,LSTM_uni,pm10,48.0,40.0718,7.9282
2026-12-02T14:15:00.000000000,2026-12-02T14:25:00.000000000,10,LSTM_uni,co2,1618.0,1832.4703,-214.4703
2026-12-02T14:15:00.000000000,2026-12-02T14:25:00.000000000,10,LSTM_uni,voc,33.0,32.7588,0.2412
2026-12-02T14:16:00.000000000,2026-12-02T14:26:00.000000000,10,LSTM_uni,pm1,23.0,20.5934,2.4066
2026-12-02T14:16:00.000000000,2026-12-02T14:26:00.000000000,10,LSTM_uni,pm2_5,37.0,33.2517,3.7483
2026-12-02T14:16:00.000000000,2026-12-02T14:26:00.000000000,10,LSTM_uni,pm10,47.0,42.7167,4.2833
2026-12-02T14:16:00.000000000,2026-12-02T14:26:00.000000000,10,LSTM_uni,co2,1814.0,1751.6855,62.3145
2026-12-02T14:16:00.000000000,2026-12-02T14:26:00.000000000,10,LSTM_uni,voc,40.0,30.5609,9.4391
2026-12-02T14:17:00.000000000,2026-12-02T14:27:00.000000000,10,LSTM_uni,pm1,22.0,21.1985,0.8015
2026-12-02T14:17:00.000000000,2026-12-02T14:27:00.000000000,10,LSTM_uni,pm2_5,35.0,34.7791,0.2209
2026-12-02T14:17:00.000000000,2026-12-02T14:27:00.000000000,10,LSTM_uni,pm10,45.0,44.7364,0.2636
2026-12-02T14:17:00.000000000,2026-12-02T14:27:00.000000000,10,LSTM_uni,co2,1991.9999,1733.6697,258.3302
2026-12-02T14:17:00.000000000,2026-12-02T14:27:00.000000000,10,LSTM_uni,voc,54.0,30.0624,23.9376
2026-12-02T14:18:00.000000000,2026-12-02T14:28:00.000000000,10,LSTM_uni,pm1,21.0,21.5946,-0.5946
2026-12-02T14:18:00.000000000,2026-12-02T14:28:00.000000000,10,LSTM_uni,pm2_5,34.0,35.353,-1.353
2026-12-02T14:18:00.000000000,2026-12-02T14:28:00.000000000,10,LSTM_uni,pm10,43.0,45.5809,-2.5809
2026-12-02T14:18:00.000000000,2026-12-02T14:28:00.000000000,10,LSTM_uni,co2,2148.0,1774.131,373.869
2026-12-02T14:18:00.000000000,2026-12-02T14:28:00.000000000,10,LSTM_uni,voc,60.0,23.9418,36.0582
2026-12-02T14:19:00.000000000,2026-12-02T14:29:00.000000000,10,LSTM_uni,pm1,21.0,21.9041,-0.9041
2026-12-02T14:19:00.000000000,2026-12-02T14:29:00.000000000,10,LSTM_uni,pm2_5,34.0,35.6217,-1.6217
2026-12-02T14:19:00.000000000,2026-12-02T14:29:00.000000000,10,LSTM_uni,pm10,43.0,46.3547,-3.3547
2026-12-02T14:19:00.000000000,2026-12-02T14:29:00.000000000,10,LSTM_uni,co2,2186.0,1824.5671,361.4329
2026-12-02T14:19:00.000000000,2026-12-02T14:29:00.000000000,10,LSTM_uni,voc,67.0,26.6942,40.3058
2026-12-02T14:20:00.000000000,2026-12-02T14:30:00.000000000,10,LSTM_uni,pm1,21.0,22.1223,-1.1223
2026-12-02T14:20:00.000000000,2026-12-02T14:30:00.000000000,10,LSTM_uni,pm2_5,35.0,35.9563,-0.9563
2026-12-02T14:20:00.000000000,2026-12-02T14:30:00.000000000,10,LSTM_uni,pm10,43.0,46.7897,-3.7897
2026-12-02T14:20:00.000000000,2026-12-02T14:30:00.000000000,10,LSTM_uni,co2,2289.0,1860.236,428.764
2026-12-02T14:20:00.000000000,2026-12-02T14:30:00.000000000,10,LSTM_uni,voc,78.0,42.6226,35.3774
2026-12-02T14:21:00.000000000,2026-12-02T14:31:00.000000000,10,LSTM_uni,pm1,21.0,22.4587,-1.4587
2026-12-02T14:21:00.000000000,2026-12-02T14:31:00.000000000,10,LSTM_uni,pm2_5,34.0,36.2895,-2.2895
2026-12-02T14:21:00.000000000,2026-12-02T14:31:00.000000000,10,LSTM_uni,pm10,44.0,47.7471,-3.7471
2026-12-02T14:21:00.000000000,2026-12-02T14:31:00.000000000,10,LSTM_uni,co2,2390.0,1847.0118,542.9882
2026-12-02T14:21:00.000000000,2026-12-02T14:31:00.000000000,10,LSTM_uni,voc,79.0,42.8739,36.1261
2026-12-02T14:22:00.000000000,2026-12-02T14:32:00.000000000,10,LSTM_uni,pm1,20.0,22.5725,-2.5725
2026-12-02T14:22:00.000000000,2026-12-02T14:32:00.000000000,10,LSTM_uni,pm2_5,33.0,36.5455,-3.5455
2026-12-02T14:22:00.000000000,2026-12-02T14:32:00.000000000,10,LSTM_uni,pm10,42.0,47.7157,-5.7157
2026-12-02T14:22:00.000000000,2026-12-02T14:32:00.000000000,10,LSTM_uni,co2,2454.0,1842.2036,611.7964
2026-12-02T14:22:00.000000000,2026-12-02T14:32:00.000000000,10,LSTM_uni,voc,85.0,50.2798,34.7202
2026-12-02T14:23:00.000000000,2026-12-02T14:33:00.000000000,10,LSTM_uni,pm1,21.0,22.8728,-1.8728
2026-12-02T14:23:00.000000000,2026-12-02T14:33:00.000000000,10,LSTM_uni,pm2_5,33.0,37.1824,-4.1824
2026-12-02T14:23:00.000000000,2026-12-02T14:33:00.000000000,10,LSTM_uni,pm10,43.0,48.5306,-5.5306
2026-12-02T14:23:00.000000000,2026-12-02T14:33:00.000000000,10,LSTM_uni,co2,2506.0,1819.9659,686.0341
2026-12-02T14:23:00.000000000,2026-12-02T14:33:00.000000000,10,LSTM_uni,voc,88.0,51.2774,36.7226
2026-12-02T14:24:00.000000000,2026-12-02T14:34:00.000000000,10,LSTM_uni,pm1,21.0,23.0943,-2.0943
2026-12-02T14:24:00.000000000,2026-12-02T14:34:00.000000000,10,LSTM_uni,pm2_5,33.0,37.6401,-4.6401
2026-12-02T14:24:00.000000000,2026-12-02T14:34:00.000000000,10,LSTM_uni,pm10,43.0,48.7371,-5.7371
2026-12-02T14:24:00.000000000,2026-12-02T14:34:00.000000000,10,LSTM_uni,co2,2478.0,1796.9327,681.0673
2026-12-02T14:24:00.000000000,2026-12-02T14:34:00.000000000,10,LSTM_uni,voc,88.0,52.6525,35.3475
2026-12-02T14:25:00.000000000,2026-12-02T14:35:00.000000000,10,LSTM_uni,pm1,21.0,23.1648,-2.1648
2026-12-02T14:25:00.000000000,2026-12-02T14:35:00.000000000,10,LSTM_uni,pm2_5,33.0,37.367,-4.367
2026-12-02T14:25:00.000000000,2026-12-02T14:35:00.000000000,10,LSTM_uni,pm10,43.0,48.5095,-5.5095
2026-12-02T14:25:00.000000000,2026-12-02T14:35:00.000000000,10,LSTM_uni,co2,2605.0,1802.4814,802.5186
2026-12-02T14:25:00.000000000,2026-12-02T14:35:00.000000000,10,LSTM_uni,voc,89.0,56.9251,32.0749
2026-12-02T14:26:00.000000000,2026-12-02T14:36:00.000000000,10,LSTM_uni,pm1,21.0,23.3736,-2.3736
2026-12-02T14:26:00.000000000,2026-12-02T14:36:00.000000000,10,LSTM_uni,pm2_5,33.0,37.6813,-4.6813
2026-12-02T14:26:00.000000000,2026-12-02T14:36:00.000000000,10,LSTM_uni,pm10,43.0,48.928,-5.928
2026-12-02T14:26:00.000000000,2026-12-02T14:36:00.000000000,10,LSTM_uni,co2,2562.0,1794.4183,767.5817
2026-12-02T14:26:00.000000000,2026-12-02T14:36:00.000000000,10,LSTM_uni,voc,87.0,66.8214,20.1786
2026-12-02T14:27:00.000000000,2026-12-02T14:37:00.000000000,10,LSTM_uni,pm1,21.0,23.4321,-2.4321
2026-12-02T14:27:00.000000000,2026-12-02T14:37:00.000000000,10,LSTM_uni,pm2_5,34.0,37.7312,-3.7312
2026-12-02T14:27:00.000000000,2026-12-02T14:37:00.000000000,10,LSTM_uni,pm10,43.0,48.6686,-5.6686
2026-12-02T14:27:00.000000000,2026-12-02T14:37:00.000000000,10,LSTM_uni,co2,2476.0,1804.8572,671.1428
2026-12-02T14:27:00.000000000,2026-12-02T14:37:00.000000000,10,LSTM_uni,voc,90.0,81.9399,8.0601
2026-12-02T14:28:00.000000000,2026-12-02T14:38:00.000000000,10,LSTM_uni,pm1,21.0,23.1732,-2.1732
2026-12-02T14:28:00.000000000,2026-12-02T14:38:00.000000000,10,LSTM_uni,pm2_5,33.0,36.9326,-3.9326
2026-12-02T14:28:00.000000000,2026-12-02T14:38:00.000000000,10,LSTM_uni,pm10,42.0,47.8161,-5.8161
2026-12-02T14:28:00.000000000,2026-12-02T14:38:00.000000000,10,LSTM_uni,co2,2493.0,1861.6577,631.3423
2026-12-02T14:28:00.000000000,2026-12-02T14:38:00.000000000,10,LSTM_uni,voc,87.0,110.4283,-23.4283
2026-12-02T14:29:00.000000000,2026-12-02T14:39:00.000000000,10,LSTM_uni,pm1,21.0,22.8919,-1.8919
2026-12-02T14:29:00.000000000,2026-12-02T14:39:00.000000000,10,LSTM_uni,pm2_5,33.0,36.4212,-3.4212
2026-12-02T14:29:00.000000000,2026-12-02T14:39:00.000000000,10,LSTM_uni,pm10,42.0,47.3403,-5.3403
2026-12-02T14:29:00.000000000,2026-12-02T14:39:00.000000000,10,LSTM_uni,co2,2428.0,1903.3639,524.6361
2026-12-02T14:29:00.000000000,2026-12-02T14:39:00.000000000,10,LSTM_uni,voc,89.0,124.8935,-35.8935
2026-12-02T14:30:00.000000000,2026-12-02T14:40:00.000000000,10,LSTM_uni,pm1,21.0,22.727,-1.727
2026-12-02T14:30:00.000000000,2026-12-02T14:40:00.000000000,10,LSTM_uni,pm2_5,34.0,36.1544,-2.1544
2026-12-02T14:30:00.000000000,2026-12-02T14:40:00.000000000,10,LSTM_uni,pm10,44.0,47.1194,-3.1194
2026-12-02T14:30:00.000000000,2026-12-02T14:40:00.000000000,10,LSTM_uni,co2,2392.0,1923.8987,468.1013
2026-12-02T14:30:00.000000000,2026-12-02T14:40:00.000000000,10,LSTM_uni,voc,86.0,125.761,-39.761
2026-12-02T14:31:00.000000000,2026-12-02T14:41:00.000000000,10,LSTM_uni,pm1,21.0,22.5008,-1.5008
2026-12-02T14:31:00.000000000,2026-12-02T14:41:00.000000000,10,LSTM_uni,pm2_5,34.0,35.9945,-1.9945
2026-12-02T14:31:00.000000000,2026-12-02T14:41:00.000000000,10,LSTM_uni,pm10,41.0,46.7443,-5.7443
2026-12-02T14:31:00.000000000,2026-12-02T14:41:00.000000000,10,LSTM_uni,co2,2454.0,1930.4246,523.5754
2026-12-02T14:31:00.000000000,2026-12-02T14:41:00.000000000,10,LSTM_uni,voc,87.0,126.1867,-39.1867
2026-12-02T14:32:00.000000000,2026-12-02T14:42:00.000000000,10,LSTM_uni,pm1,21.0,22.178,-1.178
2026-12-02T14:32:00.000000000,2026-12-02T14:42:00.000000000,10,LSTM_uni,pm2_5,34.0,35.2021,-1.2021
2026-12-02T14:32:00.000000000,2026-12-02T14:42:00.000000000,10,LSTM_uni,pm10,43.0,45.6932,-2.6932
2026-12-02T14:32:00.000000000,2026-12-02T14:42:00.000000000,10,LSTM_uni,co2,2386.0,1980.4431,405.5569
2026-12-02T14:32:00.000000000,2026-12-02T14:42:00.000000000,10,LSTM_uni,voc,82.0,122.4821,-40.4821
2026-12-02T14:33:00.000000000,2026-12-02T14:43:00.000000000,10,LSTM_uni,pm1,21.0,21.6769,-0.6769
2026-12-02T14:33:00.000000000,2026-12-02T14:43:00.000000000,10,LSTM_uni,pm2_5,34.0,34.3935,-0.3935
2026-12-02T14:33:00.000000000,2026-12-02T14:43:00.000000000,10,LSTM_uni,pm10,44.0,44.8687,-0.8687
2026-12-02T14:33:00.000000000,2026-12-02T14:43:00.000000000,10,LSTM_uni,co2,2332.0,2049.5676,282.4324
2026-12-02T14:33:00.000000000,2026-12-02T14:43:00.000000000,10,LSTM_uni,voc,75.0,127.461,-52.461
2026-12-02T14:34:00.000000000,2026-12-02T14:44:00.000000000,10,LSTM_uni,pm1,21.0,21.4422,-0.4422
2026-12-02T14:34:00.000000000,2026-12-02T14:44:00.000000000,10,LSTM_uni,pm2_5,34.0,34.1245,-0.1245
2026-12-02T14:34:00.000000000,2026-12-02T14:44:00.000000000,10,LSTM_uni,pm10,43.0,45.0002,-2.0002
2026-12-02T14:34:00.000000000,2026-12-02T14:44:00.000000000,10,LSTM_uni,co2,2271.0,2061.0078,209.9922
2026-12-02T14:34:00.000000000,2026-12-02T14:44:00.000000000,10,LSTM_uni,voc,71.0,115.4136,-44.4136
2026-12-02T14:35:00.000000000,2026-12-02T14:45:00.000000000,10,LSTM_uni,pm1,22.0,21.3316,0.6684
2026-12-02T14:35:00.000000000,2026-12-02T14:45:00.000000000,10,LSTM_uni,pm2_5,35.0,34.0988,0.9012
2026-12-02T14:35:00.000000000,2026-12-02T14:45:00.000000000,10,LSTM_uni,pm10,43.0,44.8565,-1.8565
2026-12-02T14:35:00.000000000,2026-12-02T14:45:00.000000000,10,LSTM_uni,co2,2158.0,2093.2886,64.7114
2026-12-02T14:35:00.000000000,2026-12-02T14:45:00.000000000,10,LSTM_uni,voc,69.0,111.2033,-42.2033
2026-12-02T14:36:00.000000000,2026-12-02T14:46:00.000000000,10,LSTM_uni,pm1,22.0,21.1382,0.8618
2026-12-02T14:36:00.000000000,2026-12-02T14:46:00.000000000,10,LSTM_uni,pm2_5,35.0,33.759,1.241
2026-12-02T14:36:00.000000000,2026-12-02T14:46:00.000000000,10,LSTM_uni,pm10,45.0,44.6978,0.3022
2026-12-02T14:36:00.000000000,2026-12-02T14:46:00.000000000,10,LSTM_uni,co2,2087.0,2125.252,-38.252
2026-12-02T14:36:00.000000000,2026-12-02T14:46:00.000000000,10,LSTM_uni,voc,68.0,108.9303,-40.9303
2026-12-02T14:37:00.000000000,2026-12-02T14:48:00.000000000,10,LSTM_uni,pm1,22.0,21.0041,0.9959
2026-12-02T14:37:00.000000000,2026-12-02T14:48:00.000000000,10,LSTM_uni,pm2_5,36.0,33.627,2.373
2026-12-02T14:37:00.000000000,2026-12-02T14:48:00.000000000,10,LSTM_uni,pm10,47.0,44.627,2.373
2026-12-02T14:37:00.000000000,2026-12-02T14:48:00.000000000,10,LSTM_uni,co2,2068.0,2144.9446,-76.9446
2026-12-02T14:37:00.000000000,2026-12-02T14:48:00.000000000,10,LSTM_uni,voc,59.0,104.6856,-45.6856
2026-12-02T14:38:00.000000000,2026-12-02T14:49:00.000000000,10,LSTM_uni,pm1,22.0,20.9571,1.0429
2026-12-02T14:38:00.000000000,2026-12-02T14:49:00.000000000,10,LSTM_uni,pm2_5,36.0,33.7229,2.2771
2026-12-02T14:38:00.000000000,2026-12-02T14:49:00.000000000,10,LSTM_uni,pm10,47.0,44.8385,2.1615
2026-12-02T14:38:00.000000000,2026-12-02T14:49:00.000000000,10,LSTM_uni,co2,2068.0,2137.1948,-69.1948
2026-12-02T14:38:00.000000000,2026-12-02T14:49:00.000000000,10,LSTM_uni,voc,59.0,104.6052,-45.6052
2026-12-02T14:39:00.000000000,2026-12-02T14:50:00.000000000,10,LSTM_uni,pm1,23.0,20.7755,2.2245
2026-12-02T14:39:00.000000000,2026-12-02T14:50:00.000000000,10,LSTM_uni,pm2_5,35.0,33.1835,1.8165
2026-12-02T14:39:00.000000000,2026-12-02T14:50:00.000000000,10,LSTM_uni,pm10,45.0,44.0166,0.9834
2026-12-02T14:39:00.000000000,2026-12-02T14:50:00.000000000,10,LSTM_uni,co2,2110.0,2169.2056,-59.2056
2026-12-02T14:39:00.000000000,2026-12-02T14:50:00.000000000,10,LSTM_uni,voc,66.0,99.7888,-33.7888
2026-12-02T14:40:00.000000000,2026-12-02T14:51:00.000000000,10,LSTM_uni,pm1,22.0,20.6189,1.3811
2026-12-02T14:40:00.000000000,2026-12-02T14:51:00.000000000,10,LSTM_uni,pm2_5,35.0,33.0902,1.9098
2026-12-02T14:40:00.000000000,2026-12-02T14:51:00.000000000,10,LSTM_uni,pm10,44.0,43.7709,0.2291
2026-12-02T14:40:00.000000000,2026-12-02T14:51:00.000000000,10,LSTM_uni,co2,2046.0,2163.3599,-117.3599
2026-12-02T14:40:00.000000000,2026-12-02T14:51:00.000000000,10,LSTM_uni,voc,67.0,97.7284,-30.7284
2026-12-02T14:41:00.000000000,2026-12-02T14:52:00.000000000,10,LSTM_uni,pm1,21.0,20.6855,0.3145
2026-12-02T14:41:00.000000000,2026-12-02T14:52:00.000000000,10,LSTM_uni,pm2_5,34.0,33.4492,0.5508
2026-12-02T14:41:00.000000000,2026-12-02T14:52:00.000000000,10,LSTM_uni,pm10,43.0,43.7254,-0.7254
2026-12-02T14:41:00.000000000,2026-12-02T14:52:00.000000000,10,LSTM_uni,co2,1998.0,2120.1101,-122.1101
2026-12-02T14:41:00.000000000,2026-12-02T14:52:00.000000000,10,LSTM_uni,voc,67.0,95.9692,-28.9692
2026-12-02T14:42:00.000000000,2026-12-02T14:53:00.000000000,10,LSTM_uni,pm1,21.0,20.4899,0.5101
2026-12-02T14:42:00.000000000,2026-12-02T14:53:00.000000000,10,LSTM_uni,pm2_5,34.0,32.8675,1.1325
2026-12-02T14:42:00.000000000,2026-12-02T14:53:00.000000000,10,LSTM_uni,pm10,43.0,43.3146,-0.3146
2026-12-02T14:42:00.000000000,2026-12-02T14:53:00.000000000,10,LSTM_uni,co2,1961.0001,2103.0039,-142.0038
2026-12-02T14:42:00.000000000,2026-12-02T14:53:00.000000000,10,LSTM_uni,voc,66.0,88.7086,-22.7086
2026-12-02T14:43:00.000000000,2026-12-02T14:54:00.000000000,10,LSTM_uni,pm1,22.0,20.4835,1.5165
2026-12-02T14:43:00.000000000,2026-12-02T14:54:00.000000000,10,LSTM_uni,pm2_5,35.0,32.9768,2.0232
2026-12-02T14:43:00.000000000,2026-12-02T14:54:00.000000000,10,LSTM_uni,pm10,44.0,43.1967,0.8033
2026-12-02T14:43:00.000000000,2026-12-02T14:54:00.000000000,10,LSTM_uni,co2,1946.0,2109.0818,-163.0818
2026-12-02T14:43:00.000000000,2026-12-02T14:54:00.000000000,10,LSTM_uni,voc,68.0,85.7763,-17.7763
2026-12-02T14:44:00.000000000,2026-12-02T14:55:00.000000000,10,LSTM_uni,pm1,21.0,20.6684,0.3316
2026-12-02T14:44:00.000000000,2026-12-02T14:55:00.000000000,10,LSTM_uni,pm2_5,34.0,33.2708,0.7292
2026-12-02T14:44:00.000000000,2026-12-02T14:55:00.000000000,10,LSTM_uni,pm10,44.0,43.3422,0.6578
2026-12-02T14:44:00.000000000,2026-12-02T14:55:00.000000000,10,LSTM_uni,co2,1899.0,2092.5901,-193.5901
2026-12-02T14:44:00.000000000,2026-12-02T14:55:00.000000000,10,LSTM_uni,voc,63.0,85.76,-22.76
2026-12-02T14:45:00.000000000,2026-12-02T14:56:00.000000000,10,LSTM_uni,pm1,21.0,20.677,0.323
2026-12-02T14:45:00.000000000,2026-12-02T14:56:00.000000000,10,LSTM_uni,pm2_5,35.0,33.3032,1.6968
2026-12-02T14:45:00.000000000,2026-12-02T14:56:00.000000000,10,LSTM_uni,pm10,45.0,43.5762,1.4238
2026-12-02T14:45:00.000000000,2026-12-02T14:56:00.000000000,10,LSTM_uni,co2,1876.0,2077.575,-201.575
2026-12-02T14:45:00.000000000,2026-12-02T14:56:00.000000000,10,LSTM_uni,voc,61.0,85.6186,-24.6186
2026-12-02T14:46:00.000000000,2026-12-02T14:57:00.000000000,10,LSTM_uni,pm1,22.0,20.8574,1.1426
2026-12-02T14:46:00.000000000,2026-12-02T14:57:00.000000000,10,LSTM_uni,pm2_5,35.0,33.8408,1.1592
2026-12-02T14:46:00.000000000,2026-12-02T14:57:00.000000000,10,LSTM_uni,pm10,43.0,44.7074,-1.7074
2026-12-02T14:46:00.000000000,2026-12-02T14:57:00.000000000,10,LSTM_uni,co2,1905.0,2032.0917,-127.0917
2026-12-02T14:46:00.000000000,2026-12-02T14:57:00.000000000,10,LSTM_uni,voc,62.0,78.6974,-16.6974
2026-12-02T14:48:00.000000000,2026-12-02T14:58:00.000000000,10,LSTM_uni,pm1,22.0,21.1871,0.8129
2026-12-02T14:48:00.000000000,2026-12-02T14:58:00.000000000,10,LSTM_uni,pm2_5,35.0,34.3424,0.6576
2026-12-02T14:48:00.000000000,2026-12-02T14:58:00.000000000,10,LSTM_uni,pm10,44.0,44.7488,-0.7488
2026-12-02T14:48:00.000000000,2026-12-02T14:58:00.000000000,10,LSTM_uni,co2,1946.0,2043.7953,-97.7953
2026-12-02T14:48:00.000000000,2026-12-02T14:58:00.000000000,10,LSTM_uni,voc,61.0,83.5721,-22.5721
2026-12-02T14:49:00.000000000,2026-12-02T14:59:00.000000000,10,LSTM_uni,pm1,22.0,21.5959,0.4041
2026-12-02T14:49:00.000000000,2026-12-02T14:59:00.000000000,10,LSTM_uni,pm2_5,35.0,35.1448,-0.1448
2026-12-02T14:49:00.000000000,2026-12-02T14:59:00.000000000,10,LSTM_uni,pm10,44.0,45.7626,-1.7626
2026-12-02T14:49:00.000000000,2026-12-02T14:59:00.000000000,10,LSTM_uni,co2,1840.0,1991.8516,-151.8516
2026-12-02T14:49:00.000000000,2026-12-02T14:59:00.000000000,10,LSTM_uni,voc,59.0,82.2815,-23.2815
2026-12-02T14:50:00.000000000,2026-12-02T15:00:00.000000000,10,LSTM_uni,pm1,22.0,21.7822,0.2178
2026-12-02T14:50:00.000000000,2026-12-02T15:00:00.000000000,10,LSTM_uni,pm2_5,35.0,35.2672,-0.2672
2026-12-02T14:50:00.000000000,2026-12-02T15:00:00.000000000,10,LSTM_uni,pm10,45.0,46.0796,-1.0796
2026-12-02T14:50:00.000000000,2026-12-02T15:00:00.000000000,10,LSTM_uni,co2,1827.0,1980.9075,-153.9075
2026-12-02T14:50:00.000000000,2026-12-02T15:00:00.000000000,10,LSTM_uni,voc,60.0,84.1523,-24.1523
2026-12-02T14:51:00.000000000,2026-12-02T15:01:00.000000000,10,LSTM_uni,pm1,21.0,21.9333,-0.9333
2026-12-02T14:51:00.000000000,2026-12-02T15:01:00.000000000,10,LSTM_uni,pm2_5,34.0,35.2214,-1.2214
2026-12-02T14:51:00.000000000,2026-12-02T15:01:00.000000000,10,LSTM_uni,pm10,43.0,46.9291,-3.9291
2026-12-02T14:51:00.000000000,2026-12-02T15:01:00.000000000,10,LSTM_uni,co2,1873.0,1994.5051,-121.5051
2026-12-02T14:51:00.000000000,2026-12-02T15:01:00.000000000,10,LSTM_uni,voc,60.0,89.936,-29.936
2026-12-02T14:52:00.000000000,2026-12-02T15:02:00.000000000,10,LSTM_uni,pm1,21.0,21.9888,-0.9888
2026-12-02T14:52:00.000000000,2026-12-02T15:02:00.000000000,10,LSTM_uni,pm2_5,35.0,35.4632,-0.4632
2026-12-02T14:52:00.000000000,2026-12-02T15:02:00.000000000,10,LSTM_uni,pm10,45.0,47.1316,-2.1316
2026-12-02T14:52:00.000000000,2026-12-02T15:02:00.000000000,10,LSTM_uni,co2,1911.0,2017.1306,-106.1306
2026-12-02T14:52:00.000000000,2026-12-02T15:02:00.000000000,10,LSTM_uni,voc,60.0,102.4616,-42.4616
2026-12-02T14:53:00.000000000,2026-12-02T15:03:00.000000000,10,LSTM_uni,pm1,22.0,21.981,0.019
2026-12-02T14:53:00.000000000,2026-12-02T15:03:00.000000000,10,LSTM_uni,pm2_5,35.0,35.2083,-0.2083
2026-12-02T14:53:00.000000000,2026-12-02T15:03:00.000000000,10,LSTM_uni,pm10,46.0,46.361,-0.361
2026-12-02T14:53:00.000000000,2026-12-02T15:03:00.000000000,10,LSTM_uni,co2,1839.0,2027.0217,-188.0217
2026-12-02T14:53:00.000000000,2026-12-02T15:03:00.000000000,10,LSTM_uni,voc,58.0,115.3114,-57.3114
2026-12-02T14:54:00.000000000,2026-12-02T15:04:00.000000000,10,LSTM_uni,pm1,21.0,22.0378,-1.0378
2026-12-02T14:54:00.000000000,2026-12-02T15:04:00.000000000,10,LSTM_uni,pm2_5,34.0,35.4097,-1.4097
2026-12-02T14:54:00.000000000,2026-12-02T15:04:00.000000000,10,LSTM_uni,pm10,44.0,46.2329,-2.2329
2026-12-02T14:54:00.000000000,2026-12-02T15:04:00.000000000,10,LSTM_uni,co2,1928.0,1979.9476,-51.9476
2026-12-02T14:54:00.000000000,2026-12-02T15:04:00.000000000,10,LSTM_uni,voc,58.0,111.9642,-53.9642
2026-12-02T14:55:00.000000000,2026-12-02T15:05:00.000000000,10,LSTM_uni,pm1,21.0,22.2249,-1.2249
2026-12-02T14:55:00.000000000,2026-12-02T15:05:00.000000000,10,LSTM_uni,pm2_5,34.0,35.9602,-1.9602
2026-12-02T14:55:00.000000000,2026-12-02T15:05:00.000000000,10,LSTM_uni,pm10,43.0,46.7669,-3.7669
2026-12-02T14:55:00.000000000,2026-12-02T15:05:00.000000000,10,LSTM_uni,co2,1950.0,1931.582,18.418
2026-12-02T14:55:00.000000000,2026-12-02T15:05:00.000000000,10,LSTM_uni,voc,58.0,100.0682,-42.0682
2026-12-02T14:56:00.000000000,2026-12-02T15:06:00.000000000,10,LSTM_uni,pm1,22.0,22.1774,-0.1774
2026-12-02T14:56:00.000000000,2026-12-02T15:06:00.000000000,10,LSTM_uni,pm2_5,34.0,35.6579,-1.6579
2026-12-02T14:56:00.000000000,2026-12-02T15:06:00.000000000,10,LSTM_uni,pm10,42.0,45.7407,-3.7407
2026-12-02T14:56:00.000000000,2026-12-02T15:06:00.000000000,10,LSTM_uni,co2,1972.0,1963.0851,8.9149
2026-12-02T14:56:00.000000000,2026-12-02T15:06:00.000000000,10,LSTM_uni,voc,61.0,101.3038,-40.3038
2026-12-02T14:57:00.000000000,2026-12-02T15:07:00.000000000,10,LSTM_uni,pm1,21.0,22.2165,-1.2165
2026-12-02T14:57:00.000000000,2026-12-02T15:07:00.000000000,10,LSTM_uni,pm2_5,34.0,35.9229,-1.9229
2026-12-02T14:57:00.000000000,2026-12-02T15:07:00.000000000,10,LSTM_uni,pm10,44.0,46.3578,-2.3578
2026-12-02T14:57:00.000000000,2026-12-02T15:07:00.000000000,10,LSTM_uni,co2,2011.0001,1915.479,95.5211
2026-12-02T14:57:00.000000000,2026-12-02T15:07:00.000000000,10,LSTM_uni,voc,61.0,96.3508,-35.3508
2026-12-02T14:58:00.000000000,2026-12-02T15:08:00.000000000,10,LSTM_uni,pm1,21.0,22.3046,-1.3046
2026-12-02T14:58:00.000000000,2026-12-02T15:08:00.000000000,10,LSTM_uni,pm2_5,33.0,35.9583,-2.9583
2026-12-02T14:58:00.000000000,2026-12-02T15:08:00.000000000,10,LSTM_uni,pm10,43.0,46.7729,-3.7729
2026-12-02T14:58:00.000000000,2026-12-02T15:08:00.000000000,10,LSTM_uni,co2,2038.9999,1904.474,134.5259
2026-12-02T14:58:00.000000000,2026-12-02T15:08:00.000000000,10,LSTM_uni,voc,60.0,86.1792,-26.1792
2026-12-02T14:59:00.000000000,2026-12-02T15:09:00.000000000,10,LSTM_uni,pm1,21.0,22.3263,-1.3263
2026-12-02T14:59:00.000000000,2026-12-02T15:09:00.000000000,10,LSTM_uni,pm2_5,34.0,36.0321,-2.0321
2026-12-02T14:59:00.000000000,2026-12-02T15:09:00.000000000,10,LSTM_uni,pm10,43.0,46.8913,-3.8913
2026-12-02T14:59:00.000000000,2026-12-02T15:09:00.000000000,10,LSTM_uni,co2,2004.0,1922.2766,81.7234
2026-12-02T14:59:00.000000000,2026-12-02T15:09:00.000000000,10,LSTM_uni,voc,59.0,85.4491,-26.4491
2026-12-02T15:00:00.000000000,2026-12-02T15:10:00.000000000,10,LSTM_uni,pm1,22.0,22.4093,-0.4093
2026-12-02T15:00:00.000000000,2026-12-02T15:10:00.000000000,10,LSTM_uni,pm2_5,34.0,36.173,-2.173
2026-12-02T15:00:00.000000000,2026-12-02T15:10:00.000000000,10,LSTM_uni,pm10,44.0,46.9524,-2.9524
2026-12-02T15:00:00.000000000,2026-12-02T15:10:00.000000000,10,LSTM_uni,co2,2020.0,1916.851,103.149
2026-12-02T15:00:00.000000000,2026-12-02T15:10:00.000000000,10,LSTM_uni,voc,72.0,85.1574,-13.1574
2026-12-02T15:01:00.000000000,2026-12-02T15:11:00.000000000,10,LSTM_uni,pm1,22.0,22.5295,-0.5295
2026-12-02T15:01:00.000000000,2026-12-02T15:11:00.000000000,10,LSTM_uni,pm2_5,35.0,36.3376,-1.3376
2026-12-02T15:01:00.000000000,2026-12-02T15:11:00.000000000,10,LSTM_uni,pm10,46.0,47.0115,-1.0115
2026-12-02T15:01:00.000000000,2026-12-02T15:11:00.000000000,10,LSTM_uni,co2,1942.9999,1910.0225,32.9774
2026-12-02T15:01:00.000000000,2026-12-02T15:11:00.000000000,10,LSTM_uni,voc,78.0,87.6686,-9.6686
2026-12-02T15:02:00.000000000,2026-12-02T15:12:00.000000000,10,LSTM_uni,pm1,21.0,22.3709,-1.3709
2026-12-02T15:02:00.000000000,2026-12-02T15:12:00.000000000,10,LSTM_uni,pm2_5,34.0,35.9319,-1.9319
2026-12-02T15:02:00.000000000,2026-12-02T15:12:00.000000000,10,LSTM_uni,pm10,44.0,46.1327,-2.1327
2026-12-02T15:02:00.000000000,2026-12-02T15:12:00.000000000,10,LSTM_uni,co2,1944.9999,1925.1799,19.8199
2026-12-02T15:02:00.000000000,2026-12-02T15:12:00.000000000,10,LSTM_uni,voc,70.0,95.0516,-25.0516
2026-12-02T15:03:00.000000000,2026-12-02T15:13:00.000000000,10,LSTM_uni,pm1,22.0,22.4348,-0.4348
2026-12-02T15:03:00.000000000,2026-12-02T15:13:00.000000000,10,LSTM_uni,pm2_5,34.0,36.2029,-2.2029
2026-12-02T15:03:00.000000000,2026-12-02T15:13:00.000000000,10,LSTM_uni,pm10,44.0,46.6893,-2.6893
2026-12-02T15:03:00.000000000,2026-12-02T15:13:00.000000000,10,LSTM_uni,co2,1974.0,1892.1919,81.8081
2026-12-02T15:03:00.000000000,2026-12-02T15:13:00.000000000,10,LSTM_uni,voc,67.0,94.6166,-27.6166
2026-12-02T15:04:00.000000000,2026-12-02T15:14:00.000000000,10,LSTM_uni,pm1,21.0,22.5857,-1.5857
2026-12-02T15:04:00.000000000,2026-12-02T15:14:00.000000000,10,LSTM_uni,pm2_5,34.0,36.4223,-2.4223
2026-12-02T15:04:00.000000000,2026-12-02T15:14:00.000000000,10,LSTM_uni,pm10,44.0,46.8424,-2.8424
2026-12-02T15:04:00.000000000,2026-12-02T15:14:00.000000000,10,LSTM_uni,co2,1912.0,1875.9796,36.0204
2026-12-02T15:04:00.000000000,2026-12-02T15:14:00.000000000,10,LSTM_uni,voc,66.0,87.0793,-21.0793
2026-12-02T15:05:00.000000000,2026-12-02T15:15:00.000000000,10,LSTM_uni,pm1,21.0,22.3656,-1.3656
2026-12-02T15:05:00.000000000,2026-12-02T15:15:00.000000000,10,LSTM_uni,pm2_5,35.0,35.9165,-0.9165
2026-12-02T15:05:00.000000000,2026-12-02T15:15:00.000000000,10,LSTM_uni,pm10,45.0,46.2102,-1.2102
2026-12-02T15:05:00.000000000,2026-12-02T15:15:00.000000000,10,LSTM_uni,co2,1935.0,1917.5251,17.4749
2026-12-02T15:05:00.000000000,2026-12-02T15:15:00.000000000,10,LSTM_uni,voc,60.0,94.882,-34.882
2026-12-02T15:06:00.000000000,2026-12-02T15:16:00.000000000,10,LSTM_uni,pm1,21.0,22.1258,-1.1258
2026-12-02T15:06:00.000000000,2026-12-02T15:16:00.000000000,10,LSTM_uni,pm2_5,35.0,35.5412,-0.5412
2026-12-02T15:06:00.000000000,2026-12-02T15:16:00.000000000,10,LSTM_uni,pm10,44.0,46.2361,-2.2361
2026-12-02T15:06:00.000000000,2026-12-02T15:16:00.000000000,10,LSTM_uni,co2,1939.0001,1908.3036,30.6965
2026-12-02T15:06:00.000000000,2026-12-02T15:16:00.000000000,10,LSTM_uni,voc,57.0,92.1411,-35.1411
2026-12-02T15:07:00.000000000,2026-12-02T15:17:00.000000000,10,LSTM_uni,pm1,22.0,22.1504,-0.1504
2026-12-02T15:07:00.000000000,2026-12-02T15:17:00.000000000,10,LSTM_uni,pm2_5,35.0,35.4954,-0.4954
2026-12-02T15:07:00.000000000,2026-12-02T15:17:00.000000000,10,LSTM_uni,pm10,44.0,46.4463,-2.4463
2026-12-02T15:07:00.000000000,2026-12-02T15:17:00.000000000,10,LSTM_uni,co2,1924.0,1903.5762,20.4238
2026-12-02T15:07:00.000000000,2026-12-02T15:17:00.000000000,10,LSTM_uni,voc,55.0,85.0482,-30.0482
2026-12-02T15:08:00.000000000,2026-12-02T15:18:00.000000000,10,LSTM_uni,pm1,21.0,22.1527,-1.1527
2026-12-02T15:08:00.000000000,2026-12-02T15:18:00.000000000,10,LSTM_uni,pm2_5,34.0,35.5802,-1.5802
2026-12-02T15:08:00.000000000,2026-12-02T15:18:00.000000000,10,LSTM_uni,pm10,44.0,45.9002,-1.9002
2026-12-02T15:08:00.000000000,2026-12-02T15:18:00.000000000,10,LSTM_uni,co2,1809.0,1935.152,-126.152
2026-12-02T15:08:00.000000000,2026-12-02T15:18:00.000000000,10,LSTM_uni,voc,53.0,93.9232,-40.9232
2026-12-02T15:09:00.000000000,2026-12-02T15:19:00.000000000,10,LSTM_uni,pm1,22.0,22.0653,-0.0653
2026-12-02T15:09:00.000000000,2026-12-02T15:19:00.000000000,10,LSTM_uni,pm2_5,35.0,35.1422,-0.1422
2026-12-02T15:09:00.000000000,2026-12-02T15:19:00.000000000,10,LSTM_uni,pm10,44.0,45.3491,-1.3491
2026-12-02T15:09:00.000000000,2026-12-02T15:19:00.000000000,10,LSTM_uni,co2,1751.0,1940.6096,-189.6096
2026-12-02T15:09:00.000000000,2026-12-02T15:19:00.000000000,10,LSTM_uni,voc,54.0,93.4834,-39.4834
2026-12-02T15:10:00.000000000,2026-12-02T15:20:00.000000000,10,LSTM_uni,pm1,22.0,21.9837,0.0163
2026-12-02T15:10:00.000000000,2026-12-02T15:20:00.000000000,10,LSTM_uni,pm2_5,35.0,35.3852,-0.3852
2026-12-02T15:10:00.000000000,2026-12-02T15:20:00.000000000,10,LSTM_uni,pm10,45.0,45.914,-0.914
2026-12-02T15:10:00.000000000,2026-12-02T15:20:00.000000000,10,LSTM_uni,co2,1774.0,1926.3511,-152.3511
2026-12-02T15:10:00.000000000,2026-12-02T15:20:00.000000000,10,LSTM_uni,voc,49.0,90.1989,-41.1989
2026-12-02T15:11:00.000000000,2026-12-02T15:21:00.000000000,10,LSTM_uni,pm1,23.0,22.1118,0.8882
2026-12-02T15:11:00.000000000,2026-12-02T15:21:00.000000000,10,LSTM_uni,pm2_5,37.0,35.4786,1.5214
2026-12-02T15:11:00.000000000,2026-12-02T15:21:00.000000000,10,LSTM_uni,pm10,47.0,46.1452,0.8548
2026-12-02T15:11:00.000000000,2026-12-02T15:21:00.000000000,10,LSTM_uni,co2,1817.0,1950.6173,-133.6173
2026-12-02T15:11:00.000000000,2026-12-02T15:21:00.000000000,10,LSTM_uni,voc,45.0,93.5044,-48.5044
2026-12-02T15:12:00.000000000,2026-12-02T15:22:00.000000000,10,LSTM_uni,pm1,22.0,22.2441,-0.2441
2026-12-02T15:12:00.000000000,2026-12-02T15:22:00.000000000,10,LSTM_uni,pm2_5,36.0,36.0247,-0.0247
2026-12-02T15:12:00.000000000,2026-12-02T15:22:00.000000000,10,LSTM_uni,pm10,46.0,46.6456,-0.6456
2026-12-02T15:12:00.000000000,2026-12-02T15:22:00.000000000,10,LSTM_uni,co2,1779.0,1949.4812,-170.4812
2026-12-02T15:12:00.000000000,2026-12-02T15:22:00.000000000,10,LSTM_uni,voc,45.0,98.7214,-53.7214
2026-12-02T15:13:00.000000000,2026-12-02T15:23:00.000000000,10,LSTM_uni,pm1,22.0,22.0753,-0.0753
2026-12-02T15:13:00.000000000,2026-12-02T15:23:00.000000000,10,LSTM_uni,pm2_5,36.0,35.4747,0.5253
2026-12-02T15:13:00.000000000,2026-12-02T15:23:00.000000000,10,LSTM_uni,pm10,47.0,45.8174,1.1826
2026-12-02T15:13:00.000000000,2026-12-02T15:23:00.000000000,10,LSTM_uni,co2,1691.0,1969.8181,-278.8181
2026-12-02T15:13:00.000000000,2026-12-02T15:23:00.000000000,10,LSTM_uni,voc,50.0,97.4672,-47.4672
2026-12-02T15:14:00.000000000,2026-12-02T15:24:00.000000000,10,LSTM_uni,pm1,23.0,22.0245,0.9755
2026-12-02T15:14:00.000000000,2026-12-02T15:24:00.000000000,10,LSTM_uni,pm2_5,37.0,35.3927,1.6073
2026-12-02T15:14:00.000000000,2026-12-02T15:24:00.000000000,10,LSTM_uni,pm10,48.0,46.473,1.527
2026-12-02T15:14:00.000000000,2026-12-02T15:24:00.000000000,10,LSTM_uni,co2,1687.0,1930.339,-243.339
2026-12-02T15:14:00.000000000,2026-12-02T15:24:00.000000000,10,LSTM_uni,voc,49.0,85.883,-36.883
2026-12-02T15:15:00.000000000,2026-12-02T15:25:00.000000000,10,LSTM_uni,pm1,23.0,22.0357,0.9643
2026-12-02T15:15:00.000000000,2026-12-02T15:25:00.000000000,10,LSTM_uni,pm2_5,36.0,35.4712,0.5288
2026-12-02T15:15:00.000000000,2026-12-02T15:25:00.000000000,10,LSTM_uni,pm10,47.0,45.9034,1.0966
2026-12-02T15:15:00.000000000,2026-12-02T15:25:00.000000000,10,LSTM_uni,co2,1665.0,1941.7412,-276.7412
2026-12-02T15:15:00.000000000,2026-12-02T15:25:00.000000000,10,LSTM_uni,voc,49.0,92.9489,-43.9489
2026-12-02T15:16:00.000000000,2026-12-02T15:26:00.000000000,10,LSTM_uni,pm1,22.0,22.1332,-0.1332
2026-12-02T15:16:00.000000000,2026-12-02T15:26:00.000000000,10,LSTM_uni,pm2_5,35.0,35.7242,-0.7242
2026-12-02T15:16:00.000000000,2026-12-02T15:26:00.000000000,10,LSTM_uni,pm10,45.0,46.2875,-1.2875
2026-12-02T15:16:00.000000000,2026-12-02T15:26:00.000000000,10,LSTM_uni,co2,1625.0,1899.5215,-274.5215
2026-12-02T15:16:00.000000000,2026-12-02T15:26:00.000000000,10,LSTM_uni,voc,52.0,89.1739,-37.1739
2026-12-02T15:17:00.000000000,2026-12-02T15:27:00.000000000,10,LSTM_uni,pm1,21.0,22.2033,-1.2033
2026-12-02T15:17:00.000000000,2026-12-02T15:27:00.000000000,10,LSTM_uni,pm2_5,35.0,35.7355,-0.7355
2026-12-02T15:17:00.000000000,2026-12-02T15:27:00.000000000,10,LSTM_uni,pm10,45.0,46.3034,-1.3034
2026-12-02T15:17:00.000000000,2026-12-02T15:27:00.000000000,10,LSTM_uni,co2,1673.0,1903.0481,-230.0481
2026-12-02T15:17:00.000000000,2026-12-02T15:27:00.000000000,10,LSTM_uni,voc,50.0,84.9923,-34.9923
2026-12-02T15:18:00.000000000,2026-12-02T15:28:00.000000000,10,LSTM_uni,pm1,22.0,22.2018,-0.2018
2026-12-02T15:18:00.000000000,2026-12-02T15:28:00.000000000,10,LSTM_uni,pm2_5,35.0,35.7052,-0.7052
2026-12-02T15:18:00.000000000,2026-12-02T15:28:00.000000000,10,LSTM_uni,pm10,46.0,46.7753,-0.7753
2026-12-02T15:18:00.000000000,2026-12-02T15:28:00.000000000,10,LSTM_uni,co2,1746.0,1899.7622,-153.7622
2026-12-02T15:18:00.000000000,2026-12-02T15:28:00.000000000,10,LSTM_uni,voc,48.0,76.9202,-28.9202
2026-12-02T15:19:00.000000000,2026-12-02T15:29:00.000000000,10,LSTM_uni,pm1,23.0,22.0672,0.9328
2026-12-02T15:19:00.000000000,2026-12-02T15:29:00.000000000,10,LSTM_uni,pm2_5,36.0,35.4213,0.5787
2026-12-02T15:19:00.000000000,2026-12-02T15:29:00.000000000,10,LSTM_uni,pm10,47.0,45.7539,1.2461
2026-12-02T15:19:00.000000000,2026-12-02T15:29:00.000000000,10,LSTM_uni,co2,1796.0,1933.8784,-137.8784
2026-12-02T15:19:00.000000000,2026-12-02T15:29:00.000000000,10,LSTM_uni,voc,47.0,86.5367,-39.5367
2026-12-02T15:20:00.000000000,2026-12-02T15:30:00.000000000,10,LSTM_uni,pm1,23.0,22.1753,0.8247
2026-12-02T15:20:00.000000000,2026-12-02T15:30:00.000000000,10,LSTM_uni,pm2_5,37.0,35.8385,1.1615
2026-12-02T15:20:00.000000000,2026-12-02T15:30:00.000000000,10,LSTM_uni,pm10,47.0,46.7205,0.2795
2026-12-02T15:20:00.000000000,2026-12-02T15:30:00.000000000,10,LSTM_uni,co2,1740.0,1877.7992,-137.7992
2026-12-02T15:20:00.000000000,2026-12-02T15:30:00.000000000,10,LSTM_uni,voc,47.0,77.4122,-30.4122
2026-12-02T15:21:00.000000000,2026-12-02T15:31:00.000000000,10,LSTM_uni,pm1,23.0,22.3672,0.6328
2026-12-02T15:21:00.000000000,2026-12-02T15:31:00.000000000,10,LSTM_uni,pm2_5,37.0,36.1491,0.8509
2026-12-02T15:21:00.000000000,2026-12-02T15:31:00.000000000,10,LSTM_uni,pm10,47.0,46.5214,0.4786
2026-12-02T15:21:00.000000000,2026-12-02T15:31:00.000000000,10,LSTM_uni,co2,1790.0,1872.4906,-82.4906
2026-12-02T15:21:00.000000000,2026-12-02T15:31:00.000000000,10,LSTM_uni,voc,49.0,74.2607,-25.2607
2026-12-02T15:22:00.000000000,2026-12-02T15:32:00.000000000,10,LSTM_uni,pm1,23.0,22.6171,0.3829
2026-12-02T15:22:00.000000000,2026-12-02T15:32:00.000000000,10,LSTM_uni,pm2_5,37.0,36.8663,0.1337
2026-12-02T15:22:00.000000000,2026-12-02T15:32:00.000000000,10,LSTM_uni,pm10,47.0,47.7816,-0.7816
2026-12-02T15:22:00.000000000,2026-12-02T15:32:00.000000000,10,LSTM_uni,co2,1744.0,1816.9824,-72.9824
2026-12-02T15:22:00.000000000,2026-12-02T15:32:00.000000000,10,LSTM_uni,voc,47.0,65.0538,-18.0538
2026-12-02T15:23:00.000000000,2026-12-02T15:33:00.000000000,10,LSTM_uni,pm1,23.0,22.6877,0.3123
2026-12-02T15:23:00.000000000,2026-12-02T15:33:00.000000000,10,LSTM_uni,pm2_5,37.0,36.6193,0.3807
2026-12-02T15:23:00.000000000,2026-12-02T15:33:00.000000000,10,LSTM_uni,pm10,48.0,47.1163,0.8837
2026-12-02T15:23:00.000000000,2026-12-02T15:33:00.000000000,10,LSTM_uni,co2,1702.0,1873.1952,-171.1952
2026-12-02T15:23:00.000000000,2026-12-02T15:33:00.000000000,10,LSTM_uni,voc,46.0,73.9795,-27.9795
2026-12-02T15:24:00.000000000,2026-12-02T15:34:00.000000000,10,LSTM_uni,pm1,23.0,22.7747,0.2253
2026-12-02T15:24:00.000000000,2026-12-02T15:34:00.000000000,10,LSTM_uni,pm2_5,37.0,36.689,0.311
2026-12-02T15:24:00.000000000,2026-12-02T15:34:00.000000000,10,LSTM_uni,pm10,48.0,47.6861,0.3139
2026-12-02T15:24:00.000000000,2026-12-02T15:34:00.000000000,10,LSTM_uni,co2,1697.0,1868.4774,-171.4774
2026-12-02T15:24:00.000000000,2026-12-02T15:34:00.000000000,10,LSTM_uni,voc,45.0,84.3849,-39.3849
2026-12-02T15:25:00.000000000,2026-12-02T15:35:00.000000000,10,LSTM_uni,pm1,23.0,23.0217,-0.0217
2026-12-02T15:25:00.000000000,2026-12-02T15:35:00.000000000,10,LSTM_uni,pm2_5,37.0,37.3459,-0.3459
2026-12-02T15:25:00.000000000,2026-12-02T15:35:00.000000000,10,LSTM_uni,pm10,47.0,48.4162,-1.4162
2026-12-02T15:25:00.000000000,2026-12-02T15:35:00.000000000,10,LSTM_uni,co2,1652.0,1825.1038,-173.1038
2026-12-02T15:25:00.000000000,2026-12-02T15:35:00.000000000,10,LSTM_uni,voc,44.0,77.6625,-33.6625
2026-12-02T15:26:00.000000000,2026-12-02T15:36:00.000000000,10,LSTM_uni,pm1,23.0,22.982,0.018
2026-12-02T15:26:00.000000000,2026-12-02T15:36:00.000000000,10,LSTM_uni,pm2_5,37.0,37.026,-0.026
2026-12-02T15:26:00.000000000,2026-12-02T15:36:00.000000000,10,LSTM_uni,pm10,47.0,47.8697,-0.8697
2026-12-02T15:26:00.000000000,2026-12-02T15:36:00.000000000,10,LSTM_uni,co2,1680.0,1831.6698,-151.6698
2026-12-02T15:26:00.000000000,2026-12-02T15:36:00.000000000,10,LSTM_uni,voc,44.0,78.9287,-34.9287
2026-12-02T15:27:00.000000000,2026-12-02T15:37:00.000000000,10,LSTM_uni,pm1,23.0,22.785,0.215
2026-12-02T15:27:00.000000000,2026-12-02T15:37:00.000000000,10,LSTM_uni,pm2_5,37.0,36.5327,0.4673
2026-12-02T15:27:00.000000000,2026-12-02T15:37:00.000000000,10,LSTM_uni,pm10,48.0,47.2842,0.7158
2026-12-02T15:27:00.000000000,2026-12-02T15:37:00.000000000,10,LSTM_uni,co2,1654.0,1844.9626,-190.9626
2026-12-02T15:27:00.000000000,2026-12-02T15:37:00.000000000,10,LSTM_uni,voc,44.0,90.9157,-46.9157
2026-12-02T15:28:00.000000000,2026-12-02T15:38:00.000000000,10,LSTM_uni,pm1,23.0,22.8168,0.1832
2026-12-02T15:28:00.000000000,2026-12-02T15:38:00.000000000,10,LSTM_uni,pm2_5,38.0,36.5009,1.4991
2026-12-02T15:28:00.000000000,2026-12-02T15:38:00.000000000,10,LSTM_uni,pm10,48.0,46.9345,1.0655
2026-12-02T15:28:00.000000000,2026-12-02T15:38:00.000000000,10,LSTM_uni,co2,1590.0,1824.2903,-234.2903
2026-12-02T15:28:00.000000000,2026-12-02T15:38:00.000000000,10,LSTM_uni,voc,65.0,97.8246,-32.8246
2026-12-02T15:29:00.000000000,2026-12-02T15:39:00.000000000,10,LSTM_uni,pm1,23.0,22.9047,0.0953
2026-12-02T15:29:00.000000000,2026-12-02T15:39:00.000000000,10,LSTM_uni,pm2_5,37.0,36.5856,0.4144
2026-12-02T15:29:00.000000000,2026-12-02T15:39:00.000000000,10,LSTM_uni,pm10,46.0,47.0192,-1.0192
2026-12-02T15:29:00.000000000,2026-12-02T15:39:00.000000000,10,LSTM_uni,co2,1532.0,1780.936,-248.936
2026-12-02T15:29:00.000000000,2026-12-02T15:39:00.000000000,10,LSTM_uni,voc,117.0,89.8166,27.1834
2026-12-02T15:30:00.000000000,2026-12-02T15:40:00.000000000,10,LSTM_uni,pm1,23.0,23.0323,-0.0323
2026-12-02T15:30:00.000000000,2026-12-02T15:40:00.000000000,10,LSTM_uni,pm2_5,37.0,37.0891,-0.0891
2026-12-02T15:30:00.000000000,2026-12-02T15:40:00.000000000,10,LSTM_uni,pm10,48.0,47.7734,0.2266
2026-12-02T15:30:00.000000000,2026-12-02T15:40:00.000000000,10,LSTM_uni,co2,1530.0,1772.6387,-242.6387
2026-12-02T15:30:00.000000000,2026-12-02T15:40:00.000000000,10,LSTM_uni,voc,99.0,79.0864,19.9136
2026-12-02T15:31:00.000000000,2026-12-02T15:41:00.000000000,10,LSTM_uni,pm1,23.0,23.0528,-0.0528
2026-12-02T15:31:00.000000000,2026-12-02T15:41:00.000000000,10,LSTM_uni,pm2_5,37.0,37.2875,-0.2875
2026-12-02T15:31:00.000000000,2026-12-02T15:41:00.000000000,10,LSTM_uni,pm10,47.0,48.1492,-1.1492
2026-12-02T15:31:00.000000000,2026-12-02T15:41:00.000000000,10,LSTM_uni,co2,1601.0,1787.5012,-186.5012
2026-12-02T15:31:00.000000000,2026-12-02T15:41:00.000000000,10,LSTM_uni,voc,74.0,77.019,-3.019
2026-12-02T15:32:00.000000000,2026-12-02T15:42:00.000000000,10,LSTM_uni,pm1,23.0,23.0913,-0.0913
2026-12-02T15:32:00.000000000,2026-12-02T15:42:00.000000000,10,LSTM_uni,pm2_5,37.0,37.1653,-0.1653
2026-12-02T15:32:00.000000000,2026-12-02T15:42:00.000000000,10,LSTM_uni,pm10,47.0,48.2674,-1.2674
2026-12-02T15:32:00.000000000,2026-12-02T15:42:00.000000000,10,LSTM_uni,co2,1670.0,1806.7655,-136.7655
2026-12-02T15:32:00.000000000,2026-12-02T15:42:00.000000000,10,LSTM_uni,voc,61.0,79.6075,-18.6075
2026-12-02T15:33:00.000000000,2026-12-02T15:43:00.000000000,10,LSTM_uni,pm1,23.0,23.129,-0.129
2026-12-02T15:33:00.000000000,2026-12-02T15:43:00.000000000,10,LSTM_uni,pm2_5,37.0,37.1832,-0.1832
2026-12-02T15:33:00.000000000,2026-12-02T15:43:00.000000000,10,LSTM_uni,pm10,48.0,48.3926,-0.3926
2026-12-02T15:33:00.000000000,2026-12-02T15:43:00.000000000,10,LSTM_uni,co2,1684.0,1803.626,-119.626
2026-12-02T15:33:00.000000000,2026-12-02T15:43:00.000000000,10,LSTM_uni,voc,71.0,80.1703,-9.1703
2026-12-02T15:34:00.000000000,2026-12-02T15:44:00.000000000,10,LSTM_uni,pm1,23.0,23.2649,-0.2649
2026-12-02T15:34:00.000000000,2026-12-02T15:44:00.000000000,10,LSTM_uni,pm2_5,37.0,37.3345,-0.3345
2026-12-02T15:34:00.000000000,2026-12-02T15:44:00.000000000,10,LSTM_uni,pm10,49.0,48.5168,0.4832
2026-12-02T15:34:00.000000000,2026-12-02T15:44:00.000000000,10,LSTM_uni,co2,1652.0,1807.5258,-155.5258
2026-12-02T15:34:00.000000000,2026-12-02T15:44:00.000000000,10,LSTM_uni,voc,72.0,83.9896,-11.9896
2026-12-02T15:35:00.000000000,2026-12-02T15:45:00.000000000,10,LSTM_uni,pm1,23.0,23.3073,-0.3073
2026-12-02T15:35:00.000000000,2026-12-02T15:45:00.000000000,10,LSTM_uni,pm2_5,37.0,37.4041,-0.4041
2026-12-02T15:35:00.000000000,2026-12-02T15:45:00.000000000,10,LSTM_uni,pm10,48.0,48.4941,-0.4941
2026-12-02T15:35:00.000000000,2026-12-02T15:45:00.000000000,10,LSTM_uni,co2,1647.0,1793.8878,-146.8878
2026-12-02T15:35:00.000000000,2026-12-02T15:45:00.000000000,10,LSTM_uni,voc,64.0,85.2945,-21.2945
2026-12-02T15:36:00.000000000,2026-12-02T15:46:00.000000000,10,LSTM_uni,pm1,23.0,23.3299,-0.3299
2026-12-02T15:36:00.000000000,2026-12-02T15:46:00.000000000,10,LSTM_uni,pm2_5,38.0,37.5117,0.4883
2026-12-02T15:36:00.000000000,2026-12-02T15:46:00.000000000,10,LSTM_uni,pm10,48.0,48.6968,-0.6968
2026-12-02T15:36:00.000000000,2026-12-02T15:46:00.000000000,10,LSTM_uni,co2,1655.0,1797.2578,-142.2578
2026-12-02T15:36:00.000000000,2026-12-02T15:46:00.000000000,10,LSTM_uni,voc,57.0,87.3288,-30.3288
2026-12-02T15:37:00.000000000,2026-12-02T15:47:00.000000000,10,LSTM_uni,pm1,24.0,23.3718,0.6282
2026-12-02T15:37:00.000000000,2026-12-02T15:47:00.000000000,10,LSTM_uni,pm2_5,37.0,37.5468,-0.5468
2026-12-02T15:37:00.000000000,2026-12-02T15:47:00.000000000,10,LSTM_uni,pm10,48.0,48.7448,-0.7448
2026-12-02T15:37:00.000000000,2026-12-02T15:47:00.000000000,10,LSTM_uni,co2,1727.0,1797.9741,-70.9741
2026-12-02T15:37:00.000000000,2026-12-02T15:47:00.000000000,10,LSTM_uni,voc,52.0,91.4667,-39.4667
2026-12-02T15:38:00.000000000,2026-12-02T15:48:00.000000000,10,LSTM_uni,pm1,23.0,23.4686,-0.4686
2026-12-02T15:38:00.000000000,2026-12-02T15:48:00.000000000,10,LSTM_uni,pm2_5,37.0,37.6786,-0.6786
2026-12-02T15:38:00.000000000,2026-12-02T15:48:00.000000000,10,LSTM_uni,pm10,47.0,48.7204,-1.7204
2026-12-02T15:38:00.000000000,2026-12-02T15:48:00.000000000,10,LSTM_uni,co2,1636.0,1790.6656,-154.6656
2026-12-02T15:38:00.000000000,2026-12-02T15:48:00.000000000,10,LSTM_uni,voc,51.0,94.1264,-43.1264
2026-12-02T15:39:00.000000000,2026-12-02T15:49:00.000000000,10,LSTM_uni,pm1,23.0,23.498,-0.498
2026-12-02T15:39:00.000000000,2026-12-02T15:49:00.000000000,10,LSTM_uni,pm2_5,37.0,37.8247,-0.8247
2026-12-02T15:39:00.000000000,2026-12-02T15:49:00.000000000,10,LSTM_uni,pm10,49.0,48.8672,0.1328
2026-12-02T15:39:00.000000000,2026-12-02T15:49:00.000000000,10,LSTM_uni,co2,1636.0,1778.9934,-142.9934
2026-12-02T15:39:00.000000000,2026-12-02T15:49:00.000000000,10,LSTM_uni,voc,54.0,105.0854,-51.0854
2026-12-02T15:40:00.000000000,2026-12-02T15:50:00.000000000,10,LSTM_uni,pm1,23.0,23.3168,-0.3168
2026-12-02T15:40:00.000000000,2026-12-02T15:50:00.000000000,10,LSTM_uni,pm2_5,38.0,37.2225,0.7775
2026-12-02T15:40:00.000000000,2026-12-02T15:50:00.000000000,10,LSTM_uni,pm10,48.0,48.1358,-0.1358
2026-12-02T15:40:00.000000000,2026-12-02T15:50:00.000000000,10,LSTM_uni,co2,1619.0,1839.413,-220.413
2026-12-02T15:40:00.000000000,2026-12-02T15:50:00.000000000,10,LSTM_uni,voc,68.0,145.5987,-77.5987
2026-12-02T15:41:00.000000000,2026-12-02T15:51:00.000000000,10,LSTM_uni,pm1,23.0,23.4802,-0.4802
2026-12-02T15:41:00.000000000,2026-12-02T15:51:00.000000000,10,LSTM_uni,pm2_5,37.0,37.5819,-0.5819
2026-12-02T15:41:00.000000000,2026-12-02T15:51:00.000000000,10,LSTM_uni,pm10,49.0,48.247,0.753
2026-12-02T15:41:00.000000000,2026-12-02T15:51:00.000000000,10,LSTM_uni,co2,1651.0,1794.4066,-143.4066
2026-12-02T15:41:00.000000000,2026-12-02T15:51:00.000000000,10,LSTM_uni,voc,73.0,130.9725,-57.9725
2026-12-02T15:42:00.000000000,2026-12-02T15:52:00.000000000,10,LSTM_uni,pm1,23.0,23.5381,-0.5381
2026-12-02T15:42:00.000000000,2026-12-02T15:52:00.000000000,10,LSTM_uni,pm2_5,37.0,37.7207,-0.7207
2026-12-02T15:42:00.000000000,2026-12-02T15:52:00.000000000,10,LSTM_uni,pm10,48.0,48.1793,-0.1793
2026-12-02T15:42:00.000000000,2026-12-02T15:52:00.000000000,10,LSTM_uni,co2,1688.0,1712.3151,-24.3151
2026-12-02T15:42:00.000000000,2026-12-02T15:52:00.000000000,10,LSTM_uni,voc,68.0,109.0573,-41.0573
2026-12-02T15:43:00.000000000,2026-12-02T15:53:00.000000000,10,LSTM_uni,pm1,23.0,23.5155,-0.5155
2026-12-02T15:43:00.000000000,2026-12-02T15:53:00.000000000,10,LSTM_uni,pm2_5,37.0,37.6301,-0.6301
2026-12-02T15:43:00.000000000,2026-12-02T15:53:00.000000000,10,LSTM_uni,pm10,48.0,48.3305,-0.3305
2026-12-02T15:43:00.000000000,2026-12-02T15:53:00.000000000,10,LSTM_uni,co2,1727.0,1688.0945,38.9055
2026-12-02T15:43:00.000000000,2026-12-02T15:53:00.000000000,10,LSTM_uni,voc,61.0,100.8618,-39.8618
2026-12-02T15:44:00.000000000,2026-12-02T15:54:00.000000000,10,LSTM_uni,pm1,23.0,23.5093,-0.5093
2026-12-02T15:44:00.000000000,2026-12-02T15:54:00.000000000,10,LSTM_uni,pm2_5,37.0,37.5128,-0.5128
2026-12-02T15:44:00.000000000,2026-12-02T15:54:00.000000000,10,LSTM_uni,pm10,48.0,48.2328,-0.2328
2026-12-02T15:44:00.000000000,2026-12-02T15:54:00.000000000,10,LSTM_uni,co2,1700.0,1706.2356,-6.2356
2026-12-02T15:44:00.000000000,2026-12-02T15:54:00.000000000,10,LSTM_uni,voc,57.0,111.2333,-54.2333
2026-12-02T15:45:00.000000000,2026-12-02T15:55:00.000000000,10,LSTM_uni,pm1,23.0,23.5267,-0.5267
2026-12-02T15:45:00.000000000,2026-12-02T15:55:00.000000000,10,LSTM_uni,pm2_5,37.0,37.5433,-0.5433
2026-12-02T15:45:00.000000000,2026-12-02T15:55:00.000000000,10,LSTM_uni,pm10,48.0,48.1245,-0.1245
2026-12-02T15:45:00.000000000,2026-12-02T15:55:00.000000000,10,LSTM_uni,co2,1728.0,1715.1277,12.8723
2026-12-02T15:45:00.000000000,2026-12-02T15:55:00.000000000,10,LSTM_uni,voc,55.0,114.7144,-59.7144
2026-12-02T15:46:00.000000000,2026-12-02T15:56:00.000000000,10,LSTM_uni,pm1,23.0,23.4372,-0.4372
2026-12-02T15:46:00.000000000,2026-12-02T15:56:00.000000000,10,LSTM_uni,pm2_5,37.0,37.47,-0.47
2026-12-02T15:46:00.000000000,2026-12-02T15:56:00.000000000,10,LSTM_uni,pm10,47.0,48.1071,-1.1071
2026-12-02T15:46:00.000000000,2026-12-02T15:56:00.000000000,10,LSTM_uni,co2,1694.0,1704.7534,-10.7534
2026-12-02T15:46:00.000000000,2026-12-02T15:56:00.000000000,10,LSTM_uni,voc,53.0,106.4233,-53.4233
2026-12-02T15:47:00.000000000,2026-12-02T15:57:00.000000000,10,LSTM_uni,pm1,23.0,23.4171,-0.4171
2026-12-02T15:47:00.000000000,2026-12-02T15:57:00.000000000,10,LSTM_uni,pm2_5,37.0,37.5344,-0.5344
2026-12-02T15:47:00.000000000,2026-12-02T15:57:00.000000000,10,LSTM_uni,pm10,48.0,48.4403,-0.4403
2026-12-02T15:47:00.000000000,2026-12-02T15:57:00.000000000,10,LSTM_uni,co2,1667.0,1683.8729,-16.8729
2026-12-02T15:47:00.000000000,2026-12-02T15:57:00.000000000,10,LSTM_uni,voc,54.0,95.4039,-41.4039
2026-12-02T15:48:00.000000000,2026-12-02T15:58:00.000000000,10,LSTM_uni,pm1,23.0,23.4154,-0.4154
2026-12-02T15:48:00.000000000,2026-12-02T15:58:00.000000000,10,LSTM_uni,pm2_5,37.0,37.2931,-0.2931
2026-12-02T15:48:00.000000000,2026-12-02T15:58:00.000000000,10,LSTM_uni,pm10,48.0,48.3067,-0.3067
2026-12-02T15:48:00.000000000,2026-12-02T15:58:00.000000000,10,LSTM_uni,co2,1702.0,1703.8049,-1.8049
2026-12-02T15:48:00.000000000,2026-12-02T15:58:00.000000000,10,LSTM_uni,voc,55.0,90.8171,-35.8171
2026-12-02T15:49:00.000000000,2026-12-02T15:59:00.000000000,10,LSTM_uni,pm1,23.0,23.3953,-0.3953
2026-12-02T15:49:00.000000000,2026-12-02T15:59:00.000000000,10,LSTM_uni,pm2_5,36.0,37.4929,-1.4929
2026-12-02T15:49:00.000000000,2026-12-02T15:59:00.000000000,10,LSTM_uni,pm10,48.0,48.3671,-0.3671
2026-12-02T15:49:00.000000000,2026-12-02T15:59:00.000000000,10,LSTM_uni,co2,1668.0,1740.9768,-72.9768
2026-12-02T15:49:00.000000000,2026-12-02T15:59:00.000000000,10,LSTM_uni,voc,59.0,101.1924,-42.1924
2026-12-02T15:50:00.000000000,2026-12-02T16:00:00.000000000,10,LSTM_uni,pm1,23.0,23.4967,-0.4967
2026-12-02T15:50:00.000000000,2026-12-02T16:00:00.000000000,10,LSTM_uni,pm2_5,37.0,37.5,-0.5
2026-12-02T15:50:00.000000000,2026-12-02T16:00:00.000000000,10,LSTM_uni,pm10,48.0,48.4605,-0.4605
2026-12-02T15:50:00.000000000,2026-12-02T16:00:00.000000000,10,LSTM_uni,co2,1673.0,1754.2906,-81.2906
2026-12-02T15:50:00.000000000,2026-12-02T16:00:00.000000000,10,LSTM_uni,voc,62.0,110.0684,-48.0684
2026-12-02T15:51:00.000000000,2026-12-02T16:01:00.000000000,10,LSTM_uni,pm1,23.0,23.5271,-0.5271
2026-12-02T15:51:00.000000000,2026-12-02T16:01:00.000000000,10,LSTM_uni,pm2_5,37.0,37.8515,-0.8515
2026-12-02T15:51:00.000000000,2026-12-02T16:01:00.000000000,10,LSTM_uni,pm10,47.0,48.6785,-1.6785
2026-12-02T15:51:00.000000000,2026-12-02T16:01:00.000000000,10,LSTM_uni,co2,1726.0,1735.8251,-9.8251
2026-12-02T15:51:00.000000000,2026-12-02T16:01:00.000000000,10,LSTM_uni,voc,63.0,113.3212,-50.3212
2026-12-02T15:52:00.000000000,2026-12-02T16:02:00.000000000,10,LSTM_uni,pm1,23.0,23.5018,-0.5018
2026-12-02T15:52:00.000000000,2026-12-02T16:02:00.000000000,10,LSTM_uni,pm2_5,37.0,37.4198,-0.4198
2026-12-02T15:52:00.000000000,2026-12-02T16:02:00.000000000,10,LSTM_uni,pm10,48.0,48.2169,-0.2169
2026-12-02T15:52:00.000000000,2026-12-02T16:02:00.000000000,10,LSTM_uni,co2,1704.0,1762.9973,-58.9973
2026-12-02T15:52:00.000000000,2026-12-02T16:02:00.000000000,10,LSTM_uni,voc,64.0,119.4165,-55.4165
2026-12-02T15:53:00.000000000,2026-12-02T16:03:00.000000000,10,LSTM_uni,pm1,23.0,23.4642,-0.4642
2026-12-02T15:53:00.000000000,2026-12-02T16:03:00.000000000,10,LSTM_uni,pm2_5,37.0,37.4583,-0.4583
2026-12-02T15:53:00.000000000,2026-12-02T16:03:00.000000000,10,LSTM_uni,pm10,47.0,48.3716,-1.3716
2026-12-02T15:53:00.000000000,2026-12-02T16:03:00.000000000,10,LSTM_uni,co2,1644.0,1734.7159,-90.7159
2026-12-02T15:53:00.000000000,2026-12-02T16:03:00.000000000,10,LSTM_uni,voc,72.0,112.538,-40.538
2026-12-02T15:54:00.000000000,2026-12-02T16:04:00.000000000,10,LSTM_uni,pm1,23.0,23.4945,-0.4945
2026-12-02T15:54:00.000000000,2026-12-02T16:04:00.000000000,10,LSTM_uni,pm2_5,37.0,37.4525,-0.4525
2026-12-02T15:54:00.000000000,2026-12-02T16:04:00.000000000,10,LSTM_uni,pm10,48.0,48.563,-0.563
2026-12-02T15:54:00.000000000,2026-12-02T16:04:00.000000000,10,LSTM_uni,co2,1609.0,1736.5846,-127.5846
2026-12-02T15:54:00.000000000,2026-12-02T16:04:00.000000000,10,LSTM_uni,voc,82.0,109.3475,-27.3475
2026-12-02T15:55:00.000000000,2026-12-02T16:05:00.000000000,10,LSTM_uni,pm1,23.0,23.5253,-0.5253
2026-12-02T15:55:00.000000000,2026-12-02T16:05:00.000000000,10,LSTM_uni,pm2_5,37.0,37.5649,-0.5649
2026-12-02T15:55:00.000000000,2026-12-02T16:05:00.000000000,10,LSTM_uni,pm10,48.0,48.7101,-0.7101
2026-12-02T15:55:00.000000000,2026-12-02T16:05:00.000000000,10,LSTM_uni,co2,1610.0,1742.5325,-132.5325
2026-12-02T15:55:00.000000000,2026-12-02T16:05:00.000000000,10,LSTM_uni,voc,87.0,109.6035,-22.6035
2026-12-02T15:56:00.000000000,2026-12-02T16:06:00.000000000,10,LSTM_uni,pm1,23.0,23.5379,-0.5379
2026-12-02T15:56:00.000000000,2026-12-02T16:06:00.000000000,10,LSTM_uni,pm2_5,38.0,37.6061,0.3939
2026-12-02T15:56:00.000000000,2026-12-02T16:06:00.000000000,10,LSTM_uni,pm10,49.0,48.7918,0.2082
2026-12-02T15:56:00.000000000,2026-12-02T16:06:00.000000000,10,LSTM_uni,co2,1668.0,1752.0426,-84.0426
2026-12-02T15:56:00.000000000,2026-12-02T16:06:00.000000000,10,LSTM_uni,voc,95.0,110.4557,-15.4557
2026-12-02T15:57:00.000000000,2026-12-02T16:07:00.000000000,10,LSTM_uni,pm1,24.0,23.4599,0.5401
2026-12-02T15:57:00.000000000,2026-12-02T16:07:00.000000000,10,LSTM_uni,pm2_5,38.0,37.5484,0.4516
2026-12-02T15:57:00.000000000,2026-12-02T16:07:00.000000000,10,LSTM_uni,pm10,50.0,48.7662,1.2338
2026-12-02T15:57:00.000000000,2026-12-02T16:07:00.000000000,10,LSTM_uni,co2,1592.0,1752.9231,-160.9231
2026-12-02T15:57:00.000000000,2026-12-02T16:07:00.000000000,10,LSTM_uni,voc,152.0,106.7209,45.2791
2026-12-02T15:58:00.000000000,2026-12-02T16:08:00.000000000,10,LSTM_uni,pm1,23.0,23.4968,-0.4968
2026-12-02T15:58:00.000000000,2026-12-02T16:08:00.000000000,10,LSTM_uni,pm2_5,38.0,37.5105,0.4895
2026-12-02T15:58:00.000000000,2026-12-02T16:08:00.000000000,10,LSTM_uni,pm10,49.0,48.6913,0.3087
2026-12-02T15:58:00.000000000,2026-12-02T16:08:00.000000000,10,LSTM_uni,co2,1626.0,1761.0459,-135.0459
2026-12-02T15:58:00.000000000,2026-12-02T16:08:00.000000000,10,LSTM_uni,voc,151.0,107.8434,43.1566
2026-12-02T15:59:00.000000000,2026-12-02T16:09:00.000000000,10,LSTM_uni,pm1,23.0,23.5044,-0.5044
2026-12-02T15:59:00.000000000,2026-12-02T16:09:00.000000000,10,LSTM_uni,pm2_5,37.0,37.5602,-0.5602
2026-12-02T15:59:00.000000000,2026-12-02T16:09:00.000000000,10,LSTM_uni,pm10,48.0,48.5523,-0.5523
2026-12-02T15:59:00.000000000,2026-12-02T16:09:00.000000000,10,LSTM_uni,co2,1653.0,1756.049,-103.049
2026-12-02T15:59:00.000000000,2026-12-02T16:09:00.000000000,10,LSTM_uni,voc,115.0,106.5291,8.4709
2026-12-02T16:00:00.000000000,2026-12-02T16:10:00.000000000,10,LSTM_uni,pm1,23.0,23.4359,-0.4359
2026-12-02T16:00:00.000000000,2026-12-02T16:10:00.000000000,10,LSTM_uni,pm2_5,37.0,37.2617,-0.2617
2026-12-02T16:00:00.000000000,2026-12-02T16:10:00.000000000,10,LSTM_uni,pm10,48.0,48.2355,-0.2355
2026-12-02T16:00:00.000000000,2026-12-02T16:10:00.000000000,10,LSTM_uni,co2,1627.0,1777.688,-150.688
2026-12-02T16:00:00.000000000,2026-12-02T16:10:00.000000000,10,LSTM_uni,voc,109.0,112.3185,-3.3185
2026-12-02T16:01:00.000000000,2026-12-02T16:11:00.000000000,10,LSTM_uni,pm1,23.0,23.518,-0.518
2026-12-02T16:01:00.000000000,2026-12-02T16:11:00.000000000,10,LSTM_uni,pm2_5,36.0,37.7322,-1.7322
2026-12-02T16:01:00.000000000,2026-12-02T16:11:00.000000000,10,LSTM_uni,pm10,47.0,48.8598,-1.8598
2026-12-02T16:01:00.000000000,2026-12-02T16:11:00.000000000,10,LSTM_uni,co2,1654.0,1769.1575,-115.1575
2026-12-02T16:01:00.000000000,2026-12-02T16:11:00.000000000,10,LSTM_uni,voc,118.0,113.1758,4.8242
2026-12-02T16:02:00.000000000,2026-12-02T16:12:00.000000000,10,LSTM_uni,pm1,23.0,23.5201,-0.5201
2026-12-02T16:02:00.000000000,2026-12-02T16:12:00.000000000,10,LSTM_uni,pm2_5,37.0,37.7055,-0.7055
2026-12-02T16:02:00.000000000,2026-12-02T16:12:00.000000000,10,LSTM_uni,pm10,48.0,48.8352,-0.8352
2026-12-02T16:02:00.000000000,2026-12-02T16:12:00.000000000,10,LSTM_uni,co2,1632.0,1777.6566,-145.6566
2026-12-02T16:02:00.000000000,2026-12-02T16:12:00.000000000,10,LSTM_uni,voc,239.0,112.0388,126.9612
2026-12-02T16:03:00.000000000,2026-12-02T16:13:00.000000000,10,LSTM_uni,pm1,23.0,23.5581,-0.5581
2026-12-02T16:03:00.000000000,2026-12-02T16:13:00.000000000,10,LSTM_uni,pm2_5,37.0,37.6976,-0.6976
2026-12-02T16:03:00.000000000,2026-12-02T16:13:00.000000000,10,LSTM_uni,pm10,47.0,48.9425,-1.9425
2026-12-02T16:03:00.000000000,2026-12-02T16:13:00.000000000,10,LSTM_uni,co2,1608.0,1784.7383,-176.7383
2026-12-02T16:03:00.000000000,2026-12-02T16:13:00.000000000,10,LSTM_uni,voc,200.0,114.3643,85.6357
2026-12-02T16:04:00.000000000,2026-12-02T16:14:00.000000000,10,LSTM_uni,pm1,23.0,23.5167,-0.5167
2026-12-02T16:04:00.000000000,2026-12-02T16:14:00.000000000,10,LSTM_uni,pm2_5,36.0,37.7094,-1.7094
2026-12-02T16:04:00.000000000,2026-12-02T16:14:00.000000000,10,LSTM_uni,pm10,46.0,48.8718,-2.8718
2026-12-02T16:04:00.000000000,2026-12-02T16:14:00.000000000,10,LSTM_uni,co2,1647.0,1786.8308,-139.8308
2026-12-02T16:04:00.000000000,2026-12-02T16:14:00.000000000,10,LSTM_uni,voc,153.0,117.5299,35.4701
2026-12-02T16:05:00.000000000,2026-12-02T16:15:00.000000000,10,LSTM_uni,pm1,23.0,23.5163,-0.5163
2026-12-02T16:05:00.000000000,2026-12-02T16:15:00.000000000,10,LSTM_uni,pm2_5,36.0,37.6353,-1.6353
2026-12-02T16:05:00.000000000,2026-12-02T16:15:00.000000000,10,LSTM_uni,pm10,47.0,48.7202,-1.7202
2026-12-02T16:05:00.000000000,2026-12-02T16:15:00.000000000,10,LSTM_uni,co2,1725.0,1789.8513,-64.8513
2026-12-02T16:05:00.000000000,2026-12-02T16:15:00.000000000,10,LSTM_uni,voc,123.0,123.3348,-0.3348
2026-12-02T16:06:00.000000000,2026-12-02T16:16:00.000000000,10,LSTM_uni,pm1,22.0,23.5197,-1.5197
2026-12-02T16:06:00.000000000,2026-12-02T16:16:00.000000000,10,LSTM_uni,pm2_5,36.0,37.6417,-1.6417
2026-12-02T16:06:00.000000000,2026-12-02T16:16:00.000000000,10,LSTM_uni,pm10,46.0,48.4904,-2.4904
2026-12-02T16:06:00.000000000,2026-12-02T16:16:00.000000000,10,LSTM_uni,co2,1685.0,1769.0371,-84.0371
2026-12-02T16:06:00.000000000,2026-12-02T16:16:00.000000000,10,LSTM_uni,voc,103.0,123.1164,-20.1164
2026-12-02T16:07:00.000000000,2026-12-02T16:17:00.000000000,10,LSTM_uni,pm1,22.0,23.6231,-1.6231
2026-12-02T16:07:00.000000000,2026-12-02T16:17:00.000000000,10,LSTM_uni,pm2_5,36.0,37.8708,-1.8708
2026-12-02T16:07:00.000000000,2026-12-02T16:17:00.000000000,10,LSTM_uni,pm10,46.0,48.8371,-2.8371
2026-12-02T16:07:00.000000000,2026-12-02T16:17:00.000000000,10,LSTM_uni,co2,1685.0,1754.6738,-69.6738
2026-12-02T16:07:00.000000000,2026-12-02T16:17:00.000000000,10,LSTM_uni,voc,103.0,125.9426,-22.9426
2026-12-02T16:08:00.000000000,2026-12-02T16:18:00.000000000,10,LSTM_uni,pm1,22.0,23.615,-1.615
2026-12-02T16:08:00.000000000,2026-12-02T16:18:00.000000000,10,LSTM_uni,pm2_5,36.0,37.6572,-1.6572
2026-12-02T16:08:00.000000000,2026-12-02T16:18:00.000000000,10,LSTM_uni,pm10,47.0,48.9416,-1.9416
2026-12-02T16:08:00.000000000,2026-12-02T16:18:00.000000000,10,LSTM_uni,co2,1685.0,1810.9559,-125.9559
2026-12-02T16:08:00.000000000,2026-12-02T16:18:00.000000000,10,LSTM_uni,voc,81.0,164.3204,-83.3204
2026-12-02T16:09:00.000000000,2026-12-02T16:19:00.000000000,10,LSTM_uni,pm1,23.0,23.6244,-0.6244
2026-12-02T16:09:00.000000000,2026-12-02T16:19:00.000000000,10,LSTM_uni,pm2_5,36.0,37.8628,-1.8628
2026-12-02T16:09:00.000000000,2026-12-02T16:19:00.000000000,10,LSTM_uni,pm10,47.0,48.8931,-1.8931
2026-12-02T16:09:00.000000000,2026-12-02T16:19:00.000000000,10,LSTM_uni,co2,1655.0,1799.7428,-144.7428
2026-12-02T16:09:00.000000000,2026-12-02T16:19:00.000000000,10,LSTM_uni,voc,78.0,171.1168,-93.1168
2026-12-02T16:10:00.000000000,2026-12-02T16:20:00.000000000,10,LSTM_uni,pm1,23.0,23.487,-0.487
2026-12-02T16:10:00.000000000,2026-12-02T16:20:00.000000000,10,LSTM_uni,pm2_5,36.0,37.4512,-1.4512
2026-12-02T16:10:00.000000000,2026-12-02T16:20:00.000000000,10,LSTM_uni,pm10,48.0,48.6851,-0.6851
2026-12-02T16:10:00.000000000,2026-12-02T16:20:00.000000000,10,LSTM_uni,co2,1677.0,1729.4885,-52.4885
2026-12-02T16:10:00.000000000,2026-12-02T16:20:00.000000000,10,LSTM_uni,voc,84.0,149.8344,-65.8344
2026-12-02T16:11:00.000000000,2026-12-02T16:21:00.000000000,10,LSTM_uni,pm1,23.0,23.4904,-0.4904
2026-12-02T16:11:00.000000000,2026-12-02T16:21:00.000000000,10,LSTM_uni,pm2_5,37.0,37.3254,-0.3254
2026-12-02T16:11:00.000000000,2026-12-02T16:21:00.000000000,10,LSTM_uni,pm10,48.0,48.7024,-0.7024
2026-12-02T16:11:00.000000000,2026-12-02T16:21:00.000000000,10,LSTM_uni,co2,1732.0,1688.8258,43.1742
2026-12-02T16:11:00.000000000,2026-12-02T16:21:00.000000000,10,LSTM_uni,voc,264.0,145.4892,118.5108
2026-12-02T16:12:00.000000000,2026-12-02T16:22:00.000000000,10,LSTM_uni,pm1,23.0,23.3669,-0.3669
2026-12-02T16:12:00.000000000,2026-12-02T16:22:00.000000000,10,LSTM_uni,pm2_5,36.0,37.016,-1.016
2026-12-02T16:12:00.000000000,2026-12-02T16:22:00.000000000,10,LSTM_uni,pm10,47.0,48.0363,-1.0363
2026-12-02T16:12:00.000000000,2026-12-02T16:22:00.000000000,10,LSTM_uni,co2,1713.0,1707.3146,5.6854
2026-12-02T16:12:00.000000000,2026-12-02T16:22:00.000000000,10,LSTM_uni,voc,489.0,155.4791,333.5209
2026-12-02T16:13:00.000000000,2026-12-02T16:23:00.000000000,10,LSTM_uni,pm1,23.0,23.0816,-0.0816
2026-12-02T16:13:00.000000000,2026-12-02T16:23:00.000000000,10,LSTM_uni,pm2_5,36.0,36.5824,-0.5824
2026-12-02T16:13:00.000000000,2026-12-02T16:23:00.000000000,10,LSTM_uni,pm10,48.0,47.5451,0.4549
2026-12-02T16:13:00.000000000,2026-12-02T16:23:00.000000000,10,LSTM_uni,co2,1677.0,1825.0422,-148.0422
2026-12-02T16:13:00.000000000,2026-12-02T16:23:00.000000000,10,LSTM_uni,voc,499.0,251.8858,247.1142
2026-12-02T16:14:00.000000000,2026-12-02T16:24:00.000000000,10,LSTM_uni,pm1,23.0,23.3407,-0.3407
2026-12-02T16:14:00.000000000,2026-12-02T16:24:00.000000000,10,LSTM_uni,pm2_5,36.0,37.3541,-1.3541
2026-12-02T16:14:00.000000000,2026-12-02T16:24:00.000000000,10,LSTM_uni,pm10,47.0,47.6879,-0.6879
2026-12-02T16:14:00.000000000,2026-12-02T16:24:00.000000000,10,LSTM_uni,co2,1661.0,1759.7523,-98.7523
2026-12-02T16:14:00.000000000,2026-12-02T16:24:00.000000000,10,LSTM_uni,voc,499.0,217.5661,281.4338
2026-12-02T16:15:00.000000000,2026-12-02T16:25:00.000000000,10,LSTM_uni,pm1,23.0,23.244,-0.244
2026-12-02T16:15:00.000000000,2026-12-02T16:25:00.000000000,10,LSTM_uni,pm2_5,37.0,36.946,0.054
2026-12-02T16:15:00.000000000,2026-12-02T16:25:00.000000000,10,LSTM_uni,pm10,47.0,47.7522,-0.7522
2026-12-02T16:15:00.000000000,2026-12-02T16:25:00.000000000,10,LSTM_uni,co2,1700.0,1675.5125,24.4875
2026-12-02T16:15:00.000000000,2026-12-02T16:25:00.000000000,10,LSTM_uni,voc,499.0,185.8518,313.1482
2026-12-02T16:16:00.000000000,2026-12-02T16:26:00.000000000,10,LSTM_uni,pm1,23.0,23.2683,-0.2683
2026-12-02T16:16:00.000000000,2026-12-02T16:26:00.000000000,10,LSTM_uni,pm2_5,37.0,36.8997,0.1003
2026-12-02T16:16:00.000000000,2026-12-02T16:26:00.000000000,10,LSTM_uni,pm10,47.0,47.7027,-0.7027
2026-12-02T16:16:00.000000000,2026-12-02T16:26:00.000000000,10,LSTM_uni,co2,1701.0,1611.4237,89.5763
2026-12-02T16:16:00.000000000,2026-12-02T16:26:00.000000000,10,LSTM_uni,voc,499.0,162.7957,336.2043
2026-12-02T16:17:00.000000000,2026-12-02T16:27:00.000000000,10,LSTM_uni,pm1,22.0,23.2411,-1.2411
2026-12-02T16:17:00.000000000,2026-12-02T16:27:00.000000000,10,LSTM_uni,pm2_5,36.0,36.8477,-0.8477
2026-12-02T16:17:00.000000000,2026-12-02T16:27:00.000000000,10,LSTM_uni,pm10,46.0,47.1253,-1.1253
2026-12-02T16:17:00.000000000,2026-12-02T16:27:00.000000000,10,LSTM_uni,co2,1708.0,1608.7218,99.2782
2026-12-02T16:17:00.000000000,2026-12-02T16:27:00.000000000,10,LSTM_uni,voc,499.0,154.5203,344.4797
2026-12-02T16:18:00.000000000,2026-12-02T16:28:00.000000000,10,LSTM_uni,pm1,23.0,23.1684,-0.1684
2026-12-02T16:18:00.000000000,2026-12-02T16:28:00.000000000,10,LSTM_uni,pm2_5,36.0,36.6445,-0.6445
2026-12-02T16:18:00.000000000,2026-12-02T16:28:00.000000000,10,LSTM_uni,pm10,46.0,47.0198,-1.0198
2026-12-02T16:18:00.000000000,2026-12-02T16:28:00.000000000,10,LSTM_uni,co2,1736.0,1626.1344,109.8656
2026-12-02T16:18:00.000000000,2026-12-02T16:28:00.000000000,10,LSTM_uni,voc,498.0,150.6662,347.3338
2026-12-02T16:19:00.000000000,2026-12-02T16:29:00.000000000,10,LSTM_uni,pm1,22.0,23.2242,-1.2242
2026-12-02T16:19:00.000000000,2026-12-02T16:29:00.000000000,10,LSTM_uni,pm2_5,36.0,36.8904,-0.8904
2026-12-02T16:19:00.000000000,2026-12-02T16:29:00.000000000,10,LSTM_uni,pm10,47.0,46.9335,0.0665
2026-12-02T16:19:00.000000000,2026-12-02T16:29:00.000000000,10,LSTM_uni,co2,1734.0,1632.1328,101.8672
2026-12-02T16:19:00.000000000,2026-12-02T16:29:00.000000000,10,LSTM_uni,voc,497.0,133.9363,363.0637
2026-12-02T16:20:00.000000000,2026-12-02T16:30:00.000000000,10,LSTM_uni,pm1,23.0,23.1793,-0.1793
2026-12-02T16:20:00.000000000,2026-12-02T16:30:00.000000000,10,LSTM_uni,pm2_5,37.0,36.9555,0.0445
2026-12-02T16:20:00.000000000,2026-12-02T16:30:00.000000000,10,LSTM_uni,pm10,47.0,47.3473,-0.3473
2026-12-02T16:20:00.000000000,2026-12-02T16:30:00.000000000,10,LSTM_uni,co2,1662.0,1651.6027,10.3973
2026-12-02T16:20:00.000000000,2026-12-02T16:30:00.000000000,10,LSTM_uni,voc,496.0,120.1609,375.8391
2026-12-02T16:21:00.000000000,2026-12-02T16:31:00.000000000,10,LSTM_uni,pm1,23.0,23.2168,-0.2168
2026-12-02T16:21:00.000000000,2026-12-02T16:31:00.000000000,10,LSTM_uni,pm2_5,37.0,37.1094,-0.1094
2026-12-02T16:21:00.000000000,2026-12-02T16:31:00.000000000,10,LSTM_uni,pm10,46.0,47.4866,-1.4866
2026-12-02T16:21:00.000000000,2026-12-02T16:31:00.000000000,10,LSTM_uni,co2,1671.0,1705.2745,-34.2745
2026-12-02T16:21:00.000000000,2026-12-02T16:31:00.000000000,10,LSTM_uni,voc,495.0,123.4511,371.5489
2026-12-02T16:22:00.000000000,2026-12-02T16:32:00.000000000,10,LSTM_uni,pm1,23.0,22.5894,0.4106
2026-12-02T16:22:00.000000000,2026-12-02T16:32:00.000000000,10,LSTM_uni,pm2_5,37.0,36.0446,0.9554
2026-12-02T16:22:00.000000000,2026-12-02T16:32:00.000000000,10,LSTM_uni,pm10,47.0,46.518,0.482
2026-12-02T16:22:00.000000000,2026-12-02T16:32:00.000000000,10,LSTM_uni,co2,1780.0,1889.3562,-109.3562
2026-12-02T16:22:00.000000000,2026-12-02T16:32:00.000000000,10,LSTM_uni,voc,493.0,268.4129,224.5871
2026-12-02T16:23:00.000000000,2026-12-02T16:33:00.000000000,10,LSTM_uni,pm1,23.0,21.9303,1.0697
2026-12-02T16:23:00.000000000,2026-12-02T16:33:00.000000000,10,LSTM_uni,pm2_5,37.0,34.5271,2.4729
2026-12-02T16:23:00.000000000,2026-12-02T16:33:00.000000000,10,LSTM_uni,pm10,47.0,45.047,1.953
2026-12-02T16:23:00.000000000,2026-12-02T16:33:00.000000000,10,LSTM_uni,co2,1766.0,2060.6011,-294.6011
2026-12-02T16:23:00.000000000,2026-12-02T16:33:00.000000000,10,LSTM_uni,voc,493.0,412.7579,80.2421
2026-12-02T16:24:00.000000000,2026-12-02T16:34:00.000000000,10,LSTM_uni,pm1,23.0,22.5632,0.4368
2026-12-02T16:24:00.000000000,2026-12-02T16:34:00.000000000,10,LSTM_uni,pm2_5,37.0,35.5411,1.4589
2026-12-02T16:24:00.000000000,2026-12-02T16:34:00.000000000,10,LSTM_uni,pm10,48.0,45.6468,2.3532
2026-12-02T16:24:00.000000000,2026-12-02T16:34:00.000000000,10,LSTM_uni,co2,1731.0,1920.704,-189.704
2026-12-02T16:24:00.000000000,2026-12-02T16:34:00.000000000,10,LSTM_uni,voc,493.0,395.6852,97.3148
2026-12-02T16:25:00.000000000,2026-12-02T16:36:00.000000000,10,LSTM_uni,pm1,23.0,22.9493,0.0507
2026-12-02T16:25:00.000000000,2026-12-02T16:36:00.000000000,10,LSTM_uni,pm2_5,38.0,35.8988,2.1012
2026-12-02T16:25:00.000000000,2026-12-02T16:36:00.000000000,10,LSTM_uni,pm10,47.0,46.1407,0.8593
2026-12-02T16:25:00.000000000,2026-12-02T16:36:00.000000000,10,LSTM_uni,co2,1648.0,1774.2173,-126.2173
2026-12-02T16:25:00.000000000,2026-12-02T16:36:00.000000000,10,LSTM_uni,voc,492.0,391.0042,100.9958
2026-12-02T16:26:00.000000000,2026-12-02T16:37:00.000000000,10,LSTM_uni,pm1,23.0,23.1306,-0.1306
2026-12-02T16:26:00.000000000,2026-12-02T16:37:00.000000000,10,LSTM_uni,pm2_5,37.0,36.2961,0.7039
2026-12-02T16:26:00.000000000,2026-12-02T16:37:00.000000000,10,LSTM_uni,pm10,47.0,46.6286,0.3714
2026-12-02T16:26:00.000000000,2026-12-02T16:37:00.000000000,10,LSTM_uni,co2,1651.0,1677.6793,-26.6793
2026-12-02T16:26:00.000000000,2026-12-02T16:37:00.000000000,10,LSTM_uni,voc,492.0,387.1393,104.8607
2026-12-02T16:27:00.000000000,2026-12-02T16:38:00.000000000,10,LSTM_uni,pm1,23.0,23.1466,-0.1466
2026-12-02T16:27:00.000000000,2026-12-02T16:38:00.000000000,10,LSTM_uni,pm2_5,37.0,36.298,0.702
2026-12-02T16:27:00.000000000,2026-12-02T16:38:00.000000000,10,LSTM_uni,pm10,48.0,46.6491,1.3509
2026-12-02T16:27:00.000000000,2026-12-02T16:38:00.000000000,10,LSTM_uni,co2,1611.0,1621.8555,-10.8555
2026-12-02T16:27:00.000000000,2026-12-02T16:38:00.000000000,10,LSTM_uni,voc,490.0,387.7543,102.2457
2026-12-02T16:28:00.000000000,2026-12-02T16:39:00.000000000,10,LSTM_uni,pm1,23.0,22.949,0.051
2026-12-02T16:28:00.000000000,2026-12-02T16:39:00.000000000,10,LSTM_uni,pm2_5,37.0,36.0055,0.9945
2026-12-02T16:28:00.000000000,2026-12-02T16:39:00.000000000,10,LSTM_uni,pm10,47.0,46.3315,0.6685
2026-12-02T16:28:00.000000000,2026-12-02T16:39:00.000000000,10,LSTM_uni,co2,1605.0,1606.0005,-1.0005
2026-12-02T16:28:00.000000000,2026-12-02T16:39:00.000000000,10,LSTM_uni,voc,481.0,397.7604,83.2396
2026-12-02T16:29:00.000000000,2026-12-02T16:40:00.000000000,10,LSTM_uni,pm1,23.0,22.8425,0.1575
2026-12-02T16:29:00.000000000,2026-12-02T16:40:00.000000000,10,LSTM_uni,pm2_5,37.0,35.7809,1.2191
2026-12-02T16:29:00.000000000,2026-12-02T16:40:00.000000000,10,LSTM_uni,pm10,47.0,46.3293,0.6707
2026-12-02T16:29:00.000000000,2026-12-02T16:40:00.000000000,10,LSTM_uni,co2,1666.0,1546.2234,119.7766
2026-12-02T16:29:00.000000000,2026-12-02T16:40:00.000000000,10,LSTM_uni,voc,482.0,382.2821,99.7179
2026-12-02T16:30:00.000000000,2026-12-02T16:41:00.000000000,10,LSTM_uni,pm1,23.0,22.8713,0.1287
2026-12-02T16:30:00.000000000,2026-12-02T16:41:00.000000000,10,LSTM_uni,pm2_5,37.0,35.7146,1.2854
2026-12-02T16:30:00.000000000,2026-12-02T16:41:00.000000000,10,LSTM_uni,pm10,48.0,45.8441,2.1559
2026-12-02T16:30:00.000000000,2026-12-02T16:41:00.000000000,10,LSTM_uni,co2,1633.0,1540.7325,92.2675
2026-12-02T16:30:00.000000000,2026-12-02T16:41:00.000000000,10,LSTM_uni,voc,477.0,386.7751,90.2249
2026-12-02T16:31:00.000000000,2026-12-02T16:42:00.000000000,10,LSTM_uni,pm1,23.0,22.7751,0.2249
2026-12-02T16:31:00.000000000,2026-12-02T16:42:00.000000000,10,LSTM_uni,pm2_5,37.0,35.8138,1.1862
2026-12-02T16:31:00.000000000,2026-12-02T16:42:00.000000000,10,LSTM_uni,pm10,47.0,46.0342,0.9658
2026-12-02T16:31:00.000000000,2026-12-02T16:42:00.000000000,10,LSTM_uni,co2,1626.0,1494.8014,131.1986
2026-12-02T16:31:00.000000000,2026-12-02T16:42:00.000000000,10,LSTM_uni,voc,471.0,372.1539,98.8462
2026-12-02T16:32:00.000000000,2026-12-02T16:43:00.000000000,10,LSTM_uni,pm1,23.0,22.7626,0.2374
2026-12-02T16:32:00.000000000,2026-12-02T16:43:00.000000000,10,LSTM_uni,pm2_5,37.0,35.8702,1.1298
2026-12-02T16:32:00.000000000,2026-12-02T16:43:00.000000000,10,LSTM_uni,pm10,48.0,45.9747,2.0253
2026-12-02T16:32:00.000000000,2026-12-02T16:43:00.000000000,10,LSTM_uni,co2,1676.0,1503.8734,172.1266
2026-12-02T16:32:00.000000000,2026-12-02T16:43:00.000000000,10,LSTM_uni,voc,472.0,370.2831,101.7169
2026-12-02T16:33:00.000000000,2026-12-02T16:44:00.000000000,10,LSTM_uni,pm1,23.0,22.8607,0.1393
2026-12-02T16:33:00.000000000,2026-12-02T16:44:00.000000000,10,LSTM_uni,pm2_5,37.0,35.7677,1.2323
2026-12-02T16:33:00.000000000,2026-12-02T16:44:00.000000000,10,LSTM_uni,pm10,48.0,46.1187,1.8813
2026-12-02T16:33:00.000000000,2026-12-02T16:44:00.000000000,10,LSTM_uni,co2,1558.0,1508.1959,49.8041
2026-12-02T16:33:00.000000000,2026-12-02T16:44:00.000000000,10,LSTM_uni,voc,466.0,369.1629,96.8371
2026-12-02T16:34:00.000000000,2026-12-02T16:45:00.000000000,10,LSTM_uni,pm1,23.0,22.9525,0.0475
2026-12-02T16:34:00.000000000,2026-12-02T16:45:00.000000000,10,LSTM_uni,pm2_5,37.0,35.9879,1.0121
2026-12-02T16:34:00.000000000,2026-12-02T16:45:00.000000000,10,LSTM_uni,pm10,48.0,46.4078,1.5922
2026-12-02T16:34:00.000000000,2026-12-02T16:45:00.000000000,10,LSTM_uni,co2,1568.0,1518.1477,49.8523
2026-12-02T16:34:00.000000000,2026-12-02T16:45:00.000000000,10,LSTM_uni,voc,454.0,375.1243,78.8757
2026-12-02T16:36:00.000000000,2026-12-02T16:46:00.000000000,10,LSTM_uni,pm1,23.0,23.0173,-0.0173
2026-12-02T16:36:00.000000000,2026-12-02T16:46:00.000000000,10,LSTM_uni,pm2_5,37.0,36.0362,0.9638
2026-12-02T16:36:00.000000000,2026-12-02T16:46:00.000000000,10,LSTM_uni,pm10,48.0,46.5424,1.4576
2026-12-02T16:36:00.000000000,2026-12-02T16:46:00.000000000,10,LSTM_uni,co2,1582.0,1529.4653,52.5347
2026-12-02T16:36:00.000000000,2026-12-02T16:46:00.000000000,10,LSTM_uni,voc,438.0,377.7884,60.2116
2026-12-02T16:37:00.000000000,2026-12-02T16:47:00.000000000,10,LSTM_uni,pm1,23.0,23.0408,-0.0408
2026-12-02T16:37:00.000000000,2026-12-02T16:47:00.000000000,10,LSTM_uni,pm2_5,37.0,36.3853,0.6147
2026-12-02T16:37:00.000000000,2026-12-02T16:47:00.000000000,10,LSTM_uni,pm10,47.0,46.8624,0.1376
2026-12-02T16:37:00.000000000,2026-12-02T16:47:00.000000000,10,LSTM_uni,co2,1580.0,1511.9368,68.0632
2026-12-02T16:37:00.000000000,2026-12-02T16:47:00.000000000,10,LSTM_uni,voc,416.0,375.36,40.64
2026-12-02T16:38:00.000000000,2026-12-02T16:48:00.000000000,10,LSTM_uni,pm1,23.0,22.9678,0.0322
2026-12-02T16:38:00.000000000,2026-12-02T16:48:00.000000000,10,LSTM_uni,pm2_5,37.0,36.1243,0.8757
2026-12-02T16:38:00.000000000,2026-12-02T16:48:00.000000000,10,LSTM_uni,pm10,48.0,46.479,1.521
2026-12-02T16:38:00.000000000,2026-12-02T16:48:00.000000000,10,LSTM_uni,co2,1571.0,1525.9587,45.0413
2026-12-02T16:38:00.000000000,2026-12-02T16:48:00.000000000,10,LSTM_uni,voc,395.0,378.0697,16.9303
2026-12-02T16:39:00.000000000,2026-12-02T16:49:00.000000000,10,LSTM_uni,pm1,23.0,23.0213,-0.0213
2026-12-02T16:39:00.000000000,2026-12-02T16:49:00.000000000,10,LSTM_uni,pm2_5,36.0,36.092,-0.092
2026-12-02T16:39:00.000000000,2026-12-02T16:49:00.000000000,10,LSTM_uni,pm10,46.0,46.4644,-0.4644
2026-12-02T16:39:00.000000000,2026-12-02T16:49:00.000000000,10,LSTM_uni,co2,1562.0,1500.5911,61.4089
2026-12-02T16:39:00.000000000,2026-12-02T16:49:00.000000000,10,LSTM_uni,voc,385.0,370.9702,14.0298
2026-12-02T16:40:00.000000000,2026-12-02T16:50:00.000000000,10,LSTM_uni,pm1,23.0,23.012,-0.012
2026-12-02T16:40:00.000000000,2026-12-02T16:50:00.000000000,10,LSTM_uni,pm2_5,37.0,36.2799,0.7201
2026-12-02T16:40:00.000000000,2026-12-02T16:50:00.000000000,10,LSTM_uni,pm10,47.0,46.5269,0.4731
2026-12-02T16:40:00.000000000,2026-12-02T16:50:00.000000000,10,LSTM_uni,co2,1484.0,1487.3757,-3.3757
2026-12-02T16:40:00.000000000,2026-12-02T16:50:00.000000000,10,LSTM_uni,voc,364.0,369.4728,-5.4728
2026-12-02T16:41:00.000000000,2026-12-02T16:51:00.000000000,10,LSTM_uni,pm1,23.0,23.0379,-0.0379
2026-12-02T16:41:00.000000000,2026-12-02T16:51:00.000000000,10,LSTM_uni,pm2_5,37.0,36.2134,0.7866
2026-12-02T16:41:00.000000000,2026-12-02T16:51:00.000000000,10,LSTM_uni,pm10,47.0,46.6529,0.3471
2026-12-02T16:41:00.000000000,2026-12-02T16:51:00.000000000,10,LSTM_uni,co2,1460.0,1489.698,-29.698
2026-12-02T16:41:00.000000000,2026-12-02T16:51:00.000000000,10,LSTM_uni,voc,342.0,370.8298,-28.8298
2026-12-02T16:42:00.000000000,2026-12-02T16:52:00.000000000,10,LSTM_uni,pm1,23.0,23.0801,-0.0801
2026-12-02T16:42:00.000000000,2026-12-02T16:52:00.000000000,10,LSTM_uni,pm2_5,37.0,36.2213,0.7787
2026-12-02T16:42:00.000000000,2026-12-02T16:52:00.000000000,10,LSTM_uni,pm10,47.0,46.5827,0.4173
2026-12-02T16:42:00.000000000,2026-12-02T16:52:00.000000000,10,LSTM_uni,co2,1528.0,1482.9739,45.0261
2026-12-02T16:42:00.000000000,2026-12-02T16:52:00.000000000,10,LSTM_uni,voc,325.0,367.838,-42.838
2026-12-02T16:43:00.000000000,2026-12-02T16:53:00.000000000,10,LSTM_uni,pm1,23.0,23.0007,-0.0007
2026-12-02T16:43:00.000000000,2026-12-02T16:53:00.000000000,10,LSTM_uni,pm2_5,37.0,36.2519,0.7481
2026-12-02T16:43:00.000000000,2026-12-02T16:53:00.000000000,10,LSTM_uni,pm10,47.0,46.5604,0.4396
2026-12-02T16:43:00.000000000,2026-12-02T16:53:00.000000000,10,LSTM_uni,co2,1587.0,1473.452,113.548
2026-12-02T16:43:00.000000000,2026-12-02T16:53:00.000000000,10,LSTM_uni,voc,309.0,364.9883,-55.9883
2026-12-02T16:44:00.000000000,2026-12-02T16:54:00.000000000,10,LSTM_uni,pm1,23.0,23.0601,-0.0601
2026-12-02T16:44:00.000000000,2026-12-02T16:54:00.000000000,10,LSTM_uni,pm2_5,36.0,36.1203,-0.1203
2026-12-02T16:44:00.000000000,2026-12-02T16:54:00.000000000,10,LSTM_uni,pm10,46.0,46.5532,-0.5532
2026-12-02T16:44:00.000000000,2026-12-02T16:54:00.000000000,10,LSTM_uni,co2,1566.0,1481.0405,84.9595
2026-12-02T16:44:00.000000000,2026-12-02T16:54:00.000000000,10,LSTM_uni,voc,300.0,364.3673,-64.3673
2026-12-02T16:45:00.000000000,2026-12-02T16:55:00.000000000,10,LSTM_uni,pm1,23.0,23.0513,-0.0513
2026-12-02T16:45:00.000000000,2026-12-02T16:55:00.000000000,10,LSTM_uni,pm2_5,37.0,36.2429,0.7571
2026-12-02T16:45:00.000000000,2026-12-02T16:55:00.000000000,10,LSTM_uni,pm10,48.0,46.5244,1.4756
2026-12-02T16:45:00.000000000,2026-12-02T16:55:00.000000000,10,LSTM_uni,co2,1579.0,1473.9153,105.0847
2026-12-02T16:45:00.000000000,2026-12-02T16:55:00.000000000,10,LSTM_uni,voc,290.0,361.8597,-71.8597
2026-12-02T16:46:00.000000000,2026-12-02T16:56:00.000000000,10,LSTM_uni,pm1,23.0,23.0921,-0.0921
2026-12-02T16:46:00.000000000,2026-12-02T16:56:00.000000000,10,LSTM_uni,pm2_5,36.0,36.2426,-0.2426
2026-12-02T16:46:00.000000000,2026-12-02T16:56:00.000000000,10,LSTM_uni,pm10,47.0,46.6228,0.3772
2026-12-02T16:46:00.000000000,2026-12-02T16:56:00.000000000,10,LSTM_uni,co2,1549.0,1462.3647,86.6353
2026-12-02T16:46:00.000000000,2026-12-02T16:56:00.000000000,10,LSTM_uni,voc,280.0,354.0851,-74.0851
2026-12-02T16:47:00.000000000,2026-12-02T16:57:00.000000000,10,LSTM_uni,pm1,23.0,23.1262,-0.1262
2026-12-02T16:47:00.000000000,2026-12-02T16:57:00.000000000,10,LSTM_uni,pm2_5,37.0,36.3402,0.6598
2026-12-02T16:47:00.000000000,2026-12-02T16:57:00.000000000,10,LSTM_uni,pm10,47.0,46.7177,0.2823
2026-12-02T16:47:00.000000000,2026-12-02T16:57:00.000000000,10,LSTM_uni,co2,1527.0,1448.3303,78.6697
2026-12-02T16:47:00.000000000,2026-12-02T16:57:00.000000000,10,LSTM_uni,voc,272.0,346.5747,-74.5747
2026-12-02T16:48:00.000000000,2026-12-02T16:58:00.000000000,10,LSTM_uni,pm1,23.0,23.1105,-0.1105
2026-12-02T16:48:00.000000000,2026-12-02T16:58:00.000000000,10,LSTM_uni,pm2_5,37.0,36.4326,0.5674
2026-12-02T16:48:00.000000000,2026-12-02T16:58:00.000000000,10,LSTM_uni,pm10,47.0,46.9078,0.0922
2026-12-02T16:48:00.000000000,2026-12-02T16:58:00.000000000,10,LSTM_uni,co2,1472.0,1438.2614,33.7386
2026-12-02T16:48:00.000000000,2026-12-02T16:58:00.000000000,10,LSTM_uni,voc,260.0,335.5385,-75.5385
2026-12-02T16:49:00.000000000,2026-12-02T16:59:00.000000000,10,LSTM_uni,pm1,23.0,23.1849,-0.1849
2026-12-02T16:49:00.000000000,2026-12-02T16:59:00.000000000,10,LSTM_uni,pm2_5,37.0,36.3918,0.6082
2026-12-02T16:49:00.000000000,2026-12-02T16:59:00.000000000,10,LSTM_uni,pm10,47.0,46.9222,0.0778
2026-12-02T16:49:00.000000000,2026-12-02T16:59:00.000000000,10,LSTM_uni,co2,1413.0,1429.3519,-16.3519
2026-12-02T16:49:00.000000000,2026-12-02T16:59:00.000000000,10,LSTM_uni,voc,240.0,322.76,-82.76
2026-12-02T16:50:00.000000000,2026-12-02T17:00:00.000000000,10,LSTM_uni,pm1,23.0,23.0153,-0.0153
2026-12-02T16:50:00.000000000,2026-12-02T17:00:00.000000000,10,LSTM_uni,pm2_5,37.0,36.3126,0.6874
2026-12-02T16:50:00.000000000,2026-12-02T17:00:00.000000000,10,LSTM_uni,pm10,48.0,46.5781,1.4219
2026-12-02T16:50:00.000000000,2026-12-02T17:00:00.000000000,10,LSTM_uni,co2,1387.0,1444.8684,-57.8684
2026-12-02T16:50:00.000000000,2026-12-02T17:00:00.000000000,10,LSTM_uni,voc,229.0,322.0883,-93.0883
2026-12-02T16:51:00.000000000,2026-12-02T17:01:00.000000000,10,LSTM_uni,pm1,23.0,23.1525,-0.1525
2026-12-02T16:51:00.000000000,2026-12-02T17:01:00.000000000,10,LSTM_uni,pm2_5,37.0,36.5322,0.4678
2026-12-02T16:51:00.000000000,2026-12-02T17:01:00.000000000,10,LSTM_uni,pm10,48.0,46.9929,1.0071
2026-12-02T16:51:00.000000000,2026-12-02T17:01:00.000000000,10,LSTM_uni,co2,1360.0,1423.0088,-63.0088
2026-12-02T16:51:00.000000000,2026-12-02T17:01:00.000000000,10,LSTM_uni,voc,208.0,297.879,-89.879
2026-12-02T16:52:00.000000000,2026-12-02T17:02:00.000000000,10,LSTM_uni,pm1,23.0,23.1996,-0.1996
2026-12-02T16:52:00.000000000,2026-12-02T17:02:00.000000000,10,LSTM_uni,pm2_5,36.0,36.6719,-0.6719
2026-12-02T16:52:00.000000000,2026-12-02T17:02:00.000000000,10,LSTM_uni,pm10,47.0,46.5531,0.4469
2026-12-02T16:52:00.000000000,2026-12-02T17:02:00.000000000,10,LSTM_uni,co2,1326.0,1406.6172,-80.6172
2026-12-02T16:52:00.000000000,2026-12-02T17:02:00.000000000,10,LSTM_uni,voc,195.0,284.7295,-89.7295
2026-12-02T16:53:00.000000000,2026-12-02T17:03:00.000000000,10,LSTM_uni,pm1,23.0,23.2312,-0.2312
2026-12-02T16:53:00.000000000,2026-12-02T17:03:00.000000000,10,LSTM_uni,pm2_5,36.0,36.6423,-0.6423
2026-12-02T16:53:00.000000000,2026-12-02T17:03:00.000000000,10,LSTM_uni,pm10,47.0,46.5298,0.4702
2026-12-02T16:53:00.000000000,2026-12-02T17:03:00.000000000,10,LSTM_uni,co2,1361.0,1399.3394,-38.3394
2026-12-02T16:53:00.000000000,2026-12-02T17:03:00.000000000,10,LSTM_uni,voc,193.0,270.2979,-77.2979
2026-12-02T16:54:00.000000000,2026-12-02T17:04:00.000000000,10,LSTM_uni,pm1,23.0,23.3002,-0.3002
2026-12-02T16:54:00.000000000,2026-12-02T17:04:00.000000000,10,LSTM_uni,pm2_5,37.0,36.7746,0.2254
2026-12-02T16:54:00.000000000,2026-12-02T17:04:00.000000000,10,LSTM_uni,pm10,47.0,46.6758,0.3242
2026-12-02T16:54:00.000000000,2026-12-02T17:04:00.000000000,10,LSTM_uni,co2,1329.0,1417.5518,-88.5518
2026-12-02T16:54:00.000000000,2026-12-02T17:04:00.000000000,10,LSTM_uni,voc,182.0,262.5721,-80.5721
2026-12-02T16:55:00.000000000,2026-12-02T17:05:00.000000000,10,LSTM_uni,pm1,24.0,23.2281,0.7719
2026-12-02T16:55:00.000000000,2026-12-02T17:05:00.000000000,10,LSTM_uni,pm2_5,38.0,36.7051,1.2949
2026-12-02T16:55:00.000000000,2026-12-02T17:05:00.000000000,10,LSTM_uni,pm10,48.0,46.6261,1.3739
2026-12-02T16:55:00.000000000,2026-12-02T17:05:00.000000000,10,LSTM_uni,co2,1343.0,1460.5889,-117.5889
2026-12-02T16:55:00.000000000,2026-12-02T17:05:00.000000000,10,LSTM_uni,voc,177.0,265.049,-88.049
2026-12-02T16:56:00.000000000,2026-12-02T17:06:00.000000000,10,LSTM_uni,pm1,24.0,23.4076,0.5924
2026-12-02T16:56:00.000000000,2026-12-02T17:06:00.000000000,10,LSTM_uni,pm2_5,38.0,37.0108,0.9892
2026-12-02T16:56:00.000000000,2026-12-02T17:06:00.000000000,10,LSTM_uni,pm10,49.0,47.1221,1.8779
2026-12-02T16:56:00.000000000,2026-12-02T17:06:00.000000000,10,LSTM_uni,co2,1351.0,1471.7365,-120.7365
2026-12-02T16:56:00.000000000,2026-12-02T17:06:00.000000000,10,LSTM_uni,voc,168.0,252.5913,-84.5913
2026-12-02T16:57:00.000000000,2026-12-02T17:07:00.000000000,10,LSTM_uni,pm1,24.0,23.2804,0.7196
2026-12-02T16:57:00.000000000,2026-12-02T17:07:00.000000000,10,LSTM_uni,pm2_5,38.0,36.9988,1.0012
2026-12-02T16:57:00.000000000,2026-12-02T17:07:00.000000000,10,LSTM_uni,pm10,48.0,46.5547,1.4453
2026-12-02T16:57:00.000000000,2026-12-02T17:07:00.000000000,10,LSTM_uni,co2,1307.0,1492.7518,-185.7518
2026-12-02T16:57:00.000000000,2026-12-02T17:07:00.000000000,10,LSTM_uni,voc,162.0,253.6761,-91.6761
2026-12-02T16:58:00.000000000,2026-12-02T17:08:00.000000000,10,LSTM_uni,pm1,24.0,23.301,0.699
2026-12-02T16:58:00.000000000,2026-12-02T17:08:00.000000000,10,LSTM_uni,pm2_5,38.0,37.1665,0.8335
2026-12-02T16:58:00.000000000,2026-12-02T17:08:00.000000000,10,LSTM_uni,pm10,48.0,47.1652,0.8348
2026-12-02T16:58:00.000000000,2026-12-02T17:08:00.000000000,10,LSTM_uni,co2,1328.0,1494.8326,-166.8326
2026-12-02T16:58:00.000000000,2026-12-02T17:08:00.000000000,10,LSTM_uni,voc,153.0,239.9066,-86.9066
2026-12-02T16:59:00.000000000,2026-12-02T17:09:00.000000000,10,LSTM_uni,pm1,24.0,23.2709,0.7291
2026-12-02T16:59:00.000000000,2026-12-02T17:09:00.000000000,10,LSTM_uni,pm2_5,38.0,37.1862,0.8138
2026-12-02T16:59:00.000000000,2026-12-02T17:09:00.000000000,10,LSTM_uni,pm10,48.0,46.8457,1.1543
2026-12-02T16:59:00.000000000,2026-12-02T17:09:00.000000000,10,LSTM_uni,co2,1330.0,1495.7233,-165.7233
2026-12-02T16:59:00.000000000,2026-12-02T17:09:00.000000000,10,LSTM_uni,voc,148.0,230.3826,-82.3826
2026-12-02T17:00:00.000000000,2026-12-02T17:10:00.000000000,10,LSTM_uni,pm1,24.0,23.2458,0.7542
2026-12-02T17:00:00.000000000,2026-12-02T17:10:00.000000000,10,LSTM_uni,pm2_5,38.0,37.2146,0.7854
2026-12-02T17:00:00.000000000,2026-12-02T17:10:00.000000000,10,LSTM_uni,pm10,49.0,46.7866,2.2134
2026-12-02T17:00:00.000000000,2026-12-02T17:10:00.000000000,10,LSTM_uni,co2,1290.0,1480.619,-190.619
2026-12-02T17:00:00.000000000,2026-12-02T17:10:00.000000000,10,LSTM_uni,voc,141.0,214.6129,-73.6129
2026-12-02T17:01:00.000000000,2026-12-02T17:11:00.000000000,10,LSTM_uni,pm1,24.0,23.2685,0.7315
2026-12-02T17:01:00.000000000,2026-12-02T17:11:00.000000000,10,LSTM_uni,pm2_5,38.0,37.1804,0.8196
2026-12-02T17:01:00.000000000,2026-12-02T17:11:00.000000000,10,LSTM_uni,pm10,49.0,46.6354,2.3646
2026-12-02T17:01:00.000000000,2026-12-02T17:11:00.000000000,10,LSTM_uni,co2,1294.0,1474.4025,-180.4025
2026-12-02T17:01:00.000000000,2026-12-02T17:11:00.000000000,10,LSTM_uni,voc,134.0,205.0265,-71.0265
2026-12-02T17:02:00.000000000,2026-12-02T17:12:00.000000000,10,LSTM_uni,pm1,24.0,23.2544,0.7456
2026-12-02T17:02:00.000000000,2026-12-02T17:12:00.000000000,10,LSTM_uni,pm2_5,38.0,37.2944,0.7056
2026-12-02T17:02:00.000000000,2026-12-02T17:12:00.000000000,10,LSTM_uni,pm10,48.0,46.5324,1.4676
2026-12-02T17:02:00.000000000,2026-12-02T17:12:00.000000000,10,LSTM_uni,co2,1298.0,1455.6213,-157.6213
2026-12-02T17:02:00.000000000,2026-12-02T17:12:00.000000000,10,LSTM_uni,voc,127.0,190.0704,-63.0704
2026-12-02T17:03:00.000000000,2026-12-02T17:13:00.000000000,10,LSTM_uni,pm1,24.0,23.1174,0.8826
2026-12-02T17:03:00.000000000,2026-12-02T17:13:00.000000000,10,LSTM_uni,pm2_5,38.0,37.0355,0.9645
2026-12-02T17:03:00.000000000,2026-12-02T17:13:00.000000000,10,LSTM_uni,pm10,49.0,46.2229,2.7771
2026-12-02T17:03:00.000000000,2026-12-02T17:13:00.000000000,10,LSTM_uni,co2,1285.0,1463.1683,-178.1683
2026-12-02T17:03:00.000000000,2026-12-02T17:13:00.000000000,10,LSTM_uni,voc,124.0,186.1528,-62.1528
2026-12-02T17:04:00.000000000,2026-12-02T17:14:00.000000000,10,LSTM_uni,pm1,24.0,23.1115,0.8885
2026-12-02T17:04:00.000000000,2026-12-02T17:14:00.000000000,10,LSTM_uni,pm2_5,37.0,37.0128,-0.0128
2026-12-02T17:04:00.000000000,2026-12-02T17:14:00.000000000,10,LSTM_uni,pm10,48.0,46.3688,1.6312
2026-12-02T17:04:00.000000000,2026-12-02T17:14:00.000000000,10,LSTM_uni,co2,1308.0,1474.0292,-166.0292
2026-12-02T17:04:00.000000000,2026-12-02T17:14:00.000000000,10,LSTM_uni,voc,121.0,182.0247,-61.0247
2026-12-02T17:05:00.000000000,2026-12-02T17:15:00.000000000,10,LSTM_uni,pm1,24.0,23.1754,0.8246
2026-12-02T17:05:00.000000000,2026-12-02T17:15:00.000000000,10,LSTM_uni,pm2_5,38.0,37.3062,0.6938
2026-12-02T17:05:00.000000000,2026-12-02T17:15:00.000000000,10,LSTM_uni,pm10,48.0,46.5674,1.4326
2026-12-02T17:05:00.000000000,2026-12-02T17:15:00.000000000,10,LSTM_uni,co2,1308.0,1460.0604,-152.0604
2026-12-02T17:05:00.000000000,2026-12-02T17:15:00.000000000,10,LSTM_uni,voc,120.0,165.4985,-45.4985
2026-12-02T17:06:00.000000000,2026-12-02T17:16:00.000000000,10,LSTM_uni,pm1,24.0,23.2899,0.7101
2026-12-02T17:06:00.000000000,2026-12-02T17:16:00.000000000,10,LSTM_uni,pm2_5,38.0,37.5069,0.4931
2026-12-02T17:06:00.000000000,2026-12-02T17:16:00.000000000,10,LSTM_uni,pm10,48.0,47.0111,0.9889
2026-12-02T17:06:00.000000000,2026-12-02T17:16:00.000000000,10,LSTM_uni,co2,1309.0,1461.6582,-152.6582
2026-12-02T17:06:00.000000000,2026-12-02T17:16:00.000000000,10,LSTM_uni,voc,112.0,146.9184,-34.9184
2026-12-02T17:07:00.000000000,2026-12-02T17:17:00.000000000,10,LSTM_uni,pm1,24.0,23.3539,0.6461
2026-12-02T17:07:00.000000000,2026-12-02T17:17:00.000000000,10,LSTM_uni,pm2_5,38.0,37.6029,0.3971
2026-12-02T17:07:00.000000000,2026-12-02T17:17:00.000000000,10,LSTM_uni,pm10,48.0,46.8463,1.1537
2026-12-02T17:07:00.000000000,2026-12-02T17:17:00.000000000,10,LSTM_uni,co2,1321.0,1474.3567,-153.3567
2026-12-02T17:07:00.000000000,2026-12-02T17:17:00.000000000,10,LSTM_uni,voc,109.0,141.6176,-32.6176
2026-12-02T17:08:00.000000000,2026-12-02T17:18:00.000000000,10,LSTM_uni,pm1,24.0,23.3048,0.6952
2026-12-02T17:08:00.000000000,2026-12-02T17:18:00.000000000,10,LSTM_uni,pm2_5,38.0,37.6175,0.3825
2026-12-02T17:08:00.000000000,2026-12-02T17:18:00.000000000,10,LSTM_uni,pm10,48.0,47.0321,0.9679
2026-12-02T17:08:00.000000000,2026-12-02T17:18:00.000000000,10,LSTM_uni,co2,1300.0,1483.3007,-183.3007
2026-12-02T17:08:00.000000000,2026-12-02T17:18:00.000000000,10,LSTM_uni,voc,105.0,138.7005,-33.7005
2026-12-02T17:09:00.000000000,2026-12-02T17:19:00.000000000,10,LSTM_uni,pm1,24.0,23.3389,0.6611
2026-12-02T17:09:00.000000000,2026-12-02T17:19:00.000000000,10,LSTM_uni,pm2_5,38.0,37.6336,0.3664
2026-12-02T17:09:00.000000000,2026-12-02T17:19:00.000000000,10,LSTM_uni,pm10,47.0,47.1899,-0.1899
2026-12-02T17:09:00.000000000,2026-12-02T17:19:00.000000000,10,LSTM_uni,co2,1271.0,1491.5564,-220.5564
2026-12-02T17:09:00.000000000,2026-12-02T17:19:00.000000000,10,LSTM_uni,voc,100.0,135.7841,-35.7841
2026-12-02T17:10:00.000000000,2026-12-02T17:20:00.000000000,10,LSTM_uni,pm1,24.0,23.3746,0.6254
2026-12-02T17:10:00.000000000,2026-12-02T17:20:00.000000000,10,LSTM_uni,pm2_5,38.0,37.6806,0.3194
2026-12-02T17:10:00.000000000,2026-12-02T17:20:00.000000000,10,LSTM_uni,pm10,48.0,47.1645,0.8355
2026-12-02T17:10:00.000000000,2026-12-02T17:20:00.000000000,10,LSTM_uni,co2,1304.0,1492.1471,-188.1471
2026-12-02T17:10:00.000000000,2026-12-02T17:20:00.000000000,10,LSTM_uni,voc,101.0,134.5872,-33.5872
2026-12-02T17:11:00.000000000,2026-12-02T17:21:00.000000000,10,LSTM_uni,pm1,23.0,23.4228,-0.4228
2026-12-02T17:11:00.000000000,2026-12-02T17:21:00.000000000,10,LSTM_uni,pm2_5,38.0,37.6894,0.3106
2026-12-02T17:11:00.000000000,2026-12-02T17:21:00.000000000,10,LSTM_uni,pm10,49.0,47.088,1.912
2026-12-02T17:11:00.000000000,2026-12-02T17:21:00.000000000,10,LSTM_uni,co2,1288.0,1494.8345,-206.8345
2026-12-02T17:11:00.000000000,2026-12-02T17:21:00.000000000,10,LSTM_uni,voc,100.0,132.9632,-32.9632
2026-12-02T17:12:00.000000000,2026-12-02T17:22:00.000000000,10,LSTM_uni,pm1,23.0,23.4239,-0.4239
2026-12-02T17:12:00.000000000,2026-12-02T17:22:00.000000000,10,LSTM_uni,pm2_5,38.0,37.7436,0.2564
2026-12-02T17:12:00.000000000,2026-12-02T17:22:00.000000000,10,LSTM_uni,pm10,48.0,47.0079,0.9921
2026-12-02T17:12:00.000000000,2026-12-02T17:22:00.000000000,10,LSTM_uni,co2,1292.0,1488.8737,-196.8737
2026-12-02T17:12:00.000000000,2026-12-02T17:22:00.000000000,10,LSTM_uni,voc,98.0,128.9958,-30.9958
2026-12-02T17:13:00.000000000,2026-12-02T17:23:00.000000000,10,LSTM_uni,pm1,24.0,23.3534,0.6466
2026-12-02T17:13:00.000000000,2026-12-02T17:23:00.000000000,10,LSTM_uni,pm2_5,39.0,37.7197,1.2803
2026-12-02T17:13:00.000000000,2026-12-02T17:23:00.000000000,10,LSTM_uni,pm10,50.0,47.0086,2.9914
2026-12-02T17:13:00.000000000,2026-12-02T17:23:00.000000000,10,LSTM_uni,co2,1315.0,1486.7131,-171.7131
2026-12-02T17:13:00.000000000,2026-12-02T17:23:00.000000000,10,LSTM_uni,voc,95.0,122.8429,-27.8429
2026-12-02T17:14:00.000000000,2026-12-02T17:24:00.000000000,10,LSTM_uni,pm1,24.0,23.3733,0.6267
2026-12-02T17:14:00.000000000,2026-12-02T17:24:00.000000000,10,LSTM_uni,pm2_5,38.0,37.6059,0.3941
2026-12-02T17:14:00.000000000,2026-12-02T17:24:00.000000000,10,LSTM_uni,pm10,49.0,46.9962,2.0038
2026-12-02T17:14:00.000000000,2026-12-02T17:24:00.000000000,10,LSTM_uni,co2,1297.0,1496.7522,-199.7522
2026-12-02T17:14:00.000000000,2026-12-02T17:24:00.000000000,10,LSTM_uni,voc,90.0,122.6733,-32.6733
2026-12-02T17:15:00.000000000,2026-12-02T17:25:00.000000000,10,LSTM_uni,pm1,24.0,23.2808,0.7192
2026-12-02T17:15:00.000000000,2026-12-02T17:25:00.000000000,10,LSTM_uni,pm2_5,38.0,37.4705,0.5295
2026-12-02T17:15:00.000000000,2026-12-02T17:25:00.000000000,10,LSTM_uni,pm10,50.0,46.5585,3.4415
2026-12-02T17:15:00.000000000,2026-12-02T17:25:00.000000000,10,LSTM_uni,co2,1303.0,1505.2344,-202.2344
2026-12-02T17:15:00.000000000,2026-12-02T17:25:00.000000000,10,LSTM_uni,voc,87.0,126.1685,-39.1685
2026-12-02T17:16:00.000000000,2026-12-02T17:26:00.000000000,10,LSTM_uni,pm1,24.0,23.3264,0.6736
2026-12-02T17:16:00.000000000,2026-12-02T17:26:00.000000000,10,LSTM_uni,pm2_5,38.0,37.6571,0.3429
2026-12-02T17:16:00.000000000,2026-12-02T17:26:00.000000000,10,LSTM_uni,pm10,49.0,47.1056,1.8944
2026-12-02T17:16:00.000000000,2026-12-02T17:26:00.000000000,10,LSTM_uni,co2,1311.0,1502.9478,-191.9478
2026-12-02T17:16:00.000000000,2026-12-02T17:26:00.000000000,10,LSTM_uni,voc,84.0,118.9375,-34.9375
2026-12-02T17:17:00.000000000,2026-12-02T17:27:00.000000000,10,LSTM_uni,pm1,24.0,23.3293,0.6707
2026-12-02T17:17:00.000000000,2026-12-02T17:27:00.000000000,10,LSTM_uni,pm2_5,38.0,37.6126,0.3874
2026-12-02T17:17:00.000000000,2026-12-02T17:27:00.000000000,10,LSTM_uni,pm10,48.0,46.8622,1.1378
2026-12-02T17:17:00.000000000,2026-12-02T17:27:00.000000000,10,LSTM_uni,co2,1266.0,1498.5909,-232.5909
2026-12-02T17:17:00.000000000,2026-12-02T17:27:00.000000000,10,LSTM_uni,voc,85.0,112.1959,-27.1959
2026-12-02T17:18:00.000000000,2026-12-02T17:28:00.000000000,10,LSTM_uni,pm1,24.0,23.3206,0.6794
2026-12-02T17:18:00.000000000,2026-12-02T17:28:00.000000000,10,LSTM_uni,pm2_5,38.0,37.5591,0.4409
2026-12-02T17:18:00.000000000,2026-12-02T17:28:00.000000000,10,LSTM_uni,pm10,48.0,46.8543,1.1457
2026-12-02T17:18:00.000000000,2026-12-02T17:28:00.000000000,10,LSTM_uni,co2,1277.0,1500.2582,-223.2582
2026-12-02T17:18:00.000000000,2026-12-02T17:28:00.000000000,10,LSTM_uni,voc,83.0,109.5807,-26.5807
2026-12-02T17:19:00.000000000,2026-12-02T17:29:00.000000000,10,LSTM_uni,pm1,24.0,23.311,0.689
2026-12-02T17:19:00.000000000,2026-12-02T17:29:00.000000000,10,LSTM_uni,pm2_5,38.0,37.5606,0.4394
2026-12-02T17:19:00.000000000,2026-12-02T17:29:00.000000000,10,LSTM_uni,pm10,49.0,46.8199,2.1801
2026-12-02T17:19:00.000000000,2026-12-02T17:29:00.000000000,10,LSTM_uni,co2,1303.0,1504.7972,-201.7972
2026-12-02T17:19:00.000000000,2026-12-02T17:29:00.000000000,10,LSTM_uni,voc,80.0,106.231,-26.231
2026-12-02T17:20:00.000000000,2026-12-02T17:30:00.000000000,10,LSTM_uni,pm1,24.0,23.2667,0.7333
2026-12-02T17:20:00.000000000,2026-12-02T17:30:00.000000000,10,LSTM_uni,pm2_5,37.0,37.5714,-0.5714
2026-12-02T17:20:00.000000000,2026-12-02T17:30:00.000000000,10,LSTM_uni,pm10,48.0,46.7955,1.2045
2026-12-02T17:20:00.000000000,2026-12-02T17:30:00.000000000,10,LSTM_uni,co2,1328.0,1503.7684,-175.7684
2026-12-02T17:20:00.000000000,2026-12-02T17:30:00.000000000,10,LSTM_uni,voc,80.0,100.6685,-20.6685
2026-12-02T17:21:00.000000000,2026-12-02T17:31:00.000000000,10,LSTM_uni,pm1,24.0,23.2699,0.7301
2026-12-02T17:21:00.000000000,2026-12-02T17:31:00.000000000,10,LSTM_uni,pm2_5,38.0,37.4426,0.5574
2026-12-02T17:21:00.000000000,2026-12-02T17:31:00.000000000,10,LSTM_uni,pm10,48.0,46.6868,1.3132
2026-12-02T17:21:00.000000000,2026-12-02T17:31:00.000000000,10,LSTM_uni,co2,1267.0,1512.3068,-245.3068
2026-12-02T17:21:00.000000000,2026-12-02T17:31:00.000000000,10,LSTM_uni,voc,79.0,101.8893,-22.8893
2026-12-02T17:22:00.000000000,2026-12-02T17:32:00.000000000,10,LSTM_uni,pm1,24.0,23.2425,0.7575
2026-12-02T17:22:00.000000000,2026-12-02T17:32:00.000000000,10,LSTM_uni,pm2_5,38.0,37.3558,0.6442
2026-12-02T17:22:00.000000000,2026-12-02T17:32:00.000000000,10,LSTM_uni,pm10,49.0,46.1867,2.8133
2026-12-02T17:22:00.000000000,2026-12-02T17:32:00.000000000,10,LSTM_uni,co2,1245.0,1513.3356,-268.3356
2026-12-02T17:22:00.000000000,2026-12-02T17:32:00.000000000,10,LSTM_uni,voc,79.0,108.9939,-29.9939
2026-12-02T17:23:00.000000000,2026-12-02T17:33:00.000000000,10,LSTM_uni,pm1,24.0,23.1419,0.8581
2026-12-02T17:23:00.000000000,2026-12-02T17:33:00.000000000,10,LSTM_uni,pm2_5,38.0,37.2106,0.7894
2026-12-02T17:23:00.000000000,2026-12-02T17:33:00.000000000,10,LSTM_uni,pm10,49.0,46.0969,2.9031
2026-12-02T17:23:00.000000000,2026-12-02T17:33:00.000000000,10,LSTM_uni,co2,1258.0,1500.1266,-242.1266
2026-12-02T17:23:00.000000000,2026-12-02T17:33:00.000000000,10,LSTM_uni,voc,76.0,104.1025,-28.1025
2026-12-02T17:24:00.000000000,2026-12-02T17:34:00.000000000,10,LSTM_uni,pm1,24.0,23.2501,0.7499
2026-12-02T17:24:00.000000000,2026-12-02T17:34:00.000000000,10,LSTM_uni,pm2_5,39.0,37.3945,1.6055
2026-12-02T17:24:00.000000000,2026-12-02T17:34:00.000000000,10,LSTM_uni,pm10,49.0,46.8014,2.1986
2026-12-02T17:24:00.000000000,2026-12-02T17:34:00.000000000,10,LSTM_uni,co2,1265.0,1497.5312,-232.5312
2026-12-02T17:24:00.000000000,2026-12-02T17:34:00.000000000,10,LSTM_uni,voc,74.0,89.0551,-15.0551
2026-12-02T17:25:00.000000000,2026-12-02T17:35:00.000000000,10,LSTM_uni,pm1,24.0,23.1264,0.8736
2026-12-02T17:25:00.000000000,2026-12-02T17:35:00.000000000,10,LSTM_uni,pm2_5,38.0,37.2664,0.7336
2026-12-02T17:25:00.000000000,2026-12-02T17:35:00.000000000,10,LSTM_uni,pm10,49.0,46.2282,2.7718
2026-12-02T17:25:00.000000000,2026-12-02T17:35:00.000000000,10,LSTM_uni,co2,1275.0,1505.0726,-230.0726
2026-12-02T17:25:00.000000000,2026-12-02T17:35:00.000000000,10,LSTM_uni,voc,73.0,89.4965,-16.4965
2026-12-02T17:26:00.000000000,2026-12-02T17:36:00.000000000,10,LSTM_uni,pm1,24.0,23.1155,0.8845
2026-12-02T17:26:00.000000000,2026-12-02T17:36:00.000000000,10,LSTM_uni,pm2_5,39.0,37.1546,1.8454
2026-12-02T17:26:00.000000000,2026-12-02T17:36:00.000000000,10,LSTM_uni,pm10,50.0,46.5672,3.4328
2026-12-02T17:26:00.000000000,2026-12-02T17:36:00.000000000,10,LSTM_uni,co2,1276.0,1519.3954,-243.3954
2026-12-02T17:26:00.000000000,2026-12-02T17:36:00.000000000,10,LSTM_uni,voc,75.0,92.0766,-17.0766
2026-12-02T17:27:00.000000000,2026-12-02T17:37:00.000000000,10,LSTM_uni,pm1,24.0,23.1285,0.8715
2026-12-02T17:27:00.000000000,2026-12-02T17:37:00.000000000,10,LSTM_uni,pm2_5,39.0,37.2936,1.7064
2026-12-02T17:27:00.000000000,2026-12-02T17:37:00.000000000,10,LSTM_uni,pm10,49.0,46.6274,2.3726
2026-12-02T17:27:00.000000000,2026-12-02T17:37:00.000000000,10,LSTM_uni,co2,1271.0,1517.9852,-246.9852
2026-12-02T17:27:00.000000000,2026-12-02T17:37:00.000000000,10,LSTM_uni,voc,75.0,91.1326,-16.1326
2026-12-02T17:28:00.000000000,2026-12-02T17:38:00.000000000,10,LSTM_uni,pm1,23.0,23.107,-0.107
2026-12-02T17:28:00.000000000,2026-12-02T17:38:00.000000000,10,LSTM_uni,pm2_5,38.0,37.2623,0.7377
2026-12-02T17:28:00.000000000,2026-12-02T17:38:00.000000000,10,LSTM_uni,pm10,48.0,46.7642,1.2358
2026-12-02T17:28:00.000000000,2026-12-02T17:38:00.000000000,10,LSTM_uni,co2,1260.0,1527.4004,-267.4004
2026-12-02T17:28:00.000000000,2026-12-02T17:38:00.000000000,10,LSTM_uni,voc,75.0,92.5517,-17.5517
2026-12-02T17:29:00.000000000,2026-12-02T17:39:00.000000000,10,LSTM_uni,pm1,24.0,23.1425,0.8575
2026-12-02T17:29:00.000000000,2026-12-02T17:39:00.000000000,10,LSTM_uni,pm2_5,38.0,37.2603,0.7397
2026-12-02T17:29:00.000000000,2026-12-02T17:39:00.000000000,10,LSTM_uni,pm10,47.0,46.7371,0.2629
2026-12-02T17:29:00.000000000,2026-12-02T17:39:00.000000000,10,LSTM_uni,co2,1250.0,1527.9996,-277.9996
2026-12-02T17:29:00.000000000,2026-12-02T17:39:00.000000000,10,LSTM_uni,voc,74.0,91.9858,-17.9858
2026-12-02T17:30:00.000000000,2026-12-02T17:40:00.000000000,10,LSTM_uni,pm1,23.0,23.2177,-0.2177
2026-12-02T17:30:00.000000000,2026-12-02T17:40:00.000000000,10,LSTM_uni,pm2_5,36.0,37.2954,-1.2954
2026-12-02T17:30:00.000000000,2026-12-02T17:40:00.000000000,10,LSTM_uni,pm10,47.0,46.6651,0.3349
2026-12-02T17:30:00.000000000,2026-12-02T17:40:00.000000000,10,LSTM_uni,co2,1232.0,1522.9559,-290.9559
2026-12-02T17:30:00.000000000,2026-12-02T17:40:00.000000000,10,LSTM_uni,voc,76.0,91.3183,-15.3183
2026-12-02T17:31:00.000000000,2026-12-02T17:41:00.000000000,10,LSTM_uni,pm1,22.0,23.1412,-1.1412
2026-12-02T17:31:00.000000000,2026-12-02T17:41:00.000000000,10,LSTM_uni,pm2_5,36.0,37.1491,-1.1491
2026-12-02T17:31:00.000000000,2026-12-02T17:41:00.000000000,10,LSTM_uni,pm10,46.0,46.3006,-0.3006
2026-12-02T17:31:00.000000000,2026-12-02T17:41:00.000000000,10,LSTM_uni,co2,1170.0,1532.7869,-362.7869
2026-12-02T17:31:00.000000000,2026-12-02T17:41:00.000000000,10,LSTM_uni,voc,78.0,96.6115,-18.6115
2026-12-02T17:32:00.000000000,2026-12-02T17:42:00.000000000,10,LSTM_uni,pm1,21.0,23.191,-2.191
2026-12-02T17:32:00.000000000,2026-12-02T17:42:00.000000000,10,LSTM_uni,pm2_5,35.0,37.4022,-2.4022
2026-12-02T17:32:00.000000000,2026-12-02T17:42:00.000000000,10,LSTM_uni,pm10,45.0,46.8907,-1.8907
2026-12-02T17:32:00.000000000,2026-12-02T17:42:00.000000000,10,LSTM_uni,co2,1184.0,1526.9478,-342.9478
2026-12-02T17:32:00.000000000,2026-12-02T17:42:00.000000000,10,LSTM_uni,voc,79.0,90.5845,-11.5845
2026-12-02T17:33:00.000000000,2026-12-02T17:43:00.000000000,10,LSTM_uni,pm1,21.0,23.2543,-2.2543
2026-12-02T17:33:00.000000000,2026-12-02T17:43:00.000000000,10,LSTM_uni,pm2_5,34.0,37.3797,-3.3797
2026-12-02T17:33:00.000000000,2026-12-02T17:43:00.000000000,10,LSTM_uni,pm10,42.0,46.6841,-4.6841
2026-12-02T17:33:00.000000000,2026-12-02T17:43:00.000000000,10,LSTM_uni,co2,1215.0,1530.9397,-315.9397
2026-12-02T17:33:00.000000000,2026-12-02T17:43:00.000000000,10,LSTM_uni,voc,79.0,91.1393,-12.1393
2026-12-02T17:34:00.000000000,2026-12-02T17:44:00.000000000,10,LSTM_uni,pm1,21.0,23.258,-2.258
2026-12-02T17:34:00.000000000,2026-12-02T17:44:00.000000000,10,LSTM_uni,pm2_5,33.0,37.4495,-4.4495
2026-12-02T17:34:00.000000000,2026-12-02T17:44:00.000000000,10,LSTM_uni,pm10,43.0,46.6241,-3.6241
2026-12-02T17:34:00.000000000,2026-12-02T17:44:00.000000000,10,LSTM_uni,co2,1185.0,1518.3854,-333.3854
2026-12-02T17:34:00.000000000,2026-12-02T17:44:00.000000000,10,LSTM_uni,voc,76.0,87.8853,-11.8853
2026-12-02T17:35:00.000000000,2026-12-02T17:45:00.000000000,10,LSTM_uni,pm1,21.0,23.2994,-2.2994
2026-12-02T17:35:00.000000000,2026-12-02T17:45:00.000000000,10,LSTM_uni,pm2_5,33.0,37.6229,-4.6229
2026-12-02T17:35:00.000000000,2026-12-02T17:45:00.000000000,10,LSTM_uni,pm10,42.0,47.0242,-5.0242
2026-12-02T17:35:00.000000000,2026-12-02T17:45:00.000000000,10,LSTM_uni,co2,1137.0,1508.0426,-371.0426
2026-12-02T17:35:00.000000000,2026-12-02T17:45:00.000000000,10,LSTM_uni,voc,76.0,79.5724,-3.5724
2026-12-02T17:36:00.000000000,2026-12-02T17:46:00.000000000,10,LSTM_uni,pm1,21.0,23.2271,-2.2271
2026-12-02T17:36:00.000000000,2026-12-02T17:46:00.000000000,10,LSTM_uni,pm2_5,33.0,37.3082,-4.3082
2026-12-02T17:36:00.000000000,2026-12-02T17:46:00.000000000,10,LSTM_uni,pm10,42.0,46.5539,-4.5539
2026-12-02T17:36:00.000000000,2026-12-02T17:46:00.000000000,10,LSTM_uni,co2,1161.0,1521.2238,-360.2238
2026-12-02T17:36:00.000000000,2026-12-02T17:46:00.000000000,10,LSTM_uni,voc,76.0,84.8988,-8.8988
2026-12-02T17:37:00.000000000,2026-12-02T17:47:00.000000000,10,LSTM_uni,pm1,21.0,23.3207,-2.3207
2026-12-02T17:37:00.000000000,2026-12-02T17:47:00.000000000,10,LSTM_uni,pm2_5,33.0,37.5573,-4.5573
2026-12-02T17:37:00.000000000,2026-12-02T17:47:00.000000000,10,LSTM_uni,pm10,42.0,47.0756,-5.0756
2026-12-02T17:37:00.000000000,2026-12-02T17:47:00.000000000,10,LSTM_uni,co2,1108.0,1518.3218,-410.3218
2026-12-02T17:37:00.000000000,2026-12-02T17:47:00.000000000,10,LSTM_uni,voc,72.0,83.3481,-11.3481
2026-12-02T17:38:00.000000000,2026-12-02T17:48:00.000000000,10,LSTM_uni,pm1,21.0,23.2882,-2.2882
2026-12-02T17:38:00.000000000,2026-12-02T17:48:00.000000000,10,LSTM_uni,pm2_5,32.0,37.568,-5.568
2026-12-02T17:38:00.000000000,2026-12-02T17:48:00.000000000,10,LSTM_uni,pm10,41.0,46.9204,-5.9204
2026-12-02T17:38:00.000000000,2026-12-02T17:48:00.000000000,10,LSTM_uni,co2,1112.0,1519.7498,-407.7498
2026-12-02T17:38:00.000000000,2026-12-02T17:48:00.000000000,10,LSTM_uni,voc,71.0,80.9606,-9.9606
2026-12-02T17:39:00.000000000,2026-12-02T17:49:00.000000000,10,LSTM_uni,pm1,20.0,23.0994,-3.0994
2026-12-02T17:39:00.000000000,2026-12-02T17:49:00.000000000,10,LSTM_uni,pm2_5,33.0,37.1572,-4.1572
2026-12-02T17:39:00.000000000,2026-12-02T17:49:00.000000000,10,LSTM_uni,pm10,41.0,46.2869,-5.2869
2026-12-02T17:39:00.000000000,2026-12-02T17:49:00.000000000,10,LSTM_uni,co2,1092.0,1537.9835,-445.9835
2026-12-02T17:39:00.000000000,2026-12-02T17:49:00.000000000,10,LSTM_uni,voc,68.0,94.1714,-26.1714
2026-12-02T17:40:00.000000000,2026-12-02T17:50:00.000000000,10,LSTM_uni,pm1,21.0,23.0663,-2.0663
2026-12-02T17:40:00.000000000,2026-12-02T17:50:00.000000000,10,LSTM_uni,pm2_5,33.0,37.1355,-4.1355
2026-12-02T17:40:00.000000000,2026-12-02T17:50:00.000000000,10,LSTM_uni,pm10,42.0,46.6543,-4.6543
2026-12-02T17:40:00.000000000,2026-12-02T17:50:00.000000000,10,LSTM_uni,co2,1047.0,1522.7543,-475.7543
2026-12-02T17:40:00.000000000,2026-12-02T17:50:00.000000000,10,LSTM_uni,voc,67.0,84.7933,-17.7933
2026-12-02T17:41:00.000000000,2026-12-02T17:51:00.000000000,10,LSTM_uni,pm1,21.0,22.8799,-1.8799
2026-12-02T17:41:00.000000000,2026-12-02T17:51:00.000000000,10,LSTM_uni,pm2_5,33.0,36.6846,-3.6846
2026-12-02T17:41:00.000000000,2026-12-02T17:51:00.000000000,10,LSTM_uni,pm10,42.0,45.4373,-3.4373
2026-12-02T17:41:00.000000000,2026-12-02T17:51:00.000000000,10,LSTM_uni,co2,1039.0,1550.533,-511.533
2026-12-02T17:41:00.000000000,2026-12-02T17:51:00.000000000,10,LSTM_uni,voc,65.0,104.393,-39.393
2026-12-02T17:42:00.000000000,2026-12-02T17:52:00.000000000,10,LSTM_uni,pm1,20.0,22.7061,-2.7061
2026-12-02T17:42:00.000000000,2026-12-02T17:52:00.000000000,10,LSTM_uni,pm2_5,33.0,36.537,-3.537
2026-12-02T17:42:00.000000000,2026-12-02T17:52:00.000000000,10,LSTM_uni,pm10,41.0,44.9888,-3.9888
2026-12-02T17:42:00.000000000,2026-12-02T17:52:00.000000000,10,LSTM_uni,co2,1070.0,1526.656,-456.656
2026-12-02T17:42:00.000000000,2026-12-02T17:52:00.000000000,10,LSTM_uni,voc,66.0,106.5257,-40.5257
2026-12-02T17:43:00.000000000,2026-12-02T17:53:00.000000000,10,LSTM_uni,pm1,22.0,22.474,-0.474
2026-12-02T17:43:00.000000000,2026-12-02T17:53:00.000000000,10,LSTM_uni,pm2_5,35.0,36.0187,-1.0187
2026-12-02T17:43:00.000000000,2026-12-02T17:53:00.000000000,10,LSTM_uni,pm10,44.0,43.8894,0.1106
2026-12-02T17:43:00.000000000,2026-12-02T17:53:00.000000000,10,LSTM_uni,co2,1044.0,1518.4347,-474.4347
2026-12-02T17:43:00.000000000,2026-12-02T17:53:00.000000000,10,LSTM_uni,voc,67.0,112.3621,-45.3621
2026-12-02T17:44:00.000000000,2026-12-02T17:54:00.000000000,10,LSTM_uni,pm1,22.0,22.1364,-0.1364
2026-12-02T17:44:00.000000000,2026-12-02T17:54:00.000000000,10,LSTM_uni,pm2_5,34.0,35.4126,-1.4126
2026-12-02T17:44:00.000000000,2026-12-02T17:54:00.000000000,10,LSTM_uni,pm10,43.0,43.1195,-0.1195
2026-12-02T17:44:00.000000000,2026-12-02T17:54:00.000000000,10,LSTM_uni,co2,1047.0,1496.0742,-449.0742
2026-12-02T17:44:00.000000000,2026-12-02T17:54:00.000000000,10,LSTM_uni,voc,65.0,104.2346,-39.2346
2026-12-02T17:45:00.000000000,2026-12-02T17:55:00.000000000,10,LSTM_uni,pm1,21.0,21.8816,-0.8816
2026-12-02T17:45:00.000000000,2026-12-02T17:55:00.000000000,10,LSTM_uni,pm2_5,34.0,34.8739,-0.8739
2026-12-02T17:45:00.000000000,2026-12-02T17:55:00.000000000,10,LSTM_uni,pm10,43.0,42.4951,0.5049
2026-12-02T17:45:00.000000000,2026-12-02T17:55:00.000000000,10,LSTM_uni,co2,1077.0,1493.7511,-416.7511
2026-12-02T17:45:00.000000000,2026-12-02T17:55:00.000000000,10,LSTM_uni,voc,64.0,94.044,-30.044
2026-12-02T17:46:00.000000000,2026-12-02T17:56:00.000000000,10,LSTM_uni,pm1,21.0,21.7291,-0.7291
2026-12-02T17:46:00.000000000,2026-12-02T17:56:00.000000000,10,LSTM_uni,pm2_5,34.0,34.7554,-0.7554
2026-12-02T17:46:00.000000000,2026-12-02T17:56:00.000000000,10,LSTM_uni,pm10,43.0,42.1508,0.8492
2026-12-02T17:46:00.000000000,2026-12-02T17:56:00.000000000,10,LSTM_uni,co2,1054.0,1461.9596,-407.9596
2026-12-02T17:46:00.000000000,2026-12-02T17:56:00.000000000,10,LSTM_uni,voc,65.0,79.1139,-14.1139
2026-12-02T17:47:00.000000000,2026-12-02T17:57:00.000000000,10,LSTM_uni,pm1,21.0,21.5733,-0.5733
2026-12-02T17:47:00.000000000,2026-12-02T17:57:00.000000000,10,LSTM_uni,pm2_5,34.0,34.5875,-0.5875
2026-12-02T17:47:00.000000000,2026-12-02T17:57:00.000000000,10,LSTM_uni,pm10,43.0,41.8769,1.1231
2026-12-02T17:47:00.000000000,2026-12-02T17:57:00.000000000,10,LSTM_uni,co2,1036.0,1451.7308,-415.7308
2026-12-02T17:47:00.000000000,2026-12-02T17:57:00.000000000,10,LSTM_uni,voc,65.0,66.8022,-1.8022
2026-12-02T17:48:00.000000000,2026-12-02T17:58:00.000000000,10,LSTM_uni,pm1,20.0,21.4829,-1.4829
2026-12-02T17:48:00.000000000,2026-12-02T17:58:00.000000000,10,LSTM_uni,pm2_5,34.0,34.5274,-0.5274
2026-12-02T17:48:00.000000000,2026-12-02T17:58:00.000000000,10,LSTM_uni,pm10,42.0,41.6973,0.3027
2026-12-02T17:48:00.000000000,2026-12-02T17:58:00.000000000,10,LSTM_uni,co2,1065.0,1431.5291,-366.5291
2026-12-02T17:48:00.000000000,2026-12-02T17:58:00.000000000,10,LSTM_uni,voc,65.0,54.0143,10.9857
2026-12-02T17:49:00.000000000,2026-12-02T17:59:00.000000000,10,LSTM_uni,pm1,21.0,21.3675,-0.3675
2026-12-02T17:49:00.000000000,2026-12-02T17:59:00.000000000,10,LSTM_uni,pm2_5,33.0,34.1454,-1.1454
2026-12-02T17:49:00.000000000,2026-12-02T17:59:00.000000000,10,LSTM_uni,pm10,43.0,41.2135,1.7865
2026-12-02T17:49:00.000000000,2026-12-02T17:59:00.000000000,10,LSTM_uni,co2,1073.0,1430.7899,-357.7899
2026-12-02T17:49:00.000000000,2026-12-02T17:59:00.000000000,10,LSTM_uni,voc,68.0,51.4962,16.5038
2026-12-02T17:50:00.000000000,2026-12-02T18:00:00.000000000,10,LSTM_uni,pm1,21.0,21.1891,-0.1891
2026-12-02T17:50:00.000000000,2026-12-02T18:00:00.000000000,10,LSTM_uni,pm2_5,32.0,34.2929,-2.2929
2026-12-02T17:50:00.000000000,2026-12-02T18:00:00.000000000,10,LSTM_uni,pm10,41.0,41.1711,-0.1711
2026-12-02T17:50:00.000000000,2026-12-02T18:00:00.000000000,10,LSTM_uni,co2,1078.0,1396.9547,-318.9547
2026-12-02T17:50:00.000000000,2026-12-02T18:00:00.000000000,10,LSTM_uni,voc,72.0,41.4061,30.5939
2026-12-02T17:51:00.000000000,2026-12-02T18:01:00.000000000,10,LSTM_uni,pm1,21.0,21.3417,-0.3417
2026-12-02T17:51:00.000000000,2026-12-02T18:01:00.000000000,10,LSTM_uni,pm2_5,34.0,34.2213,-0.2213
2026-12-02T17:51:00.000000000,2026-12-02T18:01:00.000000000,10,LSTM_uni,pm10,42.0,41.3739,0.6261
2026-12-02T17:51:00.000000000,2026-12-02T18:01:00.000000000,10,LSTM_uni,co2,1098.0,1386.0602,-288.0602
2026-12-02T17:51:00.000000000,2026-12-02T18:01:00.000000000,10,LSTM_uni,voc,71.0,30.9504,40.0496
2026-12-02T17:52:00.000000000,2026-12-02T18:02:00.000000000,10,LSTM_uni,pm1,21.0,21.3046,-0.3046
2026-12-02T17:52:00.000000000,2026-12-02T18:02:00.000000000,10,LSTM_uni,pm2_5,33.0,34.3404,-1.3404
2026-12-02T17:52:00.000000000,2026-12-02T18:02:00.000000000,10,LSTM_uni,pm10,42.0,41.286,0.714
2026-12-02T17:52:00.000000000,2026-12-02T18:02:00.000000000,10,LSTM_uni,co2,1109.0,1373.2625,-264.2625
2026-12-02T17:52:00.000000000,2026-12-02T18:02:00.000000000,10,LSTM_uni,voc,71.0,25.48,45.52
2026-12-02T17:53:00.000000000,2026-12-02T18:03:00.000000000,10,LSTM_uni,pm1,20.0,21.054,-1.054
2026-12-02T17:53:00.000000000,2026-12-02T18:03:00.000000000,10,LSTM_uni,pm2_5,32.0,34.0968,-2.0968
2026-12-02T17:53:00.000000000,2026-12-02T18:03:00.000000000,10,LSTM_uni,pm10,39.0,40.7118,-1.7118
2026-12-02T17:53:00.000000000,2026-12-02T18:03:00.000000000,10,LSTM_uni,co2,1117.0,1356.9384,-239.9384
2026-12-02T17:53:00.000000000,2026-12-02T18:03:00.000000000,10,LSTM_uni,voc,73.0,26.9079,46.0921
2026-12-02T17:54:00.000000000,2026-12-02T18:04:00.000000000,10,LSTM_uni,pm1,21.0,21.408,-0.408
2026-12-02T17:54:00.000000000,2026-12-02T18:04:00.000000000,10,LSTM_uni,pm2_5,32.0,34.7296,-2.7296
2026-12-02T17:54:00.000000000,2026-12-02T18:04:00.000000000,10,LSTM_uni,pm10,41.0,42.8038,-1.8038
2026-12-02T17:54:00.000000000,2026-12-02T18:04:00.000000000,10,LSTM_uni,co2,1127.0,1383.2721,-256.2721
2026-12-02T17:54:00.000000000,2026-12-02T18:04:00.000000000,10,LSTM_uni,voc,74.0,13.4704,60.5296
2026-12-02T17:55:00.000000000,2026-12-02T18:05:00.000000000,10,LSTM_uni,pm1,20.0,21.4053,-1.4053
2026-12-02T17:55:00.000000000,2026-12-02T18:05:00.000000000,10,LSTM_uni,pm2_5,33.0,34.6708,-1.6708
2026-12-02T17:55:00.000000000,2026-12-02T18:05:00.000000000,10,LSTM_uni,pm10,41.0,41.8317,-0.8317
2026-12-02T17:55:00.000000000,2026-12-02T18:05:00.000000000,10,LSTM_uni,co2,1117.0,1370.2621,-253.2621
2026-12-02T17:55:00.000000000,2026-12-02T18:05:00.000000000,10,LSTM_uni,voc,73.0,13.0817,59.9183
2026-12-02T17:56:00.000000000,2026-12-02T18:06:00.000000000,10,LSTM_uni,pm1,20.0,21.2123,-1.2123
2026-12-02T17:56:00.000000000,2026-12-02T18:06:00.000000000,10,LSTM_uni,pm2_5,33.0,34.5205,-1.5205
2026-12-02T17:56:00.000000000,2026-12-02T18:06:00.000000000,10,LSTM_uni,pm10,42.0,41.8066,0.1934
2026-12-02T17:56:00.000000000,2026-12-02T18:06:00.000000000,10,LSTM_uni,co2,1066.0,1379.9598,-313.9598
2026-12-02T17:56:00.000000000,2026-12-02T18:06:00.000000000,10,LSTM_uni,voc,75.0,20.5181,54.4819
2026-12-02T17:57:00.000000000,2026-12-02T18:07:00.000000000,10,LSTM_uni,pm1,21.0,21.3692,-0.3692
2026-12-02T17:57:00.000000000,2026-12-02T18:07:00.000000000,10,LSTM_uni,pm2_5,32.0,34.5231,-2.5231
2026-12-02T17:57:00.000000000,2026-12-02T18:07:00.000000000,10,LSTM_uni,pm10,40.0,41.8578,-1.8578
2026-12-02T17:57:00.000000000,2026-12-02T18:07:00.000000000,10,LSTM_uni,co2,1051.0,1369.8682,-318.8682
2026-12-02T17:57:00.000000000,2026-12-02T18:07:00.000000000,10,LSTM_uni,voc,74.0,23.734,50.266
2026-12-02T17:58:00.000000000,2026-12-02T18:08:00.000000000,10,LSTM_uni,pm1,21.0,21.4484,-0.4484
2026-12-02T17:58:00.000000000,2026-12-02T18:08:00.000000000,10,LSTM_uni,pm2_5,34.0,34.631,-0.631
2026-12-02T17:58:00.000000000,2026-12-02T18:08:00.000000000,10,LSTM_uni,pm10,42.0,41.891,0.109
2026-12-02T17:58:00.000000000,2026-12-02T18:08:00.000000000,10,LSTM_uni,co2,1048.0,1364.9784,-316.9784
2026-12-02T17:58:00.000000000,2026-12-02T18:08:00.000000000,10,LSTM_uni,voc,70.0,24.926,45.074
2026-12-02T17:59:00.000000000,2026-12-02T18:09:00.000000000,10,LSTM_uni,pm1,21.0,21.2582,-0.2582
2026-12-02T17:59:00.000000000,2026-12-02T18:09:00.000000000,10,LSTM_uni,pm2_5,34.0,34.4704,-0.4704
2026-12-02T17:59:00.000000000,2026-12-02T18:09:00.000000000,10,LSTM_uni,pm10,41.0,41.2838,-0.2838
2026-12-02T17:59:00.000000000,2026-12-02T18:09:00.000000000,10,LSTM_uni,co2,1034.0,1348.8488,-314.8488
2026-12-02T17:59:00.000000000,2026-12-02T18:09:00.000000000,10,LSTM_uni,voc,68.0,26.8501,41.1499
2026-12-02T18:00:00.000000000,2026-12-02T18:10:00.000000000,10,LSTM_uni,pm1,21.0,21.3165,-0.3165
2026-12-02T18:00:00.000000000,2026-12-02T18:10:00.000000000,10,LSTM_uni,pm2_5,34.0,33.9858,0.0142
2026-12-02T18:00:00.000000000,2026-12-02T18:10:00.000000000,10,LSTM_uni,pm10,42.0,41.2355,0.7645
2026-12-02T18:00:00.000000000,2026-12-02T18:10:00.000000000,10,LSTM_uni,co2,1029.0,1370.079,-341.079
2026-12-02T18:00:00.000000000,2026-12-02T18:10:00.000000000,10,LSTM_uni,voc,71.0,27.428,43.572
2026-12-02T13:15:00.000000000,2026-12-02T13:27:00.000000000,10,VanillaRNN,pm1,16.0,10.5446,5.4554
2026-12-02T13:15:00.000000000,2026-12-02T13:27:00.000000000,10,VanillaRNN,pm2_5,26.0,17.3778,8.6222
2026-12-02T13:15:00.000000000,2026-12-02T13:27:00.000000000,10,VanillaRNN,pm10,32.0,18.8084,13.1916
2026-12-02T13:15:00.000000000,2026-12-02T13:27:00.000000000,10,VanillaRNN,co2,2790.0,2325.3965,464.6035
2026-12-02T13:15:00.000000000,2026-12-02T13:27:00.000000000,10,VanillaRNN,voc,114.0,17.7506,96.2494
2026-12-02T13:16:00.000000000,2026-12-02T13:28:00.000000000,10,VanillaRNN,pm1,17.0,11.1956,5.8044
2026-12-02T13:16:00.000000000,2026-12-02T13:28:00.000000000,10,VanillaRNN,pm2_5,27.0,18.8506,8.1494
2026-12-02T13:16:00.000000000,2026-12-02T13:28:00.000000000,10,VanillaRNN,pm10,31.0,22.6312,8.3688
2026-12-02T13:16:00.000000000,2026-12-02T13:28:00.000000000,10,VanillaRNN,co2,2707.0,2080.6243,626.3757
2026-12-02T13:16:00.000000000,2026-12-02T13:28:00.000000000,10,VanillaRNN,voc,110.0,35.53,74.47
2026-12-02T13:17:00.000000000,2026-12-02T13:29:00.000000000,10,VanillaRNN,pm1,17.0,11.3094,5.6906
2026-12-02T13:17:00.000000000,2026-12-02T13:29:00.000000000,10,VanillaRNN,pm2_5,26.0,18.801,7.199
2026-12-02T13:17:00.000000000,2026-12-02T13:29:00.000000000,10,VanillaRNN,pm10,31.0,21.8912,9.1088
2026-12-02T13:17:00.000000000,2026-12-02T13:29:00.000000000,10,VanillaRNN,co2,2777.0,1895.1818,881.8182
2026-12-02T13:17:00.000000000,2026-12-02T13:29:00.000000000,10,VanillaRNN,voc,113.0,61.5164,51.4836
2026-12-02T13:18:00.000000000,2026-12-02T13:30:00.000000000,10,VanillaRNN,pm1,16.0,11.0682,4.9318
2026-12-02T13:18:00.000000000,2026-12-02T13:30:00.000000000,10,VanillaRNN,pm2_5,26.0,18.6025,7.3975
2026-12-02T13:18:00.000000000,2026-12-02T13:30:00.000000000,10,VanillaRNN,pm10,31.0,21.0871,9.9129
2026-12-02T13:18:00.000000000,2026-12-02T13:30:00.000000000,10,VanillaRNN,co2,2766.0,2118.1831,647.8169
2026-12-02T13:18:00.000000000,2026-12-02T13:30:00.000000000,10,VanillaRNN,voc,108.0,51.4831,56.5169
2026-12-02T13:19:00.000000000,2026-12-02T13:31:00.000000000,10,VanillaRNN,pm1,16.0,11.3796,4.6204
2026-12-02T13:19:00.000000000,2026-12-02T13:31:00.000000000,10,VanillaRNN,pm2_5,26.0,19.3183,6.6817
2026-12-02T13:19:00.000000000,2026-12-02T13:31:00.000000000,10,VanillaRNN,pm10,30.0,22.9616,7.0384
2026-12-02T13:19:00.000000000,2026-12-02T13:31:00.000000000,10,VanillaRNN,co2,2705.0,2141.8154,563.1846
2026-12-02T13:19:00.000000000,2026-12-02T13:31:00.000000000,10,VanillaRNN,voc,108.0,44.8086,63.1914
2026-12-02T13:21:00.000000000,2026-12-02T13:32:00.000000000,10,VanillaRNN,pm1,16.0,11.454,4.546
2026-12-02T13:21:00.000000000,2026-12-02T13:32:00.000000000,10,VanillaRNN,pm2_5,25.0,19.0363,5.9637
2026-12-02T13:21:00.000000000,2026-12-02T13:32:00.000000000,10,VanillaRNN,pm10,32.0,22.0895,9.9105
2026-12-02T13:21:00.000000000,2026-12-02T13:32:00.000000000,10,VanillaRNN,co2,2767.0,2093.7844,673.2156
2026-12-02T13:21:00.000000000,2026-12-02T13:32:00.000000000,10,VanillaRNN,voc,107.0,45.1306,61.8694
2026-12-02T13:22:00.000000000,2026-12-02T13:33:00.000000000,10,VanillaRNN,pm1,17.0,11.3222,5.6778
2026-12-02T13:22:00.000000000,2026-12-02T13:33:00.000000000,10,VanillaRNN,pm2_5,25.0,18.8363,6.1637
2026-12-02T13:22:00.000000000,2026-12-02T13:33:00.000000000,10,VanillaRNN,pm10,33.0,21.5458,11.4542
2026-12-02T13:22:00.000000000,2026-12-02T13:33:00.000000000,10,VanillaRNN,co2,2759.0,2189.6064,569.3936
2026-12-02T13:22:00.000000000,2026-12-02T13:33:00.000000000,10,VanillaRNN,voc,114.0,32.0547,81.9453
2026-12-02T13:24:00.000000000,2026-12-02T13:34:00.000000000,10,VanillaRNN,pm1,16.0,12.0043,3.9957
2026-12-02T13:24:00.000000000,2026-12-02T13:34:00.000000000,10,VanillaRNN,pm2_5,25.0,19.2519,5.7481
2026-12-02T13:24:00.000000000,2026-12-02T13:34:00.000000000,10,VanillaRNN,pm10,30.0,22.8749,7.1251
2026-12-02T13:24:00.000000000,2026-12-02T13:34:00.000000000,10,VanillaRNN,co2,2702.0,2142.0989,559.9011
2026-12-02T13:24:00.000000000,2026-12-02T13:34:00.000000000,10,VanillaRNN,voc,106.0,48.7237,57.2763
2026-12-02T13:25:00.000000000,2026-12-02T13:35:00.000000000,10,VanillaRNN,pm1,15.0,11.2548,3.7452
2026-12-02T13:25:00.000000000,2026-12-02T13:35:00.000000000,10,VanillaRNN,pm2_5,24.0,18.7677,5.2323
2026-12-02T13:25:00.000000000,2026-12-02T13:35:00.000000000,10,VanillaRNN,pm10,29.0,20.5064,8.4936
2026-12-02T13:25:00.000000000,2026-12-02T13:35:00.000000000,10,VanillaRNN,co2,2611.0,2254.9631,356.0369
2026-12-02T13:25:00.000000000,2026-12-02T13:35:00.000000000,10,VanillaRNN,voc,106.0,35.5219,70.4781
2026-12-02T13:26:00.000000000,2026-12-02T13:36:00.000000000,10,VanillaRNN,pm1,16.0,11.9557,4.0443
2026-12-02T13:26:00.000000000,2026-12-02T13:36:00.000000000,10,VanillaRNN,pm2_5,25.0,19.7697,5.2303
2026-12-02T13:26:00.000000000,2026-12-02T13:36:00.000000000,10,VanillaRNN,pm10,30.0,23.4366,6.5634
2026-12-02T13:26:00.000000000,2026-12-02T13:36:00.000000000,10,VanillaRNN,co2,2684.0,2137.5325,546.4675
2026-12-02T13:26:00.000000000,2026-12-02T13:36:00.000000000,10,VanillaRNN,voc,105.0,49.205,55.795
2026-12-02T13:27:00.000000000,2026-12-02T13:37:00.000000000,10,VanillaRNN,pm1,15.0,10.988,4.012
2026-12-02T13:27:00.000000000,2026-12-02T13:37:00.000000000,10,VanillaRNN,pm2_5,25.0,18.9939,6.0061
2026-12-02T13:27:00.000000000,2026-12-02T13:37:00.000000000,10,VanillaRNN,pm10,29.0,20.9785,8.0215
2026-12-02T13:27:00.000000000,2026-12-02T13:37:00.000000000,10,VanillaRNN,co2,2639.0,2214.1736,424.8264
2026-12-02T13:27:00.000000000,2026-12-02T13:37:00.000000000,10,VanillaRNN,voc,106.0,39.529,66.471
2026-12-02T13:28:00.000000000,2026-12-02T13:38:00.000000000,10,VanillaRNN,pm1,16.0,11.7583,4.2417
2026-12-02T13:28:00.000000000,2026-12-02T13:38:00.000000000,10,VanillaRNN,pm2_5,25.0,19.6359,5.3641
2026-12-02T13:28:00.000000000,2026-12-02T13:38:00.000000000,10,VanillaRNN,pm10,31.0,23.454,7.546
2026-12-02T13:28:00.000000000,2026-12-02T13:38:00.000000000,10,VanillaRNN,co2,2605.0,2066.5728,538.4272
2026-12-02T13:28:00.000000000,2026-12-02T13:38:00.000000000,10,VanillaRNN,voc,106.0,33.3433,72.6567
2026-12-02T13:29:00.000000000,2026-12-02T13:39:00.000000000,10,VanillaRNN,pm1,15.0,11.1909,3.8091
2026-12-02T13:29:00.000000000,2026-12-02T13:39:00.000000000,10,VanillaRNN,pm2_5,25.0,19.0357,5.9643
2026-12-02T13:29:00.000000000,2026-12-02T13:39:00.000000000,10,VanillaRNN,pm10,30.0,21.3627,8.6373
2026-12-02T13:29:00.000000000,2026-12-02T13:39:00.000000000,10,VanillaRNN,co2,2602.0,2114.4573,487.5427
2026-12-02T13:29:00.000000000,2026-12-02T13:39:00.000000000,10,VanillaRNN,voc,106.0,47.3712,58.6288
2026-12-02T13:30:00.000000000,2026-12-02T13:40:00.000000000,10,VanillaRNN,pm1,15.0,11.3712,3.6288
2026-12-02T13:30:00.000000000,2026-12-02T13:40:00.000000000,10,VanillaRNN,pm2_5,25.0,18.8744,6.1256
2026-12-02T13:30:00.000000000,2026-12-02T13:40:00.000000000,10,VanillaRNN,pm10,28.0,21.11,6.89
2026-12-02T13:30:00.000000000,2026-12-02T13:40:00.000000000,10,VanillaRNN,co2,2607.0,2182.4673,424.5327
2026-12-02T13:30:00.000000000,2026-12-02T13:40:00.000000000,10,VanillaRNN,voc,104.0,15.5198,88.4802
2026-12-02T13:31:00.000000000,2026-12-02T13:41:00.000000000,10,VanillaRNN,pm1,16.0,11.9508,4.0492
2026-12-02T13:31:00.000000000,2026-12-02T13:41:00.000000000,10,VanillaRNN,pm2_5,25.0,19.7174,5.2826
2026-12-02T13:31:00.000000000,2026-12-02T13:41:00.000000000,10,VanillaRNN,pm10,27.0,23.476,3.524
2026-12-02T13:31:00.000000000,2026-12-02T13:41:00.000000000,10,VanillaRNN,co2,2541.0,2015.0613,525.9387
2026-12-02T13:31:00.000000000,2026-12-02T13:41:00.000000000,10,VanillaRNN,voc,102.0,63.9947,38.0053
2026-12-02T13:32:00.000000000,2026-12-02T13:42:00.000000000,10,VanillaRNN,pm1,16.0,11.6344,4.3656
2026-12-02T13:32:00.000000000,2026-12-02T13:42:00.000000000,10,VanillaRNN,pm2_5,25.0,19.3399,5.6601
2026-12-02T13:32:00.000000000,2026-12-02T13:42:00.000000000,10,VanillaRNN,pm10,29.0,22.1199,6.8801
2026-12-02T13:32:00.000000000,2026-12-02T13:42:00.000000000,10,VanillaRNN,co2,2507.0,2154.9531,352.0469
2026-12-02T13:32:00.000000000,2026-12-02T13:42:00.000000000,10,VanillaRNN,voc,100.0,29.5151,70.4849
2026-12-02T13:33:00.000000000,2026-12-02T13:43:00.000000000,10,VanillaRNN,pm1,15.0,11.6606,3.3394
2026-12-02T13:33:00.000000000,2026-12-02T13:43:00.000000000,10,VanillaRNN,pm2_5,24.0,19.6945,4.3055
2026-12-02T13:33:00.000000000,2026-12-02T13:43:00.000000000,10,VanillaRNN,pm10,29.0,22.7854,6.2146
2026-12-02T13:33:00.000000000,2026-12-02T13:43:00.000000000,10,VanillaRNN,co2,2581.0,2043.9921,537.0079
2026-12-02T13:33:00.000000000,2026-12-02T13:43:00.000000000,10,VanillaRNN,voc,101.0,44.8179,56.1821
2026-12-02T13:34:00.000000000,2026-12-02T13:44:00.000000000,10,VanillaRNN,pm1,15.0,11.4673,3.5327
2026-12-02T13:34:00.000000000,2026-12-02T13:44:00.000000000,10,VanillaRNN,pm2_5,25.0,19.7176,5.2824
2026-12-02T13:34:00.000000000,2026-12-02T13:44:00.000000000,10,VanillaRNN,pm10,30.0,22.347,7.653
2026-12-02T13:34:00.000000000,2026-12-02T13:44:00.000000000,10,VanillaRNN,co2,2569.0,2001.6356,567.3644
2026-12-02T13:34:00.000000000,2026-12-02T13:44:00.000000000,10,VanillaRNN,voc,100.0,78.5921,21.4079
2026-12-02T13:35:00.000000000,2026-12-02T13:45:00.000000000,10,VanillaRNN,pm1,16.0,12.0629,3.9371
2026-12-02T13:35:00.000000000,2026-12-02T13:45:00.000000000,10,VanillaRNN,pm2_5,25.0,19.7745,5.2255
2026-12-02T13:35:00.000000000,2026-12-02T13:45:00.000000000,10,VanillaRNN,pm10,30.0,23.5236,6.4764
2026-12-02T13:35:00.000000000,2026-12-02T13:45:00.000000000,10,VanillaRNN,co2,2532.0,2187.9082,344.0918
2026-12-02T13:35:00.000000000,2026-12-02T13:45:00.000000000,10,VanillaRNN,voc,97.0,66.3337,30.6663
2026-12-02T13:36:00.000000000,2026-12-02T13:46:00.000000000,10,VanillaRNN,pm1,17.0,11.7607,5.2393
2026-12-02T13:36:00.000000000,2026-12-02T13:46:00.000000000,10,VanillaRNN,pm2_5,25.0,19.7143,5.2857
2026-12-02T13:36:00.000000000,2026-12-02T13:46:00.000000000,10,VanillaRNN,pm10,31.0,22.7291,8.2709
2026-12-02T13:36:00.000000000,2026-12-02T13:46:00.000000000,10,VanillaRNN,co2,2442.0,2186.9038,255.0962
2026-12-02T13:36:00.000000000,2026-12-02T13:46:00.000000000,10,VanillaRNN,voc,96.0,34.1235,61.8765
2026-12-02T13:37:00.000000000,2026-12-02T13:47:00.000000000,10,VanillaRNN,pm1,16.0,11.786,4.214
2026-12-02T13:37:00.000000000,2026-12-02T13:47:00.000000000,10,VanillaRNN,pm2_5,25.0,20.1581,4.8419
2026-12-02T13:37:00.000000000,2026-12-02T13:47:00.000000000,10,VanillaRNN,pm10,31.0,23.0759,7.9241
2026-12-02T13:37:00.000000000,2026-12-02T13:47:00.000000000,10,VanillaRNN,co2,2421.0,2130.1697,290.8303
2026-12-02T13:37:00.000000000,2026-12-02T13:47:00.000000000,10,VanillaRNN,voc,95.0,35.3392,59.6608
2026-12-02T13:38:00.000000000,2026-12-02T13:48:00.000000000,10,VanillaRNN,pm1,17.0,11.7813,5.2187
2026-12-02T13:38:00.000000000,2026-12-02T13:48:00.000000000,10,VanillaRNN,pm2_5,25.0,19.5803,5.4197
2026-12-02T13:38:00.000000000,2026-12-02T13:48:00.000000000,10,VanillaRNN,pm10,31.0,22.1025,8.8975
2026-12-02T13:38:00.000000000,2026-12-02T13:48:00.000000000,10,VanillaRNN,co2,2463.0,2093.05,369.95
2026-12-02T13:38:00.000000000,2026-12-02T13:48:00.000000000,10,VanillaRNN,voc,96.0,45.1817,50.8183
2026-12-02T13:39:00.000000000,2026-12-02T13:49:00.000000000,10,VanillaRNN,pm1,16.0,11.4016,4.5984
2026-12-02T13:39:00.000000000,2026-12-02T13:49:00.000000000,10,VanillaRNN,pm2_5,25.0,20.0524,4.9476
2026-12-02T13:39:00.000000000,2026-12-02T13:49:00.000000000,10,VanillaRNN,pm10,29.0,22.928,6.072
2026-12-02T13:39:00.000000000,2026-12-02T13:49:00.000000000,10,VanillaRNN,co2,2443.0,2045.2861,397.7139
2026-12-02T13:39:00.000000000,2026-12-02T13:49:00.000000000,10,VanillaRNN,voc,93.0,43.0898,49.9102
2026-12-02T13:40:00.000000000,2026-12-02T13:50:00.000000000,10,VanillaRNN,pm1,17.0,11.9768,5.0232
2026-12-02T13:40:00.000000000,2026-12-02T13:50:00.000000000,10,VanillaRNN,pm2_5,25.0,19.8249,5.1751
2026-12-02T13:40:00.000000000,2026-12-02T13:50:00.000000000,10,VanillaRNN,pm10,30.0,22.6175,7.3825
2026-12-02T13:40:00.000000000,2026-12-02T13:50:00.000000000,10,VanillaRNN,co2,2403.0,1991.0874,411.9126
2026-12-02T13:40:00.000000000,2026-12-02T13:50:00.000000000,10,VanillaRNN,voc,96.0,58.0032,37.9968
2026-12-02T13:41:00.000000000,2026-12-02T13:51:00.000000000,10,VanillaRNN,pm1,16.0,11.6444,4.3556
2026-12-02T13:41:00.000000000,2026-12-02T13:51:00.000000000,10,VanillaRNN,pm2_5,25.0,19.6689,5.3311
2026-12-02T13:41:00.000000000,2026-12-02T13:51:00.000000000,10,VanillaRNN,pm10,32.0,21.6709,10.3291
2026-12-02T13:41:00.000000000,2026-12-02T13:51:00.000000000,10,VanillaRNN,co2,2392.0,2149.5564,242.4436
2026-12-02T13:41:00.000000000,2026-12-02T13:51:00.000000000,10,VanillaRNN,voc,93.0,48.3377,44.6623
2026-12-02T13:42:00.000000000,2026-12-02T13:52:00.000000000,10,VanillaRNN,pm1,17.0,11.5129,5.4871
2026-12-02T13:42:00.000000000,2026-12-02T13:52:00.000000000,10,VanillaRNN,pm2_5,26.0,19.5726,6.4274
2026-12-02T13:42:00.000000000,2026-12-02T13:52:00.000000000,10,VanillaRNN,pm10,31.0,21.6199,9.3801
2026-12-02T13:42:00.000000000,2026-12-02T13:52:00.000000000,10,VanillaRNN,co2,2238.0,2183.8599,54.1401
2026-12-02T13:42:00.000000000,2026-12-02T13:52:00.000000000,10,VanillaRNN,voc,82.0,34.6607,47.3393
2026-12-02T13:43:00.000000000,2026-12-02T13:53:00.000000000,10,VanillaRNN,pm1,17.0,11.8146,5.1854
2026-12-02T13:43:00.000000000,2026-12-02T13:53:00.000000000,10,VanillaRNN,pm2_5,26.0,20.2063,5.7937
2026-12-02T13:43:00.000000000,2026-12-02T13:53:00.000000000,10,VanillaRNN,pm10,34.0,23.1468,10.8532
2026-12-02T13:43:00.000000000,2026-12-02T13:53:00.000000000,10,VanillaRNN,co2,2253.0,2025.4232,227.5768
2026-12-02T13:43:00.000000000,2026-12-02T13:53:00.000000000,10,VanillaRNN,voc,83.0,40.0482,42.9518
2026-12-02T13:44:00.000000000,2026-12-02T13:54:00.000000000,10,VanillaRNN,pm1,17.0,11.7327,5.2673
2026-12-02T13:44:00.000000000,2026-12-02T13:54:00.000000000,10,VanillaRNN,pm2_5,27.0,20.0069,6.9931
2026-12-02T13:44:00.000000000,2026-12-02T13:54:00.000000000,10,VanillaRNN,pm10,32.0,22.3707,9.6293
2026-12-02T13:44:00.000000000,2026-12-02T13:54:00.000000000,10,VanillaRNN,co2,2355.0,1888.0234,466.9766
2026-12-02T13:44:00.000000000,2026-12-02T13:54:00.000000000,10,VanillaRNN,voc,86.0,62.8497,23.1503
2026-12-02T13:45:00.000000000,2026-12-02T13:55:00.000000000,10,VanillaRNN,pm1,17.0,12.1966,4.8034
2026-12-02T13:45:00.000000000,2026-12-02T13:55:00.000000000,10,VanillaRNN,pm2_5,26.0,20.9597,5.0403
2026-12-02T13:45:00.000000000,2026-12-02T13:55:00.000000000,10,VanillaRNN,pm10,32.0,24.7932,7.2068
2026-12-02T13:45:00.000000000,2026-12-02T13:55:00.000000000,10,VanillaRNN,co2,2314.0,1951.1187,362.8813
2026-12-02T13:45:00.000000000,2026-12-02T13:55:00.000000000,10,VanillaRNN,voc,86.0,62.9169,23.0831
2026-12-02T13:46:00.000000000,2026-12-02T13:56:00.000000000,10,VanillaRNN,pm1,16.0,11.4757,4.5243
2026-12-02T13:46:00.000000000,2026-12-02T13:56:00.000000000,10,VanillaRNN,pm2_5,26.0,20.1312,5.8688
2026-12-02T13:46:00.000000000,2026-12-02T13:56:00.000000000,10,VanillaRNN,pm10,31.0,21.8633,9.1367
2026-12-02T13:46:00.000000000,2026-12-02T13:56:00.000000000,10,VanillaRNN,co2,2291.0,2032.5283,258.4717
2026-12-02T13:46:00.000000000,2026-12-02T13:56:00.000000000,10,VanillaRNN,voc,86.0,49.4102,36.5898
2026-12-02T13:47:00.000000000,2026-12-02T13:57:00.000000000,10,VanillaRNN,pm1,17.0,11.7157,5.2843
2026-12-02T13:47:00.000000000,2026-12-02T13:57:00.000000000,10,VanillaRNN,pm2_5,27.0,20.5151,6.4849
2026-12-02T13:47:00.000000000,2026-12-02T13:57:00.000000000,10,VanillaRNN,pm10,34.0,23.4418,10.5582
2026-12-02T13:47:00.000000000,2026-12-02T13:57:00.000000000,10,VanillaRNN,co2,2161.0,2036.6174,124.3826
2026-12-02T13:47:00.000000000,2026-12-02T13:57:00.000000000,10,VanillaRNN,voc,77.0,60.1715,16.8285
2026-12-02T13:48:00.000000000,2026-12-02T13:58:00.000000000,10,VanillaRNN,pm1,17.0,12.2302,4.7698
2026-12-02T13:48:00.000000000,2026-12-02T13:58:00.000000000,10,VanillaRNN,pm2_5,27.0,20.8952,6.1048
2026-12-02T13:48:00.000000000,2026-12-02T13:58:00.000000000,10,VanillaRNN,pm10,32.0,24.4616,7.5384
2026-12-02T13:48:00.000000000,2026-12-02T13:58:00.000000000,10,VanillaRNN,co2,2078.0,1952.3026,125.6974
2026-12-02T13:48:00.000000000,2026-12-02T13:58:00.000000000,10,VanillaRNN,voc,74.0,57.149,16.851
2026-12-02T13:49:00.000000000,2026-12-02T13:59:00.000000000,10,VanillaRNN,pm1,17.0,11.6305,5.3695
2026-12-02T13:49:00.000000000,2026-12-02T13:59:00.000000000,10,VanillaRNN,pm2_5,27.0,20.5354,6.4646
2026-12-02T13:49:00.000000000,2026-12-02T13:59:00.000000000,10,VanillaRNN,pm10,35.0,22.7924,12.2076
2026-12-02T13:49:00.000000000,2026-12-02T13:59:00.000000000,10,VanillaRNN,co2,1963.0001,2008.6294,-45.6293
2026-12-02T13:49:00.000000000,2026-12-02T13:59:00.000000000,10,VanillaRNN,voc,64.0,39.3804,24.6196
2026-12-02T13:50:00.000000000,2026-12-02T14:00:00.000000000,10,VanillaRNN,pm1,17.0,12.3428,4.6572
2026-12-02T13:50:00.000000000,2026-12-02T14:00:00.000000000,10,VanillaRNN,pm2_5,29.0,20.8678,8.1322
2026-12-02T13:50:00.000000000,2026-12-02T14:00:00.000000000,10,VanillaRNN,pm10,35.0,23.9106,11.0894
2026-12-02T13:50:00.000000000,2026-12-02T14:00:00.000000000,10,VanillaRNN,co2,1903.0,1989.7061,-86.7061
2026-12-02T13:50:00.000000000,2026-12-02T14:00:00.000000000,10,VanillaRNN,voc,63.0,51.5269,11.4731
2026-12-02T13:51:00.000000000,2026-12-02T14:01:00.000000000,10,VanillaRNN,pm1,18.0,11.8089,6.1911
2026-12-02T13:51:00.000000000,2026-12-02T14:01:00.000000000,10,VanillaRNN,pm2_5,28.0,20.8618,7.1382
2026-12-02T13:51:00.000000000,2026-12-02T14:01:00.000000000,10,VanillaRNN,pm10,36.0,23.2646,12.7354
2026-12-02T13:51:00.000000000,2026-12-02T14:01:00.000000000,10,VanillaRNN,co2,1892.0,2031.7388,-139.7388
2026-12-02T13:51:00.000000000,2026-12-02T14:01:00.000000000,10,VanillaRNN,voc,58.0,29.0479,28.9521
2026-12-02T13:52:00.000000000,2026-12-02T14:02:00.000000000,10,VanillaRNN,pm1,18.0,12.4915,5.5085
2026-12-02T13:52:00.000000000,2026-12-02T14:02:00.000000000,10,VanillaRNN,pm2_5,28.0,21.6804,6.3196
2026-12-02T13:52:00.000000000,2026-12-02T14:02:00.000000000,10,VanillaRNN,pm10,35.0,25.7731,9.2269
2026-12-02T13:52:00.000000000,2026-12-02T14:02:00.000000000,10,VanillaRNN,co2,1786.0,1808.7257,-22.7257
2026-12-02T13:52:00.000000000,2026-12-02T14:02:00.000000000,10,VanillaRNN,voc,56.0,51.1296,4.8704
2026-12-02T13:53:00.000000000,2026-12-02T14:03:00.000000000,10,VanillaRNN,pm1,18.0,11.923,6.077
2026-12-02T13:53:00.000000000,2026-12-02T14:03:00.000000000,10,VanillaRNN,pm2_5,29.0,21.2817,7.7183
2026-12-02T13:53:00.000000000,2026-12-02T14:03:00.000000000,10,VanillaRNN,pm10,37.0,24.2181,12.7819
2026-12-02T13:53:00.000000000,2026-12-02T14:03:00.000000000,10,VanillaRNN,co2,1773.0,1957.1293,-184.1293
2026-12-02T13:53:00.000000000,2026-12-02T14:03:00.000000000,10,VanillaRNN,voc,53.0,55.8619,-2.8619
2026-12-02T13:54:00.000000000,2026-12-02T14:04:00.000000000,10,VanillaRNN,pm1,18.0,12.3357,5.6643
2026-12-02T13:54:00.000000000,2026-12-02T14:04:00.000000000,10,VanillaRNN,pm2_5,30.0,21.7614,8.2386
2026-12-02T13:54:00.000000000,2026-12-02T14:04:00.000000000,10,VanillaRNN,pm10,37.0,25.8257,11.1743
2026-12-02T13:54:00.000000000,2026-12-02T14:04:00.000000000,10,VanillaRNN,co2,1668.0,1850.5328,-182.5328
2026-12-02T13:54:00.000000000,2026-12-02T14:04:00.000000000,10,VanillaRNN,voc,50.0,19.4826,30.5174
2026-12-02T13:55:00.000000000,2026-12-02T14:05:00.000000000,10,VanillaRNN,pm1,18.0,12.4368,5.5632
2026-12-02T13:55:00.000000000,2026-12-02T14:05:00.000000000,10,VanillaRNN,pm2_5,29.0,21.5598,7.4402
2026-12-02T13:55:00.000000000,2026-12-02T14:05:00.000000000,10,VanillaRNN,pm10,37.0,23.722,13.278
2026-12-02T13:55:00.000000000,2026-12-02T14:05:00.000000000,10,VanillaRNN,co2,1692.0,1829.0088,-137.0088
2026-12-02T13:55:00.000000000,2026-12-02T14:05:00.000000000,10,VanillaRNN,voc,48.0,63.2411,-15.2411
2026-12-02T13:56:00.000000000,2026-12-02T14:06:00.000000000,10,VanillaRNN,pm1,19.0,12.223,6.777
2026-12-02T13:56:00.000000000,2026-12-02T14:06:00.000000000,10,VanillaRNN,pm2_5,30.0,21.8659,8.134
2026-12-02T13:56:00.000000000,2026-12-02T14:06:00.000000000,10,VanillaRNN,pm10,38.0,24.4021,13.5979
2026-12-02T13:56:00.000000000,2026-12-02T14:06:00.000000000,10,VanillaRNN,co2,1565.0,1962.653,-397.653
2026-12-02T13:56:00.000000000,2026-12-02T14:06:00.000000000,10,VanillaRNN,voc,47.0,20.2777,26.7223
2026-12-02T13:57:00.000000000,2026-12-02T14:07:00.000000000,10,VanillaRNN,pm1,19.0,13.0443,5.9557
2026-12-02T13:57:00.000000000,2026-12-02T14:07:00.000000000,10,VanillaRNN,pm2_5,30.0,22.2854,7.7146
2026-12-02T13:57:00.000000000,2026-12-02T14:07:00.000000000,10,VanillaRNN,pm10,38.0,25.7463,12.2537
2026-12-02T13:57:00.000000000,2026-12-02T14:07:00.000000000,10,VanillaRNN,co2,1606.0,1812.6455,-206.6455
2026-12-02T13:57:00.000000000,2026-12-02T14:07:00.000000000,10,VanillaRNN,voc,47.0,67.9445,-20.9445
2026-12-02T13:58:00.000000000,2026-12-02T14:08:00.000000000,10,VanillaRNN,pm1,20.0,12.5727,7.4273
2026-12-02T13:58:00.000000000,2026-12-02T14:08:00.000000000,10,VanillaRNN,pm2_5,32.0,23.0413,8.9587
2026-12-02T13:58:00.000000000,2026-12-02T14:08:00.000000000,10,VanillaRNN,pm10,40.0,27.295,12.705
2026-12-02T13:58:00.000000000,2026-12-02T14:08:00.000000000,10,VanillaRNN,co2,1624.0,1901.0796,-277.0796
2026-12-02T13:58:00.000000000,2026-12-02T14:08:00.000000000,10,VanillaRNN,voc,47.0,13.5171,33.4829
2026-12-02T13:59:00.000000000,2026-12-02T14:09:00.000000000,10,VanillaRNN,pm1,20.0,12.5902,7.4098
2026-12-02T13:59:00.000000000,2026-12-02T14:09:00.000000000,10,VanillaRNN,pm2_5,32.0,21.9881,10.0119
2026-12-02T13:59:00.000000000,2026-12-02T14:09:00.000000000,10,VanillaRNN,pm10,40.0,23.9744,16.0256
2026-12-02T13:59:00.000000000,2026-12-02T14:09:00.000000000,10,VanillaRNN,co2,1629.0,1820.5314,-191.5314
2026-12-02T13:59:00.000000000,2026-12-02T14:09:00.000000000,10,VanillaRNN,voc,45.0,50.7945,-5.7945
2026-12-02T14:00:00.000000000,2026-12-02T14:10:00.000000000,10,VanillaRNN,pm1,20.0,13.0483,6.9517
2026-12-02T14:00:00.000000000,2026-12-02T14:10:00.000000000,10,VanillaRNN,pm2_5,32.0,23.6399,8.3601
2026-12-02T14:00:00.000000000,2026-12-02T14:10:00.000000000,10,VanillaRNN,pm10,41.0,28.1241,12.8759
2026-12-02T14:00:00.000000000,2026-12-02T14:10:00.000000000,10,VanillaRNN,co2,1688.0,1769.8198,-81.8198
2026-12-02T14:00:00.000000000,2026-12-02T14:10:00.000000000,10,VanillaRNN,voc,46.0,32.705,13.295
2026-12-02T14:01:00.000000000,2026-12-02T14:11:00.000000000,10,VanillaRNN,pm1,20.0,13.3637,6.6363
2026-12-02T14:01:00.000000000,2026-12-02T14:11:00.000000000,10,VanillaRNN,pm2_5,32.0,23.5415,8.4585
2026-12-02T14:01:00.000000000,2026-12-02T14:11:00.000000000,10,VanillaRNN,pm10,41.0,27.331,13.669
2026-12-02T14:01:00.000000000,2026-12-02T14:11:00.000000000,10,VanillaRNN,co2,1717.0,1634.3721,82.6279
2026-12-02T14:01:00.000000000,2026-12-02T14:11:00.000000000,10,VanillaRNN,voc,51.0,33.1209,17.8791
2026-12-02T14:02:00.000000000,2026-12-02T14:12:00.000000000,10,VanillaRNN,pm1,20.0,12.4487,7.5513
2026-12-02T14:02:00.000000000,2026-12-02T14:12:00.000000000,10,VanillaRNN,pm2_5,31.0,23.2871,7.7129
2026-12-02T14:02:00.000000000,2026-12-02T14:12:00.000000000,10,VanillaRNN,pm10,39.0,24.8232,14.1768
2026-12-02T14:02:00.000000000,2026-12-02T14:12:00.000000000,10,VanillaRNN,co2,1775.0,1715.3262,59.6738
2026-12-02T14:02:00.000000000,2026-12-02T14:12:00.000000000,10,VanillaRNN,voc,54.0,10.2261,43.7739
2026-12-02T14:03:00.000000000,2026-12-02T14:13:00.000000000,10,VanillaRNN,pm1,20.0,13.6932,6.3068
2026-12-02T14:03:00.000000000,2026-12-02T14:13:00.000000000,10,VanillaRNN,pm2_5,30.0,24.2515,5.7485
2026-12-02T14:03:00.000000000,2026-12-02T14:13:00.000000000,10,VanillaRNN,pm10,38.0,27.7322,10.2678
2026-12-02T14:03:00.000000000,2026-12-02T14:13:00.000000000,10,VanillaRNN,co2,1752.0,1570.6211,181.3789
2026-12-02T14:03:00.000000000,2026-12-02T14:13:00.000000000,10,VanillaRNN,voc,55.0,72.9074,-17.9074
2026-12-02T14:04:00.000000000,2026-12-02T14:14:00.000000000,10,VanillaRNN,pm1,18.0,14.2185,3.7815
2026-12-02T14:04:00.000000000,2026-12-02T14:14:00.000000000,10,VanillaRNN,pm2_5,29.0,25.58,3.42
2026-12-02T14:04:00.000000000,2026-12-02T14:14:00.000000000,10,VanillaRNN,pm10,36.0,30.2771,5.7229
2026-12-02T14:04:00.000000000,2026-12-02T14:14:00.000000000,10,VanillaRNN,co2,1730.0,1653.5342,76.4658
2026-12-02T14:04:00.000000000,2026-12-02T14:14:00.000000000,10,VanillaRNN,voc,55.0,13.5948,41.4052
2026-12-02T14:05:00.000000000,2026-12-02T14:15:00.000000000,10,VanillaRNN,pm1,20.0,14.128,5.872
2026-12-02T14:05:00.000000000,2026-12-02T14:15:00.000000000,10,VanillaRNN,pm2_5,32.0,25.7873,6.2127
2026-12-02T14:05:00.000000000,2026-12-02T14:15:00.000000000,10,VanillaRNN,pm10,40.0,29.5125,10.4875
2026-12-02T14:05:00.000000000,2026-12-02T14:15:00.000000000,10,VanillaRNN,co2,1735.0,1550.4163,184.5837
2026-12-02T14:05:00.000000000,2026-12-02T14:15:00.000000000,10,VanillaRNN,voc,50.0,27.1278,22.8722
2026-12-02T14:06:00.000000000,2026-12-02T14:16:00.000000000,10,VanillaRNN,pm1,22.0,14.0964,7.9036
2026-12-02T14:06:00.000000000,2026-12-02T14:16:00.000000000,10,VanillaRNN,pm2_5,35.0,25.9662,9.0338
2026-12-02T14:06:00.000000000,2026-12-02T14:16:00.000000000,10,VanillaRNN,pm10,45.0,28.151,16.849
2026-12-02T14:06:00.000000000,2026-12-02T14:16:00.000000000,10,VanillaRNN,co2,1719.0,1585.2531,133.7469
2026-12-02T14:06:00.000000000,2026-12-02T14:16:00.000000000,10,VanillaRNN,voc,46.0,33.6731,12.3269
2026-12-02T14:07:00.000000000,2026-12-02T14:17:00.000000000,10,VanillaRNN,pm1,23.0,14.8827,8.1173
2026-12-02T14:07:00.000000000,2026-12-02T14:17:00.000000000,10,VanillaRNN,pm2_5,36.0,26.8075,9.1925
2026-12-02T14:07:00.000000000,2026-12-02T14:17:00.000000000,10,VanillaRNN,pm10,47.0,31.627,15.373
2026-12-02T14:07:00.000000000,2026-12-02T14:17:00.000000000,10,VanillaRNN,co2,1734.0,1553.1271,180.8729
2026-12-02T14:07:00.000000000,2026-12-02T14:17:00.000000000,10,VanillaRNN,voc,41.0,59.1022,-18.1022
2026-12-02T14:08:00.000000000,2026-12-02T14:18:00.000000000,10,VanillaRNN,pm1,23.0,14.9998,8.0002
2026-12-02T14:08:00.000000000,2026-12-02T14:18:00.000000000,10,VanillaRNN,pm2_5,36.0,27.2235,8.7765
2026-12-02T14:08:00.000000000,2026-12-02T14:18:00.000000000,10,VanillaRNN,pm10,47.0,30.5323,16.4677
2026-12-02T14:08:00.000000000,2026-12-02T14:18:00.000000000,10,VanillaRNN,co2,1756.0,1563.3877,192.6123
2026-12-02T14:08:00.000000000,2026-12-02T14:18:00.000000000,10,VanillaRNN,voc,38.0,41.8221,-3.8221
2026-12-02T14:09:00.000000000,2026-12-02T14:19:00.000000000,10,VanillaRNN,pm1,22.0,15.5329,6.4671
2026-12-02T14:09:00.000000000,2026-12-02T14:19:00.000000000,10,VanillaRNN,pm2_5,36.0,28.0593,7.9407
2026-12-02T14:09:00.000000000,2026-12-02T14:19:00.000000000,10,VanillaRNN,pm10,47.0,33.5945,13.4055
2026-12-02T14:09:00.000000000,2026-12-02T14:19:00.000000000,10,VanillaRNN,co2,1699.0,1575.9226,123.0774
2026-12-02T14:09:00.000000000,2026-12-02T14:19:00.000000000,10,VanillaRNN,voc,37.0,43.2833,-6.2833
2026-12-02T14:10:00.000000000,2026-12-02T14:20:00.000000000,10,VanillaRNN,pm1,23.0,15.3491,7.6509
2026-12-02T14:10:00.000000000,2026-12-02T14:20:00.000000000,10,VanillaRNN,pm2_5,36.0,27.9318,8.0682
2026-12-02T14:10:00.000000000,2026-12-02T14:20:00.000000000,10,VanillaRNN,pm10,46.0,31.3439,14.6561
2026-12-02T14:10:00.000000000,2026-12-02T14:20:00.000000000,10,VanillaRNN,co2,1670.0,1504.2306,165.7694
2026-12-02T14:10:00.000000000,2026-12-02T14:20:00.000000000,10,VanillaRNN,voc,36.0,23.2301,12.7699
2026-12-02T14:11:00.000000000,2026-12-02T14:21:00.000000000,10,VanillaRNN,pm1,23.0,16.3269,6.6731
2026-12-02T14:11:00.000000000,2026-12-02T14:21:00.000000000,10,VanillaRNN,pm2_5,36.0,28.7583,7.2417
2026-12-02T14:11:00.000000000,2026-12-02T14:21:00.000000000,10,VanillaRNN,pm10,46.0,33.6389,12.3611
2026-12-02T14:11:00.000000000,2026-12-02T14:21:00.000000000,10,VanillaRNN,co2,1679.0,1483.7424,195.2576
2026-12-02T14:11:00.000000000,2026-12-02T14:21:00.000000000,10,VanillaRNN,voc,36.0,61.1728,-25.1728
2026-12-02T14:12:00.000000000,2026-12-02T14:22:00.000000000,10,VanillaRNN,pm1,24.0,16.5398,7.4602
2026-12-02T14:12:00.000000000,2026-12-02T14:22:00.000000000,10,VanillaRNN,pm2_5,37.0,29.2184,7.7816
2026-12-02T14:12:00.000000000,2026-12-02T14:22:00.000000000,10,VanillaRNN,pm10,48.0,34.2446,13.7554
2026-12-02T14:12:00.000000000,2026-12-02T14:22:00.000000000,10,VanillaRNN,co2,1672.0,1550.8309,121.1691
2026-12-02T14:12:00.000000000,2026-12-02T14:22:00.000000000,10,VanillaRNN,voc,35.0,63.9855,-28.9855
2026-12-02T14:13:00.000000000,2026-12-02T14:23:00.000000000,10,VanillaRNN,pm1,24.0,16.7541,7.2459
2026-12-02T14:13:00.000000000,2026-12-02T14:23:00.000000000,10,VanillaRNN,pm2_5,38.0,29.4126,8.5874
2026-12-02T14:13:00.000000000,2026-12-02T14:23:00.000000000,10,VanillaRNN,pm10,48.0,33.1387,14.8613
2026-12-02T14:13:00.000000000,2026-12-02T14:23:00.000000000,10,VanillaRNN,co2,1558.0,1745.9247,-187.9247
2026-12-02T14:13:00.000000000,2026-12-02T14:23:00.000000000,10,VanillaRNN,voc,35.0,96.3411,-61.3411
2026-12-02T14:14:00.000000000,2026-12-02T14:24:00.000000000,10,VanillaRNN,pm1,24.0,17.0544,6.9456
2026-12-02T14:14:00.000000000,2026-12-02T14:24:00.000000000,10,VanillaRNN,pm2_5,37.0,30.1316,6.8684
2026-12-02T14:14:00.000000000,2026-12-02T14:24:00.000000000,10,VanillaRNN,pm10,47.0,34.6795,12.3205
2026-12-02T14:14:00.000000000,2026-12-02T14:24:00.000000000,10,VanillaRNN,co2,1574.0,1866.0287,-292.0287
2026-12-02T14:14:00.000000000,2026-12-02T14:24:00.000000000,10,VanillaRNN,voc,33.0,117.0165,-84.0165
2026-12-02T14:15:00.000000000,2026-12-02T14:25:00.000000000,10,VanillaRNN,pm1,24.0,17.6438,6.3562
2026-12-02T14:15:00.000000000,2026-12-02T14:25:00.000000000,10,VanillaRNN,pm2_5,37.0,30.7147,6.2853
2026-12-02T14:15:00.000000000,2026-12-02T14:25:00.000000000,10,VanillaRNN,pm10,48.0,35.5938,12.4062
2026-12-02T14:15:00.000000000,2026-12-02T14:25:00.000000000,10,VanillaRNN,co2,1618.0,1788.4203,-170.4203
2026-12-02T14:15:00.000000000,2026-12-02T14:25:00.000000000,10,VanillaRNN,voc,33.0,120.0647,-87.0647
2026-12-02T14:16:00.000000000,2026-12-02T14:26:00.000000000,10,VanillaRNN,pm1,23.0,17.1556,5.8444
2026-12-02T14:16:00.000000000,2026-12-02T14:26:00.000000000,10,VanillaRNN,pm2_5,37.0,31.5305,5.4695
2026-12-02T14:16:00.000000000,2026-12-02T14:26:00.000000000,10,VanillaRNN,pm10,47.0,38.4297,8.5703
2026-12-02T14:16:00.000000000,2026-12-02T14:26:00.000000000,10,VanillaRNN,co2,1814.0,1835.7491,-21.7491
2026-12-02T14:16:00.000000000,2026-12-02T14:26:00.000000000,10,VanillaRNN,voc,40.0,50.2616,-10.2616
2026-12-02T14:17:00.000000000,2026-12-02T14:27:00.000000000,10,VanillaRNN,pm1,22.0,16.6272,5.3728
2026-12-02T14:17:00.000000000,2026-12-02T14:27:00.000000000,10,VanillaRNN,pm2_5,35.0,29.5789,5.4211
2026-12-02T14:17:00.000000000,2026-12-02T14:27:00.000000000,10,VanillaRNN,pm10,45.0,36.3877,8.6123
2026-12-02T14:17:00.000000000,2026-12-02T14:27:00.000000000,10,VanillaRNN,co2,1991.9999,1449.5775,542.4224
2026-12-02T14:17:00.000000000,2026-12-02T14:27:00.000000000,10,VanillaRNN,voc,54.0,12.8954,41.1046
2026-12-02T14:18:00.000000000,2026-12-02T14:28:00.000000000,10,VanillaRNN,pm1,21.0,16.896,4.104
2026-12-02T14:18:00.000000000,2026-12-02T14:28:00.000000000,10,VanillaRNN,pm2_5,34.0,29.4561,4.5439
2026-12-02T14:18:00.000000000,2026-12-02T14:28:00.000000000,10,VanillaRNN,pm10,43.0,35.0917,7.9083
2026-12-02T14:18:00.000000000,2026-12-02T14:28:00.000000000,10,VanillaRNN,co2,2148.0,1336.0424,811.9576
2026-12-02T14:18:00.000000000,2026-12-02T14:28:00.000000000,10,VanillaRNN,voc,60.0,53.3035,6.6965
2026-12-02T14:19:00.000000000,2026-12-02T14:29:00.000000000,10,VanillaRNN,pm1,21.0,17.9981,3.0019
2026-12-02T14:19:00.000000000,2026-12-02T14:29:00.000000000,10,VanillaRNN,pm2_5,34.0,30.313,3.687
2026-12-02T14:19:00.000000000,2026-12-02T14:29:00.000000000,10,VanillaRNN,pm10,43.0,37.726,5.274
2026-12-02T14:19:00.000000000,2026-12-02T14:29:00.000000000,10,VanillaRNN,co2,2186.0,1377.5919,808.4081
2026-12-02T14:19:00.000000000,2026-12-02T14:29:00.000000000,10,VanillaRNN,voc,67.0,34.6509,32.3491
2026-12-02T14:20:00.000000000,2026-12-02T14:30:00.000000000,10,VanillaRNN,pm1,21.0,19.2876,1.7124
2026-12-02T14:20:00.000000000,2026-12-02T14:30:00.000000000,10,VanillaRNN,pm2_5,35.0,32.3087,2.6913
2026-12-02T14:20:00.000000000,2026-12-02T14:30:00.000000000,10,VanillaRNN,pm10,43.0,40.761,2.239
2026-12-02T14:20:00.000000000,2026-12-02T14:30:00.000000000,10,VanillaRNN,co2,2289.0,1395.64,893.36
2026-12-02T14:20:00.000000000,2026-12-02T14:30:00.000000000,10,VanillaRNN,voc,78.0,39.21,38.79
2026-12-02T14:21:00.000000000,2026-12-02T14:31:00.000000000,10,VanillaRNN,pm1,21.0,19.3299,1.6701
2026-12-02T14:21:00.000000000,2026-12-02T14:31:00.000000000,10,VanillaRNN,pm2_5,34.0,33.2371,0.7629
2026-12-02T14:21:00.000000000,2026-12-02T14:31:00.000000000,10,VanillaRNN,pm10,44.0,40.3942,3.6058
2026-12-02T14:21:00.000000000,2026-12-02T14:31:00.000000000,10,VanillaRNN,co2,2390.0,1669.7872,720.2128
2026-12-02T14:21:00.000000000,2026-12-02T14:31:00.000000000,10,VanillaRNN,voc,79.0,61.3285,17.6715
2026-12-02T14:22:00.000000000,2026-12-02T14:32:00.000000000,10,VanillaRNN,pm1,20.0,20.4167,-0.4167
2026-12-02T14:22:00.000000000,2026-12-02T14:32:00.000000000,10,VanillaRNN,pm2_5,33.0,34.3531,-1.3531
2026-12-02T14:22:00.000000000,2026-12-02T14:32:00.000000000,10,VanillaRNN,pm10,42.0,42.4634,-0.4634
2026-12-02T14:22:00.000000000,2026-12-02T14:32:00.000000000,10,VanillaRNN,co2,2454.0,1695.6082,758.3918
2026-12-02T14:22:00.000000000,2026-12-02T14:32:00.000000000,10,VanillaRNN,voc,85.0,86.3584,-1.3584
2026-12-02T14:23:00.000000000,2026-12-02T14:33:00.000000000,10,VanillaRNN,pm1,21.0,20.5889,0.4111
2026-12-02T14:23:00.000000000,2026-12-02T14:33:00.000000000,10,VanillaRNN,pm2_5,33.0,35.1973,-2.1973
2026-12-02T14:23:00.000000000,2026-12-02T14:33:00.000000000,10,VanillaRNN,pm10,43.0,44.0719,-1.0719
2026-12-02T14:23:00.000000000,2026-12-02T14:33:00.000000000,10,VanillaRNN,co2,2506.0,1639.283,866.717
2026-12-02T14:23:00.000000000,2026-12-02T14:33:00.000000000,10,VanillaRNN,voc,88.0,99.0333,-11.0333
2026-12-02T14:24:00.000000000,2026-12-02T14:34:00.000000000,10,VanillaRNN,pm1,21.0,20.9081,0.0919
2026-12-02T14:24:00.000000000,2026-12-02T14:34:00.000000000,10,VanillaRNN,pm2_5,33.0,34.873,-1.873
2026-12-02T14:24:00.000000000,2026-12-02T14:34:00.000000000,10,VanillaRNN,pm10,43.0,43.9135,-0.9135
2026-12-02T14:24:00.000000000,2026-12-02T14:34:00.000000000,10,VanillaRNN,co2,2478.0,1612.5417,865.4583
2026-12-02T14:24:00.000000000,2026-12-02T14:34:00.000000000,10,VanillaRNN,voc,88.0,81.4453,6.5547
2026-12-02T14:25:00.000000000,2026-12-02T14:35:00.000000000,10,VanillaRNN,pm1,21.0,20.8229,0.1771
2026-12-02T14:25:00.000000000,2026-12-02T14:35:00.000000000,10,VanillaRNN,pm2_5,33.0,34.5446,-1.5446
2026-12-02T14:25:00.000000000,2026-12-02T14:35:00.000000000,10,VanillaRNN,pm10,43.0,41.4487,1.5513
2026-12-02T14:25:00.000000000,2026-12-02T14:35:00.000000000,10,VanillaRNN,co2,2605.0,1686.999,918.001
2026-12-02T14:25:00.000000000,2026-12-02T14:35:00.000000000,10,VanillaRNN,voc,89.0,75.1668,13.8332
2026-12-02T14:26:00.000000000,2026-12-02T14:36:00.000000000,10,VanillaRNN,pm1,21.0,21.527,-0.527
2026-12-02T14:26:00.000000000,2026-12-02T14:36:00.000000000,10,VanillaRNN,pm2_5,33.0,35.8289,-2.8289
2026-12-02T14:26:00.000000000,2026-12-02T14:36:00.000000000,10,VanillaRNN,pm10,43.0,45.1341,-2.1341
2026-12-02T14:26:00.000000000,2026-12-02T14:36:00.000000000,10,VanillaRNN,co2,2562.0,1558.8271,1003.1729
2026-12-02T14:26:00.000000000,2026-12-02T14:36:00.000000000,10,VanillaRNN,voc,87.0,96.5283,-9.5283
2026-12-02T14:27:00.000000000,2026-12-02T14:37:00.000000000,10,VanillaRNN,pm1,21.0,21.725,-0.725
2026-12-02T14:27:00.000000000,2026-12-02T14:37:00.000000000,10,VanillaRNN,pm2_5,34.0,35.8787,-1.8787
2026-12-02T14:27:00.000000000,2026-12-02T14:37:00.000000000,10,VanillaRNN,pm10,43.0,43.9959,-0.9959
2026-12-02T14:27:00.000000000,2026-12-02T14:37:00.000000000,10,VanillaRNN,co2,2476.0,1560.8588,915.1412
2026-12-02T14:27:00.000000000,2026-12-02T14:37:00.000000000,10,VanillaRNN,voc,90.0,103.3265,-13.3265
2026-12-02T14:28:00.000000000,2026-12-02T14:38:00.000000000,10,VanillaRNN,pm1,21.0,21.3816,-0.3816
2026-12-02T14:28:00.000000000,2026-12-02T14:38:00.000000000,10,VanillaRNN,pm2_5,33.0,35.7513,-2.7513
2026-12-02T14:28:00.000000000,2026-12-02T14:38:00.000000000,10,VanillaRNN,pm10,42.0,42.009,-0.009
2026-12-02T14:28:00.000000000,2026-12-02T14:38:00.000000000,10,VanillaRNN,co2,2493.0,1705.5253,787.4747
2026-12-02T14:28:00.000000000,2026-12-02T14:38:00.000000000,10,VanillaRNN,voc,87.0,125.395,-38.395
2026-12-02T14:29:00.000000000,2026-12-02T14:39:00.000000000,10,VanillaRNN,pm1,21.0,21.801,-0.801
2026-12-02T14:29:00.000000000,2026-12-02T14:39:00.000000000,10,VanillaRNN,pm2_5,33.0,36.1091,-3.1091
2026-12-02T14:29:00.000000000,2026-12-02T14:39:00.000000000,10,VanillaRNN,pm10,42.0,44.1541,-2.1541
2026-12-02T14:29:00.000000000,2026-12-02T14:39:00.000000000,10,VanillaRNN,co2,2428.0,1846.941,581.059
2026-12-02T14:29:00.000000000,2026-12-02T14:39:00.000000000,10,VanillaRNN,voc,89.0,165.1458,-76.1458
2026-12-02T14:30:00.000000000,2026-12-02T14:40:00.000000000,10,VanillaRNN,pm1,21.0,21.3287,-0.3287
2026-12-02T14:30:00.000000000,2026-12-02T14:40:00.000000000,10,VanillaRNN,pm2_5,34.0,35.7229,-1.7229
2026-12-02T14:30:00.000000000,2026-12-02T14:40:00.000000000,10,VanillaRNN,pm10,44.0,44.2868,-0.2868
2026-12-02T14:30:00.000000000,2026-12-02T14:40:00.000000000,10,VanillaRNN,co2,2392.0,2008.9299,383.0701
2026-12-02T14:30:00.000000000,2026-12-02T14:40:00.000000000,10,VanillaRNN,voc,86.0,140.5971,-54.5971
2026-12-02T14:31:00.000000000,2026-12-02T14:41:00.000000000,10,VanillaRNN,pm1,21.0,20.9583,0.0417
2026-12-02T14:31:00.000000000,2026-12-02T14:41:00.000000000,10,VanillaRNN,pm2_5,34.0,34.8251,-0.8251
2026-12-02T14:31:00.000000000,2026-12-02T14:41:00.000000000,10,VanillaRNN,pm10,41.0,43.2673,-2.2673
2026-12-02T14:31:00.000000000,2026-12-02T14:41:00.000000000,10,VanillaRNN,co2,2454.0,2096.1963,357.8037
2026-12-02T14:31:00.000000000,2026-12-02T14:41:00.000000000,10,VanillaRNN,voc,87.0,135.8539,-48.8539
2026-12-02T14:32:00.000000000,2026-12-02T14:42:00.000000000,10,VanillaRNN,pm1,21.0,19.8629,1.1371
2026-12-02T14:32:00.000000000,2026-12-02T14:42:00.000000000,10,VanillaRNN,pm2_5,34.0,33.6533,0.3467
2026-12-02T14:32:00.000000000,2026-12-02T14:42:00.000000000,10,VanillaRNN,pm10,43.0,40.3645,2.6355
2026-12-02T14:32:00.000000000,2026-12-02T14:42:00.000000000,10,VanillaRNN,co2,2386.0,2029.6213,356.3787
2026-12-02T14:32:00.000000000,2026-12-02T14:42:00.000000000,10,VanillaRNN,voc,82.0,122.5313,-40.5313
2026-12-02T14:33:00.000000000,2026-12-02T14:43:00.000000000,10,VanillaRNN,pm1,21.0,20.0364,0.9636
2026-12-02T14:33:00.000000000,2026-12-02T14:43:00.000000000,10,VanillaRNN,pm2_5,34.0,32.585,1.415
2026-12-02T14:33:00.000000000,2026-12-02T14:43:00.000000000,10,VanillaRNN,pm10,44.0,39.6685,4.3315
2026-12-02T14:33:00.000000000,2026-12-02T14:43:00.000000000,10,VanillaRNN,co2,2332.0,1987.6765,344.3235
2026-12-02T14:33:00.000000000,2026-12-02T14:43:00.000000000,10,VanillaRNN,voc,75.0,160.8562,-85.8562
2026-12-02T14:34:00.000000000,2026-12-02T14:44:00.000000000,10,VanillaRNN,pm1,21.0,19.3442,1.6558
2026-12-02T14:34:00.000000000,2026-12-02T14:44:00.000000000,10,VanillaRNN,pm2_5,34.0,31.9555,2.0445
2026-12-02T14:34:00.000000000,2026-12-02T14:44:00.000000000,10,VanillaRNN,pm10,43.0,39.9906,3.0094
2026-12-02T14:34:00.000000000,2026-12-02T14:44:00.000000000,10,VanillaRNN,co2,2271.0,2194.4482,76.5518
2026-12-02T14:34:00.000000000,2026-12-02T14:44:00.000000000,10,VanillaRNN,voc,71.0,115.3811,-44.3811
2026-12-02T14:35:00.000000000,2026-12-02T14:45:00.000000000,10,VanillaRNN,pm1,22.0,18.9299,3.0701
2026-12-02T14:35:00.000000000,2026-12-02T14:45:00.000000000,10,VanillaRNN,pm2_5,35.0,31.0911,3.9089
2026-12-02T14:35:00.000000000,2026-12-02T14:45:00.000000000,10,VanillaRNN,pm10,43.0,38.7603,4.2397
2026-12-02T14:35:00.000000000,2026-12-02T14:45:00.000000000,10,VanillaRNN,co2,2158.0,2092.8665,65.1335
2026-12-02T14:35:00.000000000,2026-12-02T14:45:00.000000000,10,VanillaRNN,voc,69.0,124.6049,-55.6049
2026-12-02T14:36:00.000000000,2026-12-02T14:46:00.000000000,10,VanillaRNN,pm1,22.0,18.7583,3.2417
2026-12-02T14:36:00.000000000,2026-12-02T14:46:00.000000000,10,VanillaRNN,pm2_5,35.0,30.464,4.536
2026-12-02T14:36:00.000000000,2026-12-02T14:46:00.000000000,10,VanillaRNN,pm10,45.0,37.9533,7.0467
2026-12-02T14:36:00.000000000,2026-12-02T14:46:00.000000000,10,VanillaRNN,co2,2087.0,2177.7622,-90.7622
2026-12-02T14:36:00.000000000,2026-12-02T14:46:00.000000000,10,VanillaRNN,voc,68.0,110.448,-42.448
2026-12-02T14:37:00.000000000,2026-12-02T14:48:00.000000000,10,VanillaRNN,pm1,22.0,18.4016,3.5984
2026-12-02T14:37:00.000000000,2026-12-02T14:48:00.000000000,10,VanillaRNN,pm2_5,36.0,29.6977,6.3023
2026-12-02T14:37:00.000000000,2026-12-02T14:48:00.000000000,10,VanillaRNN,pm10,47.0,37.9162,9.0838
2026-12-02T14:37:00.000000000,2026-12-02T14:48:00.000000000,10,VanillaRNN,co2,2068.0,2142.2346,-74.2346
2026-12-02T14:37:00.000000000,2026-12-02T14:48:00.000000000,10,VanillaRNN,voc,59.0,90.4201,-31.4201
2026-12-02T14:38:00.000000000,2026-12-02T14:49:00.000000000,10,VanillaRNN,pm1,22.0,18.4775,3.5225
2026-12-02T14:38:00.000000000,2026-12-02T14:49:00.000000000,10,VanillaRNN,pm2_5,36.0,29.2853,6.7147
2026-12-02T14:38:00.000000000,2026-12-02T14:49:00.000000000,10,VanillaRNN,pm10,47.0,37.7338,9.2662
2026-12-02T14:38:00.000000000,2026-12-02T14:49:00.000000000,10,VanillaRNN,co2,2068.0,2143.1448,-75.1448
2026-12-02T14:38:00.000000000,2026-12-02T14:49:00.000000000,10,VanillaRNN,voc,59.0,77.4148,-18.4148
2026-12-02T14:39:00.000000000,2026-12-02T14:50:00.000000000,10,VanillaRNN,pm1,23.0,17.5046,5.4954
2026-12-02T14:39:00.000000000,2026-12-02T14:50:00.000000000,10,VanillaRNN,pm2_5,35.0,28.551,6.449
2026-12-02T14:39:00.000000000,2026-12-02T14:50:00.000000000,10,VanillaRNN,pm10,45.0,34.3732,10.6268
2026-12-02T14:39:00.000000000,2026-12-02T14:50:00.000000000,10,VanillaRNN,co2,2110.0,2179.6599,-69.6599
2026-12-02T14:39:00.000000000,2026-12-02T14:50:00.000000000,10,VanillaRNN,voc,66.0,63.4546,2.5454
2026-12-02T14:40:00.000000000,2026-12-02T14:51:00.000000000,10,VanillaRNN,pm1,22.0,18.0146,3.9854
2026-12-02T14:40:00.000000000,2026-12-02T14:51:00.000000000,10,VanillaRNN,pm2_5,35.0,29.0192,5.9808
2026-12-02T14:40:00.000000000,2026-12-02T14:51:00.000000000,10,VanillaRNN,pm10,44.0,36.6247,7.3753
2026-12-02T14:40:00.000000000,2026-12-02T14:51:00.000000000,10,VanillaRNN,co2,2046.0,2079.3792,-33.3792
2026-12-02T14:40:00.000000000,2026-12-02T14:51:00.000000000,10,VanillaRNN,voc,67.0,96.593,-29.593
2026-12-02T14:41:00.000000000,2026-12-02T14:52:00.000000000,10,VanillaRNN,pm1,21.0,18.0162,2.9838
2026-12-02T14:41:00.000000000,2026-12-02T14:52:00.000000000,10,VanillaRNN,pm2_5,34.0,29.3528,4.6472
2026-12-02T14:41:00.000000000,2026-12-02T14:52:00.000000000,10,VanillaRNN,pm10,43.0,38.2627,4.7373
2026-12-02T14:41:00.000000000,2026-12-02T14:52:00.000000000,10,VanillaRNN,co2,1998.0,1969.0708,28.9292
2026-12-02T14:41:00.000000000,2026-12-02T14:52:00.000000000,10,VanillaRNN,voc,67.0,64.4745,2.5255
2026-12-02T14:42:00.000000000,2026-12-02T14:53:00.000000000,10,VanillaRNN,pm1,21.0,17.4696,3.5304
2026-12-02T14:42:00.000000000,2026-12-02T14:53:00.000000000,10,VanillaRNN,pm2_5,34.0,27.8039,6.1961
2026-12-02T14:42:00.000000000,2026-12-02T14:53:00.000000000,10,VanillaRNN,pm10,43.0,33.6885,9.3115
2026-12-02T14:42:00.000000000,2026-12-02T14:53:00.000000000,10,VanillaRNN,co2,1961.0001,2072.6099,-111.6097
2026-12-02T14:42:00.000000000,2026-12-02T14:53:00.000000000,10,VanillaRNN,voc,66.0,59.9021,6.0979
2026-12-02T14:43:00.000000000,2026-12-02T14:54:00.000000000,10,VanillaRNN,pm1,22.0,17.9515,4.0485
2026-12-02T14:43:00.000000000,2026-12-02T14:54:00.000000000,10,VanillaRNN,pm2_5,35.0,29.2102,5.7898
2026-12-02T14:43:00.000000000,2026-12-02T14:54:00.000000000,10,VanillaRNN,pm10,44.0,37.2909,6.7091
2026-12-02T14:43:00.000000000,2026-12-02T14:54:00.000000000,10,VanillaRNN,co2,1946.0,2041.0613,-95.0613
2026-12-02T14:43:00.000000000,2026-12-02T14:54:00.000000000,10,VanillaRNN,voc,68.0,48.3678,19.6322
2026-12-02T14:44:00.000000000,2026-12-02T14:55:00.000000000,10,VanillaRNN,pm1,21.0,17.8154,3.1846
2026-12-02T14:44:00.000000000,2026-12-02T14:55:00.000000000,10,VanillaRNN,pm2_5,34.0,29.3741,4.6259
2026-12-02T14:44:00.000000000,2026-12-02T14:55:00.000000000,10,VanillaRNN,pm10,44.0,36.9877,7.0123
2026-12-02T14:44:00.000000000,2026-12-02T14:55:00.000000000,10,VanillaRNN,co2,1899.0,1760.4249,138.5751
2026-12-02T14:44:00.000000000,2026-12-02T14:55:00.000000000,10,VanillaRNN,voc,63.0,74.5137,-11.5137
2026-12-02T14:45:00.000000000,2026-12-02T14:56:00.000000000,10,VanillaRNN,pm1,21.0,18.1975,2.8025
2026-12-02T14:45:00.000000000,2026-12-02T14:56:00.000000000,10,VanillaRNN,pm2_5,35.0,29.4783,5.5217
2026-12-02T14:45:00.000000000,2026-12-02T14:56:00.000000000,10,VanillaRNN,pm10,45.0,37.372,7.628
2026-12-02T14:45:00.000000000,2026-12-02T14:56:00.000000000,10,VanillaRNN,co2,1876.0,1954.7974,-78.7974
2026-12-02T14:45:00.000000000,2026-12-02T14:56:00.000000000,10,VanillaRNN,voc,61.0,69.5942,-8.5942
2026-12-02T14:46:00.000000000,2026-12-02T14:57:00.000000000,10,VanillaRNN,pm1,22.0,18.3862,3.6138
2026-12-02T14:46:00.000000000,2026-12-02T14:57:00.000000000,10,VanillaRNN,pm2_5,35.0,30.0558,4.9442
2026-12-02T14:46:00.000000000,2026-12-02T14:57:00.000000000,10,VanillaRNN,pm10,43.0,37.9381,5.0619
2026-12-02T14:46:00.000000000,2026-12-02T14:57:00.000000000,10,VanillaRNN,co2,1905.0,2081.4661,-176.4661
2026-12-02T14:46:00.000000000,2026-12-02T14:57:00.000000000,10,VanillaRNN,voc,62.0,60.6967,1.3033
2026-12-02T14:48:00.000000000,2026-12-02T14:58:00.000000000,10,VanillaRNN,pm1,22.0,18.3996,3.6004
2026-12-02T14:48:00.000000000,2026-12-02T14:58:00.000000000,10,VanillaRNN,pm2_5,35.0,30.6972,4.3028
2026-12-02T14:48:00.000000000,2026-12-02T14:58:00.000000000,10,VanillaRNN,pm10,44.0,38.2175,5.7825
2026-12-02T14:48:00.000000000,2026-12-02T14:58:00.000000000,10,VanillaRNN,co2,1946.0,1816.1616,129.8384
2026-12-02T14:48:00.000000000,2026-12-02T14:58:00.000000000,10,VanillaRNN,voc,61.0,54.0039,6.9961
2026-12-02T14:49:00.000000000,2026-12-02T14:59:00.000000000,10,VanillaRNN,pm1,22.0,19.0706,2.9294
2026-12-02T14:49:00.000000000,2026-12-02T14:59:00.000000000,10,VanillaRNN,pm2_5,35.0,31.2392,3.7608
2026-12-02T14:49:00.000000000,2026-12-02T14:59:00.000000000,10,VanillaRNN,pm10,44.0,40.782,3.218
2026-12-02T14:49:00.000000000,2026-12-02T14:59:00.000000000,10,VanillaRNN,co2,1840.0,1624.8069,215.1931
2026-12-02T14:49:00.000000000,2026-12-02T14:59:00.000000000,10,VanillaRNN,voc,59.0,71.5929,-12.5929
2026-12-02T14:50:00.000000000,2026-12-02T15:00:00.000000000,10,VanillaRNN,pm1,22.0,18.9656,3.0344
2026-12-02T14:50:00.000000000,2026-12-02T15:00:00.000000000,10,VanillaRNN,pm2_5,35.0,30.8604,4.1396
2026-12-02T14:50:00.000000000,2026-12-02T15:00:00.000000000,10,VanillaRNN,pm10,45.0,38.9038,6.0962
2026-12-02T14:50:00.000000000,2026-12-02T15:00:00.000000000,10,VanillaRNN,co2,1827.0,1702.793,124.207
2026-12-02T14:50:00.000000000,2026-12-02T15:00:00.000000000,10,VanillaRNN,voc,60.0,48.2514,11.7486
2026-12-02T14:51:00.000000000,2026-12-02T15:01:00.000000000,10,VanillaRNN,pm1,21.0,19.3017,1.6983
2026-12-02T14:51:00.000000000,2026-12-02T15:01:00.000000000,10,VanillaRNN,pm2_5,34.0,31.5622,2.4378
2026-12-02T14:51:00.000000000,2026-12-02T15:01:00.000000000,10,VanillaRNN,pm10,43.0,37.5893,5.4107
2026-12-02T14:51:00.000000000,2026-12-02T15:01:00.000000000,10,VanillaRNN,co2,1873.0,1867.707,5.293
2026-12-02T14:51:00.000000000,2026-12-02T15:01:00.000000000,10,VanillaRNN,voc,60.0,88.83,-28.83
2026-12-02T14:52:00.000000000,2026-12-02T15:02:00.000000000,10,VanillaRNN,pm1,21.0,20.5651,0.4349
2026-12-02T14:52:00.000000000,2026-12-02T15:02:00.000000000,10,VanillaRNN,pm2_5,35.0,33.2456,1.7544
2026-12-02T14:52:00.000000000,2026-12-02T15:02:00.000000000,10,VanillaRNN,pm10,45.0,42.6292,2.3708
2026-12-02T14:52:00.000000000,2026-12-02T15:02:00.000000000,10,VanillaRNN,co2,1911.0,1914.0839,-3.0839
2026-12-02T14:52:00.000000000,2026-12-02T15:02:00.000000000,10,VanillaRNN,voc,60.0,98.3491,-38.3491
2026-12-02T14:53:00.000000000,2026-12-02T15:03:00.000000000,10,VanillaRNN,pm1,22.0,20.1183,1.8817
2026-12-02T14:53:00.000000000,2026-12-02T15:03:00.000000000,10,VanillaRNN,pm2_5,35.0,33.8498,1.1502
2026-12-02T14:53:00.000000000,2026-12-02T15:03:00.000000000,10,VanillaRNN,pm10,46.0,41.1125,4.8875
2026-12-02T14:53:00.000000000,2026-12-02T15:03:00.000000000,10,VanillaRNN,co2,1839.0,1870.9658,-31.9658
2026-12-02T14:53:00.000000000,2026-12-02T15:03:00.000000000,10,VanillaRNN,voc,58.0,95.2095,-37.2095
2026-12-02T14:54:00.000000000,2026-12-02T15:04:00.000000000,10,VanillaRNN,pm1,21.0,20.2687,0.7313
2026-12-02T14:54:00.000000000,2026-12-02T15:04:00.000000000,10,VanillaRNN,pm2_5,34.0,33.9768,0.0232
2026-12-02T14:54:00.000000000,2026-12-02T15:04:00.000000000,10,VanillaRNN,pm10,44.0,42.5618,1.4382
2026-12-02T14:54:00.000000000,2026-12-02T15:04:00.000000000,10,VanillaRNN,co2,1928.0,1902.0547,25.9453
2026-12-02T14:54:00.000000000,2026-12-02T15:04:00.000000000,10,VanillaRNN,voc,58.0,109.424,-51.424
2026-12-02T14:55:00.000000000,2026-12-02T15:05:00.000000000,10,VanillaRNN,pm1,21.0,19.9191,1.0809
2026-12-02T14:55:00.000000000,2026-12-02T15:05:00.000000000,10,VanillaRNN,pm2_5,34.0,33.51,0.49
2026-12-02T14:55:00.000000000,2026-12-02T15:05:00.000000000,10,VanillaRNN,pm10,43.0,41.5559,1.4441
2026-12-02T14:55:00.000000000,2026-12-02T15:05:00.000000000,10,VanillaRNN,co2,1950.0,1912.5192,37.4808
2026-12-02T14:55:00.000000000,2026-12-02T15:05:00.000000000,10,VanillaRNN,voc,58.0,99.167,-41.167
2026-12-02T14:56:00.000000000,2026-12-02T15:06:00.000000000,10,VanillaRNN,pm1,22.0,19.941,2.059
2026-12-02T14:56:00.000000000,2026-12-02T15:06:00.000000000,10,VanillaRNN,pm2_5,34.0,33.6413,0.3587
2026-12-02T14:56:00.000000000,2026-12-02T15:06:00.000000000,10,VanillaRNN,pm10,42.0,40.5927,1.4073
2026-12-02T14:56:00.000000000,2026-12-02T15:06:00.000000000,10,VanillaRNN,co2,1972.0,1712.5306,259.4694
2026-12-02T14:56:00.000000000,2026-12-02T15:06:00.000000000,10,VanillaRNN,voc,61.0,114.8114,-53.8114
2026-12-02T14:57:00.000000000,2026-12-02T15:07:00.000000000,10,VanillaRNN,pm1,21.0,20.5001,0.4999
2026-12-02T14:57:00.000000000,2026-12-02T15:07:00.000000000,10,VanillaRNN,pm2_5,34.0,34.4483,-0.4483
2026-12-02T14:57:00.000000000,2026-12-02T15:07:00.000000000,10,VanillaRNN,pm10,44.0,43.7892,0.2108
2026-12-02T14:57:00.000000000,2026-12-02T15:07:00.000000000,10,VanillaRNN,co2,2011.0001,1741.1757,269.8245
2026-12-02T14:57:00.000000000,2026-12-02T15:07:00.000000000,10,VanillaRNN,voc,61.0,112.7317,-51.7317
2026-12-02T14:58:00.000000000,2026-12-02T15:08:00.000000000,10,VanillaRNN,pm1,21.0,19.4821,1.5179
2026-12-02T14:58:00.000000000,2026-12-02T15:08:00.000000000,10,VanillaRNN,pm2_5,33.0,32.8489,0.1511
2026-12-02T14:58:00.000000000,2026-12-02T15:08:00.000000000,10,VanillaRNN,pm10,43.0,39.1411,3.8589
2026-12-02T14:58:00.000000000,2026-12-02T15:08:00.000000000,10,VanillaRNN,co2,2038.9999,1908.8416,130.1583
2026-12-02T14:58:00.000000000,2026-12-02T15:08:00.000000000,10,VanillaRNN,voc,60.0,72.8003,-12.8003
2026-12-02T14:59:00.000000000,2026-12-02T15:09:00.000000000,10,VanillaRNN,pm1,21.0,20.279,0.721
2026-12-02T14:59:00.000000000,2026-12-02T15:09:00.000000000,10,VanillaRNN,pm2_5,34.0,34.0706,-0.0706
2026-12-02T14:59:00.000000000,2026-12-02T15:09:00.000000000,10,VanillaRNN,pm10,43.0,42.0273,0.9727
2026-12-02T14:59:00.000000000,2026-12-02T15:09:00.000000000,10,VanillaRNN,co2,2004.0,1820.0825,183.9175
2026-12-02T14:59:00.000000000,2026-12-02T15:09:00.000000000,10,VanillaRNN,voc,59.0,105.1332,-46.1332
2026-12-02T15:00:00.000000000,2026-12-02T15:10:00.000000000,10,VanillaRNN,pm1,22.0,20.1479,1.8521
2026-12-02T15:00:00.000000000,2026-12-02T15:10:00.000000000,10,VanillaRNN,pm2_5,34.0,34.0708,-0.0708
2026-12-02T15:00:00.000000000,2026-12-02T15:10:00.000000000,10,VanillaRNN,pm10,44.0,42.0526,1.9474
2026-12-02T15:00:00.000000000,2026-12-02T15:10:00.000000000,10,VanillaRNN,co2,2020.0,1739.2396,280.7604
2026-12-02T15:00:00.000000000,2026-12-02T15:10:00.000000000,10,VanillaRNN,voc,72.0,102.6923,-30.6923
2026-12-02T15:01:00.000000000,2026-12-02T15:11:00.000000000,10,VanillaRNN,pm1,22.0,20.4578,1.5422
2026-12-02T15:01:00.000000000,2026-12-02T15:11:00.000000000,10,VanillaRNN,pm2_5,35.0,33.9036,1.0964
2026-12-02T15:01:00.000000000,2026-12-02T15:11:00.000000000,10,VanillaRNN,pm10,46.0,42.5852,3.4148
2026-12-02T15:01:00.000000000,2026-12-02T15:11:00.000000000,10,VanillaRNN,co2,1942.9999,1759.895,183.1049
2026-12-02T15:01:00.000000000,2026-12-02T15:11:00.000000000,10,VanillaRNN,voc,78.0,88.1393,-10.1393
2026-12-02T15:02:00.000000000,2026-12-02T15:12:00.000000000,10,VanillaRNN,pm1,21.0,20.4649,0.5351
2026-12-02T15:02:00.000000000,2026-12-02T15:12:00.000000000,10,VanillaRNN,pm2_5,34.0,34.0356,-0.0356
2026-12-02T15:02:00.000000000,2026-12-02T15:12:00.000000000,10,VanillaRNN,pm10,44.0,40.71,3.29
2026-12-02T15:02:00.000000000,2026-12-02T15:12:00.000000000,10,VanillaRNN,co2,1944.9999,1740.4619,204.538
2026-12-02T15:02:00.000000000,2026-12-02T15:12:00.000000000,10,VanillaRNN,voc,70.0,117.4778,-47.4778
2026-12-02T15:03:00.000000000,2026-12-02T15:13:00.000000000,10,VanillaRNN,pm1,22.0,20.9954,1.0046
2026-12-02T15:03:00.000000000,2026-12-02T15:13:00.000000000,10,VanillaRNN,pm2_5,34.0,35.4645,-1.4645
2026-12-02T15:03:00.000000000,2026-12-02T15:13:00.000000000,10,VanillaRNN,pm10,44.0,45.182,-1.182
2026-12-02T15:03:00.000000000,2026-12-02T15:13:00.000000000,10,VanillaRNN,co2,1974.0,1765.4293,208.5707
2026-12-02T15:03:00.000000000,2026-12-02T15:13:00.000000000,10,VanillaRNN,voc,67.0,105.7902,-38.7902
2026-12-02T15:04:00.000000000,2026-12-02T15:14:00.000000000,10,VanillaRNN,pm1,21.0,19.8389,1.1611
2026-12-02T15:04:00.000000000,2026-12-02T15:14:00.000000000,10,VanillaRNN,pm2_5,34.0,34.415,-0.415
2026-12-02T15:04:00.000000000,2026-12-02T15:14:00.000000000,10,VanillaRNN,pm10,44.0,41.8006,2.1994
2026-12-02T15:04:00.000000000,2026-12-02T15:14:00.000000000,10,VanillaRNN,co2,1912.0,1666.5498,245.4502
2026-12-02T15:04:00.000000000,2026-12-02T15:14:00.000000000,10,VanillaRNN,voc,66.0,100.2869,-34.2869
2026-12-02T15:05:00.000000000,2026-12-02T15:15:00.000000000,10,VanillaRNN,pm1,21.0,20.8035,0.1965
2026-12-02T15:05:00.000000000,2026-12-02T15:15:00.000000000,10,VanillaRNN,pm2_5,35.0,34.346,0.654
2026-12-02T15:05:00.000000000,2026-12-02T15:15:00.000000000,10,VanillaRNN,pm10,45.0,41.4488,3.5512
2026-12-02T15:05:00.000000000,2026-12-02T15:15:00.000000000,10,VanillaRNN,co2,1935.0,1762.1868,172.8132
2026-12-02T15:05:00.000000000,2026-12-02T15:15:00.000000000,10,VanillaRNN,voc,60.0,138.5089,-78.5089
2026-12-02T15:06:00.000000000,2026-12-02T15:16:00.000000000,10,VanillaRNN,pm1,21.0,20.7222,0.2778
2026-12-02T15:06:00.000000000,2026-12-02T15:16:00.000000000,10,VanillaRNN,pm2_5,35.0,34.8262,0.1738
2026-12-02T15:06:00.000000000,2026-12-02T15:16:00.000000000,10,VanillaRNN,pm10,44.0,42.9369,1.0631
2026-12-02T15:06:00.000000000,2026-12-02T15:16:00.000000000,10,VanillaRNN,co2,1939.0001,1951.1461,-12.146
2026-12-02T15:06:00.000000000,2026-12-02T15:16:00.000000000,10,VanillaRNN,voc,57.0,118.0999,-61.0999
2026-12-02T15:07:00.000000000,2026-12-02T15:17:00.000000000,10,VanillaRNN,pm1,22.0,19.9894,2.0106
2026-12-02T15:07:00.000000000,2026-12-02T15:17:00.000000000,10,VanillaRNN,pm2_5,35.0,33.6759,1.3241
2026-12-02T15:07:00.000000000,2026-12-02T15:17:00.000000000,10,VanillaRNN,pm10,44.0,40.444,3.556
2026-12-02T15:07:00.000000000,2026-12-02T15:17:00.000000000,10,VanillaRNN,co2,1924.0,1996.5686,-72.5686
2026-12-02T15:07:00.000000000,2026-12-02T15:17:00.000000000,10,VanillaRNN,voc,55.0,93.8554,-38.8554
2026-12-02T15:08:00.000000000,2026-12-02T15:18:00.000000000,10,VanillaRNN,pm1,21.0,20.5681,0.4319
2026-12-02T15:08:00.000000000,2026-12-02T15:18:00.000000000,10,VanillaRNN,pm2_5,34.0,34.3258,-0.3258
2026-12-02T15:08:00.000000000,2026-12-02T15:18:00.000000000,10,VanillaRNN,pm10,44.0,43.2068,0.7932
2026-12-02T15:08:00.000000000,2026-12-02T15:18:00.000000000,10,VanillaRNN,co2,1809.0,1764.8077,44.1923
2026-12-02T15:08:00.000000000,2026-12-02T15:18:00.000000000,10,VanillaRNN,voc,53.0,110.3943,-57.3943
2026-12-02T15:09:00.000000000,2026-12-02T15:19:00.000000000,10,VanillaRNN,pm1,22.0,19.7199,2.2801
2026-12-02T15:09:00.000000000,2026-12-02T15:19:00.000000000,10,VanillaRNN,pm2_5,35.0,33.5036,1.4964
2026-12-02T15:09:00.000000000,2026-12-02T15:19:00.000000000,10,VanillaRNN,pm10,44.0,40.1576,3.8424
2026-12-02T15:09:00.000000000,2026-12-02T15:19:00.000000000,10,VanillaRNN,co2,1751.0,1803.3339,-52.3339
2026-12-02T15:09:00.000000000,2026-12-02T15:19:00.000000000,10,VanillaRNN,voc,54.0,120.7027,-66.7027
2026-12-02T15:10:00.000000000,2026-12-02T15:20:00.000000000,10,VanillaRNN,pm1,22.0,20.6198,1.3802
2026-12-02T15:10:00.000000000,2026-12-02T15:20:00.000000000,10,VanillaRNN,pm2_5,35.0,33.8498,1.1502
2026-12-02T15:10:00.000000000,2026-12-02T15:20:00.000000000,10,VanillaRNN,pm10,45.0,43.6585,1.3415
2026-12-02T15:10:00.000000000,2026-12-02T15:20:00.000000000,10,VanillaRNN,co2,1774.0,1937.9374,-163.9374
2026-12-02T15:10:00.000000000,2026-12-02T15:20:00.000000000,10,VanillaRNN,voc,49.0,105.0214,-56.0214
2026-12-02T15:11:00.000000000,2026-12-02T15:21:00.000000000,10,VanillaRNN,pm1,23.0,19.2867,3.7133
2026-12-02T15:11:00.000000000,2026-12-02T15:21:00.000000000,10,VanillaRNN,pm2_5,37.0,33.0409,3.9591
2026-12-02T15:11:00.000000000,2026-12-02T15:21:00.000000000,10,VanillaRNN,pm10,47.0,39.3657,7.6343
2026-12-02T15:11:00.000000000,2026-12-02T15:21:00.000000000,10,VanillaRNN,co2,1817.0,1916.1509,-99.1509
2026-12-02T15:11:00.000000000,2026-12-02T15:21:00.000000000,10,VanillaRNN,voc,45.0,87.6292,-42.6292
2026-12-02T15:12:00.000000000,2026-12-02T15:22:00.000000000,10,VanillaRNN,pm1,22.0,20.2211,1.7789
2026-12-02T15:12:00.000000000,2026-12-02T15:22:00.000000000,10,VanillaRNN,pm2_5,36.0,33.8214,2.1786
2026-12-02T15:12:00.000000000,2026-12-02T15:22:00.000000000,10,VanillaRNN,pm10,46.0,43.2517,2.7483
2026-12-02T15:12:00.000000000,2026-12-02T15:22:00.000000000,10,VanillaRNN,co2,1779.0,1755.2219,23.7781
2026-12-02T15:12:00.000000000,2026-12-02T15:22:00.000000000,10,VanillaRNN,voc,45.0,118.241,-73.241
2026-12-02T15:13:00.000000000,2026-12-02T15:23:00.000000000,10,VanillaRNN,pm1,22.0,19.7359,2.2641
2026-12-02T15:13:00.000000000,2026-12-02T15:23:00.000000000,10,VanillaRNN,pm2_5,36.0,33.2017,2.7983
2026-12-02T15:13:00.000000000,2026-12-02T15:23:00.000000000,10,VanillaRNN,pm10,47.0,39.7651,7.2349
2026-12-02T15:13:00.000000000,2026-12-02T15:23:00.000000000,10,VanillaRNN,co2,1691.0,1806.1204,-115.1204
2026-12-02T15:13:00.000000000,2026-12-02T15:23:00.000000000,10,VanillaRNN,voc,50.0,106.3378,-56.3378
2026-12-02T15:14:00.000000000,2026-12-02T15:24:00.000000000,10,VanillaRNN,pm1,23.0,19.827,3.173
2026-12-02T15:14:00.000000000,2026-12-02T15:24:00.000000000,10,VanillaRNN,pm2_5,37.0,33.0605,3.9395
2026-12-02T15:14:00.000000000,2026-12-02T15:24:00.000000000,10,VanillaRNN,pm10,48.0,41.1059,6.8941
2026-12-02T15:14:00.000000000,2026-12-02T15:24:00.000000000,10,VanillaRNN,co2,1687.0,1909.6084,-222.6084
2026-12-02T15:14:00.000000000,2026-12-02T15:24:00.000000000,10,VanillaRNN,voc,49.0,99.5359,-50.5359
2026-12-02T15:15:00.000000000,2026-12-02T15:25:00.000000000,10,VanillaRNN,pm1,23.0,20.2813,2.7187
2026-12-02T15:15:00.000000000,2026-12-02T15:25:00.000000000,10,VanillaRNN,pm2_5,36.0,33.2981,2.7019
2026-12-02T15:15:00.000000000,2026-12-02T15:25:00.000000000,10,VanillaRNN,pm10,47.0,41.6477,5.3523
2026-12-02T15:15:00.000000000,2026-12-02T15:25:00.000000000,10,VanillaRNN,co2,1665.0,1728.8202,-63.8202
2026-12-02T15:15:00.000000000,2026-12-02T15:25:00.000000000,10,VanillaRNN,voc,49.0,91.0687,-42.0687
2026-12-02T15:16:00.000000000,2026-12-02T15:26:00.000000000,10,VanillaRNN,pm1,22.0,20.3908,1.6092
2026-12-02T15:16:00.000000000,2026-12-02T15:26:00.000000000,10,VanillaRNN,pm2_5,35.0,34.3814,0.6186
2026-12-02T15:16:00.000000000,2026-12-02T15:26:00.000000000,10,VanillaRNN,pm10,45.0,43.3554,1.6446
2026-12-02T15:16:00.000000000,2026-12-02T15:26:00.000000000,10,VanillaRNN,co2,1625.0,1796.9697,-171.9697
2026-12-02T15:16:00.000000000,2026-12-02T15:26:00.000000000,10,VanillaRNN,voc,52.0,91.8477,-39.8477
2026-12-02T15:17:00.000000000,2026-12-02T15:27:00.000000000,10,VanillaRNN,pm1,21.0,19.8705,1.1295
2026-12-02T15:17:00.000000000,2026-12-02T15:27:00.000000000,10,VanillaRNN,pm2_5,35.0,33.3421,1.6579
2026-12-02T15:17:00.000000000,2026-12-02T15:27:00.000000000,10,VanillaRNN,pm10,45.0,40.9326,4.0674
2026-12-02T15:17:00.000000000,2026-12-02T15:27:00.000000000,10,VanillaRNN,co2,1673.0,1817.514,-144.514
2026-12-02T15:17:00.000000000,2026-12-02T15:27:00.000000000,10,VanillaRNN,voc,50.0,71.8868,-21.8868
2026-12-02T15:18:00.000000000,2026-12-02T15:28:00.000000000,10,VanillaRNN,pm1,22.0,20.0136,1.9864
2026-12-02T15:18:00.000000000,2026-12-02T15:28:00.000000000,10,VanillaRNN,pm2_5,35.0,33.4946,1.5054
2026-12-02T15:18:00.000000000,2026-12-02T15:28:00.000000000,10,VanillaRNN,pm10,46.0,40.7991,5.2009
2026-12-02T15:18:00.000000000,2026-12-02T15:28:00.000000000,10,VanillaRNN,co2,1746.0,1878.5149,-132.5149
2026-12-02T15:18:00.000000000,2026-12-02T15:28:00.000000000,10,VanillaRNN,voc,48.0,94.3364,-46.3364
2026-12-02T15:19:00.000000000,2026-12-02T15:29:00.000000000,10,VanillaRNN,pm1,23.0,20.3481,2.6519
2026-12-02T15:19:00.000000000,2026-12-02T15:29:00.000000000,10,VanillaRNN,pm2_5,36.0,33.974,2.026
2026-12-02T15:19:00.000000000,2026-12-02T15:29:00.000000000,10,VanillaRNN,pm10,47.0,41.8628,5.1372
2026-12-02T15:19:00.000000000,2026-12-02T15:29:00.000000000,10,VanillaRNN,co2,1796.0,1713.2765,82.7235
2026-12-02T15:19:00.000000000,2026-12-02T15:29:00.000000000,10,VanillaRNN,voc,47.0,104.005,-57.005
2026-12-02T15:20:00.000000000,2026-12-02T15:30:00.000000000,10,VanillaRNN,pm1,23.0,20.3523,2.6477
2026-12-02T15:20:00.000000000,2026-12-02T15:30:00.000000000,10,VanillaRNN,pm2_5,37.0,33.9434,3.0566
2026-12-02T15:20:00.000000000,2026-12-02T15:30:00.000000000,10,VanillaRNN,pm10,47.0,42.4884,4.5116
2026-12-02T15:20:00.000000000,2026-12-02T15:30:00.000000000,10,VanillaRNN,co2,1740.0,1873.063,-133.063
2026-12-02T15:20:00.000000000,2026-12-02T15:30:00.000000000,10,VanillaRNN,voc,47.0,102.7638,-55.7638
2026-12-02T15:21:00.000000000,2026-12-02T15:31:00.000000000,10,VanillaRNN,pm1,23.0,20.1076,2.8924
2026-12-02T15:21:00.000000000,2026-12-02T15:31:00.000000000,10,VanillaRNN,pm2_5,37.0,33.8013,3.1987
2026-12-02T15:21:00.000000000,2026-12-02T15:31:00.000000000,10,VanillaRNN,pm10,47.0,42.0547,4.9453
2026-12-02T15:21:00.000000000,2026-12-02T15:31:00.000000000,10,VanillaRNN,co2,1790.0,1754.3505,35.6495
2026-12-02T15:21:00.000000000,2026-12-02T15:31:00.000000000,10,VanillaRNN,voc,49.0,68.5372,-19.5372
2026-12-02T15:22:00.000000000,2026-12-02T15:32:00.000000000,10,VanillaRNN,pm1,23.0,20.4812,2.5188
2026-12-02T15:22:00.000000000,2026-12-02T15:32:00.000000000,10,VanillaRNN,pm2_5,37.0,34.4604,2.5396
2026-12-02T15:22:00.000000000,2026-12-02T15:32:00.000000000,10,VanillaRNN,pm10,47.0,43.7902,3.2098
2026-12-02T15:22:00.000000000,2026-12-02T15:32:00.000000000,10,VanillaRNN,co2,1744.0,1658.9578,85.0422
2026-12-02T15:22:00.000000000,2026-12-02T15:32:00.000000000,10,VanillaRNN,voc,47.0,91.8299,-44.8299
2026-12-02T15:23:00.000000000,2026-12-02T15:33:00.000000000,10,VanillaRNN,pm1,23.0,20.3263,2.6737
2026-12-02T15:23:00.000000000,2026-12-02T15:33:00.000000000,10,VanillaRNN,pm2_5,37.0,33.63,3.37
2026-12-02T15:23:00.000000000,2026-12-02T15:33:00.000000000,10,VanillaRNN,pm10,48.0,40.8363,7.1637
2026-12-02T15:23:00.000000000,2026-12-02T15:33:00.000000000,10,VanillaRNN,co2,1702.0,1594.7761,107.2239
2026-12-02T15:23:00.000000000,2026-12-02T15:33:00.000000000,10,VanillaRNN,voc,46.0,54.9398,-8.9398
2026-12-02T15:24:00.000000000,2026-12-02T15:34:00.000000000,10,VanillaRNN,pm1,23.0,21.2512,1.7488
2026-12-02T15:24:00.000000000,2026-12-02T15:34:00.000000000,10,VanillaRNN,pm2_5,37.0,35.0127,1.9873
2026-12-02T15:24:00.000000000,2026-12-02T15:34:00.000000000,10,VanillaRNN,pm10,48.0,44.2152,3.7848
2026-12-02T15:24:00.000000000,2026-12-02T15:34:00.000000000,10,VanillaRNN,co2,1697.0,1603.3024,93.6976
2026-12-02T15:24:00.000000000,2026-12-02T15:34:00.000000000,10,VanillaRNN,voc,45.0,103.4794,-58.4794
2026-12-02T15:25:00.000000000,2026-12-02T15:35:00.000000000,10,VanillaRNN,pm1,23.0,20.7824,2.2176
2026-12-02T15:25:00.000000000,2026-12-02T15:35:00.000000000,10,VanillaRNN,pm2_5,37.0,35.1416,1.8584
2026-12-02T15:25:00.000000000,2026-12-02T15:35:00.000000000,10,VanillaRNN,pm10,47.0,44.2687,2.7313
2026-12-02T15:25:00.000000000,2026-12-02T15:35:00.000000000,10,VanillaRNN,co2,1652.0,1689.4996,-37.4996
2026-12-02T15:25:00.000000000,2026-12-02T15:35:00.000000000,10,VanillaRNN,voc,44.0,86.0394,-42.0394
2026-12-02T15:26:00.000000000,2026-12-02T15:36:00.000000000,10,VanillaRNN,pm1,23.0,20.7708,2.2292
2026-12-02T15:26:00.000000000,2026-12-02T15:36:00.000000000,10,VanillaRNN,pm2_5,37.0,34.6923,2.3077
2026-12-02T15:26:00.000000000,2026-12-02T15:36:00.000000000,10,VanillaRNN,pm10,47.0,41.6362,5.3638
2026-12-02T15:26:00.000000000,2026-12-02T15:36:00.000000000,10,VanillaRNN,co2,1680.0,1658.7767,21.2233
2026-12-02T15:26:00.000000000,2026-12-02T15:36:00.000000000,10,VanillaRNN,voc,44.0,107.5602,-63.5602
2026-12-02T15:27:00.000000000,2026-12-02T15:37:00.000000000,10,VanillaRNN,pm1,23.0,21.6492,1.3508
2026-12-02T15:27:00.000000000,2026-12-02T15:37:00.000000000,10,VanillaRNN,pm2_5,37.0,35.3719,1.6281
2026-12-02T15:27:00.000000000,2026-12-02T15:37:00.000000000,10,VanillaRNN,pm10,48.0,43.1835,4.8165
2026-12-02T15:27:00.000000000,2026-12-02T15:37:00.000000000,10,VanillaRNN,co2,1654.0,1708.4641,-54.4641
2026-12-02T15:27:00.000000000,2026-12-02T15:37:00.000000000,10,VanillaRNN,voc,44.0,126.9853,-82.9853
2026-12-02T15:28:00.000000000,2026-12-02T15:38:00.000000000,10,VanillaRNN,pm1,23.0,21.9025,1.0975
2026-12-02T15:28:00.000000000,2026-12-02T15:38:00.000000000,10,VanillaRNN,pm2_5,38.0,36.1093,1.8907
2026-12-02T15:28:00.000000000,2026-12-02T15:38:00.000000000,10,VanillaRNN,pm10,48.0,45.2459,2.7541
2026-12-02T15:28:00.000000000,2026-12-02T15:38:00.000000000,10,VanillaRNN,co2,1590.0,1670.6278,-80.6278
2026-12-02T15:28:00.000000000,2026-12-02T15:38:00.000000000,10,VanillaRNN,voc,65.0,93.873,-28.873
2026-12-02T15:29:00.000000000,2026-12-02T15:39:00.000000000,10,VanillaRNN,pm1,23.0,20.6961,2.3039
2026-12-02T15:29:00.000000000,2026-12-02T15:39:00.000000000,10,VanillaRNN,pm2_5,37.0,35.9172,1.0828
2026-12-02T15:29:00.000000000,2026-12-02T15:39:00.000000000,10,VanillaRNN,pm10,46.0,43.6164,2.3836
2026-12-02T15:29:00.000000000,2026-12-02T15:39:00.000000000,10,VanillaRNN,co2,1532.0,1675.9742,-143.9742
2026-12-02T15:29:00.000000000,2026-12-02T15:39:00.000000000,10,VanillaRNN,voc,117.0,102.6358,14.3642
2026-12-02T15:30:00.000000000,2026-12-02T15:40:00.000000000,10,VanillaRNN,pm1,23.0,21.0571,1.9429
2026-12-02T15:30:00.000000000,2026-12-02T15:40:00.000000000,10,VanillaRNN,pm2_5,37.0,35.5324,1.4676
2026-12-02T15:30:00.000000000,2026-12-02T15:40:00.000000000,10,VanillaRNN,pm10,48.0,44.8104,3.1896
2026-12-02T15:30:00.000000000,2026-12-02T15:40:00.000000000,10,VanillaRNN,co2,1530.0,1713.0087,-183.0087
2026-12-02T15:30:00.000000000,2026-12-02T15:40:00.000000000,10,VanillaRNN,voc,99.0,122.4155,-23.4155
2026-12-02T15:31:00.000000000,2026-12-02T15:41:00.000000000,10,VanillaRNN,pm1,23.0,21.3645,1.6355
2026-12-02T15:31:00.000000000,2026-12-02T15:41:00.000000000,10,VanillaRNN,pm2_5,37.0,35.4009,1.5991
2026-12-02T15:31:00.000000000,2026-12-02T15:41:00.000000000,10,VanillaRNN,pm10,47.0,44.627,2.373
2026-12-02T15:31:00.000000000,2026-12-02T15:41:00.000000000,10,VanillaRNN,co2,1601.0,1753.9769,-152.9769
2026-12-02T15:31:00.000000000,2026-12-02T15:41:00.000000000,10,VanillaRNN,voc,74.0,99.4908,-25.4908
2026-12-02T15:32:00.000000000,2026-12-02T15:42:00.000000000,10,VanillaRNN,pm1,23.0,21.1662,1.8338
2026-12-02T15:32:00.000000000,2026-12-02T15:42:00.000000000,10,VanillaRNN,pm2_5,37.0,35.0457,1.9543
2026-12-02T15:32:00.000000000,2026-12-02T15:42:00.000000000,10,VanillaRNN,pm10,47.0,43.2052,3.7948
2026-12-02T15:32:00.000000000,2026-12-02T15:42:00.000000000,10,VanillaRNN,co2,1670.0,1770.5754,-100.5754
2026-12-02T15:32:00.000000000,2026-12-02T15:42:00.000000000,10,VanillaRNN,voc,61.0,73.5603,-12.5603
2026-12-02T15:33:00.000000000,2026-12-02T15:43:00.000000000,10,VanillaRNN,pm1,23.0,21.2625,1.7375
2026-12-02T15:33:00.000000000,2026-12-02T15:43:00.000000000,10,VanillaRNN,pm2_5,37.0,34.8229,2.1771
2026-12-02T15:33:00.000000000,2026-12-02T15:43:00.000000000,10,VanillaRNN,pm10,48.0,43.5578,4.4422
2026-12-02T15:33:00.000000000,2026-12-02T15:43:00.000000000,10,VanillaRNN,co2,1684.0,1706.3406,-22.3406
2026-12-02T15:33:00.000000000,2026-12-02T15:43:00.000000000,10,VanillaRNN,voc,71.0,82.3656,-11.3656
2026-12-02T15:34:00.000000000,2026-12-02T15:44:00.000000000,10,VanillaRNN,pm1,23.0,21.4088,1.5912
2026-12-02T15:34:00.000000000,2026-12-02T15:44:00.000000000,10,VanillaRNN,pm2_5,37.0,35.3327,1.6673
2026-12-02T15:34:00.000000000,2026-12-02T15:44:00.000000000,10,VanillaRNN,pm10,49.0,44.2997,4.7003
2026-12-02T15:34:00.000000000,2026-12-02T15:44:00.000000000,10,VanillaRNN,co2,1652.0,1643.4851,8.5149
2026-12-02T15:34:00.000000000,2026-12-02T15:44:00.000000000,10,VanillaRNN,voc,72.0,89.4715,-17.4715
2026-12-02T15:35:00.000000000,2026-12-02T15:45:00.000000000,10,VanillaRNN,pm1,23.0,21.5394,1.4606
2026-12-02T15:35:00.000000000,2026-12-02T15:45:00.000000000,10,VanillaRNN,pm2_5,37.0,35.3469,1.6531
2026-12-02T15:35:00.000000000,2026-12-02T15:45:00.000000000,10,VanillaRNN,pm10,48.0,44.1845,3.8155
2026-12-02T15:35:00.000000000,2026-12-02T15:45:00.000000000,10,VanillaRNN,co2,1647.0,1645.9286,1.0714
2026-12-02T15:35:00.000000000,2026-12-02T15:45:00.000000000,10,VanillaRNN,voc,64.0,98.4725,-34.4725
2026-12-02T15:36:00.000000000,2026-12-02T15:46:00.000000000,10,VanillaRNN,pm1,23.0,21.6687,1.3313
2026-12-02T15:36:00.000000000,2026-12-02T15:46:00.000000000,10,VanillaRNN,pm2_5,38.0,35.9834,2.0166
2026-12-02T15:36:00.000000000,2026-12-02T15:46:00.000000000,10,VanillaRNN,pm10,48.0,44.4152,3.5848
2026-12-02T15:36:00.000000000,2026-12-02T15:46:00.000000000,10,VanillaRNN,co2,1655.0,1749.2507,-94.2507
2026-12-02T15:36:00.000000000,2026-12-02T15:46:00.000000000,10,VanillaRNN,voc,57.0,99.8212,-42.8212
2026-12-02T15:37:00.000000000,2026-12-02T15:47:00.000000000,10,VanillaRNN,pm1,24.0,21.7898,2.2102
2026-12-02T15:37:00.000000000,2026-12-02T15:47:00.000000000,10,VanillaRNN,pm2_5,37.0,36.3369,0.6631
2026-12-02T15:37:00.000000000,2026-12-02T15:47:00.000000000,10,VanillaRNN,pm10,48.0,45.079,2.921
2026-12-02T15:37:00.000000000,2026-12-02T15:47:00.000000000,10,VanillaRNN,co2,1727.0,1725.8031,1.1969
2026-12-02T15:37:00.000000000,2026-12-02T15:47:00.000000000,10,VanillaRNN,voc,52.0,96.5514,-44.5514
2026-12-02T15:38:00.000000000,2026-12-02T15:48:00.000000000,10,VanillaRNN,pm1,23.0,21.7445,1.2555
2026-12-02T15:38:00.000000000,2026-12-02T15:48:00.000000000,10,VanillaRNN,pm2_5,37.0,36.418,0.582
2026-12-02T15:38:00.000000000,2026-12-02T15:48:00.000000000,10,VanillaRNN,pm10,47.0,45.5445,1.4555
2026-12-02T15:38:00.000000000,2026-12-02T15:48:00.000000000,10,VanillaRNN,co2,1636.0,1611.2833,24.7167
2026-12-02T15:38:00.000000000,2026-12-02T15:48:00.000000000,10,VanillaRNN,voc,51.0,99.6905,-48.6905
2026-12-02T15:39:00.000000000,2026-12-02T15:49:00.000000000,10,VanillaRNN,pm1,23.0,22.0214,0.9786
2026-12-02T15:39:00.000000000,2026-12-02T15:49:00.000000000,10,VanillaRNN,pm2_5,37.0,35.6408,1.3592
2026-12-02T15:39:00.000000000,2026-12-02T15:49:00.000000000,10,VanillaRNN,pm10,49.0,44.6773,4.3227
2026-12-02T15:39:00.000000000,2026-12-02T15:49:00.000000000,10,VanillaRNN,co2,1636.0,1649.2335,-13.2335
2026-12-02T15:39:00.000000000,2026-12-02T15:49:00.000000000,10,VanillaRNN,voc,54.0,100.0481,-46.0481
2026-12-02T15:40:00.000000000,2026-12-02T15:50:00.000000000,10,VanillaRNN,pm1,23.0,21.4753,1.5247
2026-12-02T15:40:00.000000000,2026-12-02T15:50:00.000000000,10,VanillaRNN,pm2_5,38.0,34.9541,3.0459
2026-12-02T15:40:00.000000000,2026-12-02T15:50:00.000000000,10,VanillaRNN,pm10,48.0,39.9209,8.0791
2026-12-02T15:40:00.000000000,2026-12-02T15:50:00.000000000,10,VanillaRNN,co2,1619.0,1786.9181,-167.9181
2026-12-02T15:40:00.000000000,2026-12-02T15:50:00.000000000,10,VanillaRNN,voc,68.0,104.2789,-36.2789
2026-12-02T15:41:00.000000000,2026-12-02T15:51:00.000000000,10,VanillaRNN,pm1,23.0,21.9749,1.0251
2026-12-02T15:41:00.000000000,2026-12-02T15:51:00.000000000,10,VanillaRNN,pm2_5,37.0,37.824,-0.824
2026-12-02T15:41:00.000000000,2026-12-02T15:51:00.000000000,10,VanillaRNN,pm10,49.0,47.4901,1.5099
2026-12-02T15:41:00.000000000,2026-12-02T15:51:00.000000000,10,VanillaRNN,co2,1651.0,1661.2615,-10.2615
2026-12-02T15:41:00.000000000,2026-12-02T15:51:00.000000000,10,VanillaRNN,voc,73.0,152.0274,-79.0274
2026-12-02T15:42:00.000000000,2026-12-02T15:52:00.000000000,10,VanillaRNN,pm1,23.0,21.23,1.77
2026-12-02T15:42:00.000000000,2026-12-02T15:52:00.000000000,10,VanillaRNN,pm2_5,37.0,36.8802,0.1198
2026-12-02T15:42:00.000000000,2026-12-02T15:52:00.000000000,10,VanillaRNN,pm10,48.0,45.2245,2.7755
2026-12-02T15:42:00.000000000,2026-12-02T15:52:00.000000000,10,VanillaRNN,co2,1688.0,1553.0792,134.9208
2026-12-02T15:42:00.000000000,2026-12-02T15:52:00.000000000,10,VanillaRNN,voc,68.0,134.237,-66.237
2026-12-02T15:43:00.000000000,2026-12-02T15:53:00.000000000,10,VanillaRNN,pm1,23.0,21.8558,1.1442
2026-12-02T15:43:00.000000000,2026-12-02T15:53:00.000000000,10,VanillaRNN,pm2_5,37.0,36.4305,0.5695
2026-12-02T15:43:00.000000000,2026-12-02T15:53:00.000000000,10,VanillaRNN,pm10,48.0,45.5518,2.4482
2026-12-02T15:43:00.000000000,2026-12-02T15:53:00.000000000,10,VanillaRNN,co2,1727.0,1577.4139,149.5861
2026-12-02T15:43:00.000000000,2026-12-02T15:53:00.000000000,10,VanillaRNN,voc,61.0,100.5422,-39.5422
2026-12-02T15:44:00.000000000,2026-12-02T15:54:00.000000000,10,VanillaRNN,pm1,23.0,22.038,0.962
2026-12-02T15:44:00.000000000,2026-12-02T15:54:00.000000000,10,VanillaRNN,pm2_5,37.0,35.9253,1.0747
2026-12-02T15:44:00.000000000,2026-12-02T15:54:00.000000000,10,VanillaRNN,pm10,48.0,44.4008,3.5992
2026-12-02T15:44:00.000000000,2026-12-02T15:54:00.000000000,10,VanillaRNN,co2,1700.0,1540.6481,159.3519
2026-12-02T15:44:00.000000000,2026-12-02T15:54:00.000000000,10,VanillaRNN,voc,57.0,95.6004,-38.6004
2026-12-02T15:45:00.000000000,2026-12-02T15:55:00.000000000,10,VanillaRNN,pm1,23.0,21.9716,1.0284
2026-12-02T15:45:00.000000000,2026-12-02T15:55:00.000000000,10,VanillaRNN,pm2_5,37.0,36.1558,0.8442
2026-12-02T15:45:00.000000000,2026-12-02T15:55:00.000000000,10,VanillaRNN,pm10,48.0,45.2112,2.7888
2026-12-02T15:45:00.000000000,2026-12-02T15:55:00.000000000,10,VanillaRNN,co2,1728.0,1565.9923,162.0077
2026-12-02T15:45:00.000000000,2026-12-02T15:55:00.000000000,10,VanillaRNN,voc,55.0,116.2712,-61.2712
2026-12-02T15:46:00.000000000,2026-12-02T15:56:00.000000000,10,VanillaRNN,pm1,23.0,21.733,1.267
2026-12-02T15:46:00.000000000,2026-12-02T15:56:00.000000000,10,VanillaRNN,pm2_5,37.0,35.9589,1.0411
2026-12-02T15:46:00.000000000,2026-12-02T15:56:00.000000000,10,VanillaRNN,pm10,47.0,44.8214,2.1786
2026-12-02T15:46:00.000000000,2026-12-02T15:56:00.000000000,10,VanillaRNN,co2,1694.0,1717.7898,-23.7898
2026-12-02T15:46:00.000000000,2026-12-02T15:56:00.000000000,10,VanillaRNN,voc,53.0,127.9384,-74.9384
2026-12-02T15:47:00.000000000,2026-12-02T15:57:00.000000000,10,VanillaRNN,pm1,23.0,22.0025,0.9975
2026-12-02T15:47:00.000000000,2026-12-02T15:57:00.000000000,10,VanillaRNN,pm2_5,37.0,36.047,0.953
2026-12-02T15:47:00.000000000,2026-12-02T15:57:00.000000000,10,VanillaRNN,pm10,48.0,45.7967,2.2033
2026-12-02T15:47:00.000000000,2026-12-02T15:57:00.000000000,10,VanillaRNN,co2,1667.0,1747.9191,-80.9191
2026-12-02T15:47:00.000000000,2026-12-02T15:57:00.000000000,10,VanillaRNN,voc,54.0,97.1071,-43.1071
2026-12-02T15:48:00.000000000,2026-12-02T15:58:00.000000000,10,VanillaRNN,pm1,23.0,21.0239,1.9761
2026-12-02T15:48:00.000000000,2026-12-02T15:58:00.000000000,10,VanillaRNN,pm2_5,37.0,35.3477,1.6523
2026-12-02T15:48:00.000000000,2026-12-02T15:58:00.000000000,10,VanillaRNN,pm10,48.0,42.1048,5.8952
2026-12-02T15:48:00.000000000,2026-12-02T15:58:00.000000000,10,VanillaRNN,co2,1702.0,1703.1512,-1.1512
2026-12-02T15:48:00.000000000,2026-12-02T15:58:00.000000000,10,VanillaRNN,voc,55.0,78.507,-23.507
2026-12-02T15:49:00.000000000,2026-12-02T15:59:00.000000000,10,VanillaRNN,pm1,23.0,22.3687,0.6313
2026-12-02T15:49:00.000000000,2026-12-02T15:59:00.000000000,10,VanillaRNN,pm2_5,36.0,36.0731,-0.0731
2026-12-02T15:49:00.000000000,2026-12-02T15:59:00.000000000,10,VanillaRNN,pm10,48.0,45.6714,2.3286
2026-12-02T15:49:00.000000000,2026-12-02T15:59:00.000000000,10,VanillaRNN,co2,1668.0,1618.4136,49.5864
2026-12-02T15:49:00.000000000,2026-12-02T15:59:00.000000000,10,VanillaRNN,voc,59.0,118.404,-59.404
2026-12-02T15:50:00.000000000,2026-12-02T16:00:00.000000000,10,VanillaRNN,pm1,23.0,21.9178,1.0822
2026-12-02T15:50:00.000000000,2026-12-02T16:00:00.000000000,10,VanillaRNN,pm2_5,37.0,36.5101,0.4899
2026-12-02T15:50:00.000000000,2026-12-02T16:00:00.000000000,10,VanillaRNN,pm10,48.0,46.0089,1.9911
2026-12-02T15:50:00.000000000,2026-12-02T16:00:00.000000000,10,VanillaRNN,co2,1673.0,1598.9244,74.0756
2026-12-02T15:50:00.000000000,2026-12-02T16:00:00.000000000,10,VanillaRNN,voc,62.0,88.1115,-26.1115
2026-12-02T15:51:00.000000000,2026-12-02T16:01:00.000000000,10,VanillaRNN,pm1,23.0,21.9105,1.0895
2026-12-02T15:51:00.000000000,2026-12-02T16:01:00.000000000,10,VanillaRNN,pm2_5,37.0,35.7994,1.2006
2026-12-02T15:51:00.000000000,2026-12-02T16:01:00.000000000,10,VanillaRNN,pm10,47.0,44.719,2.281
2026-12-02T15:51:00.000000000,2026-12-02T16:01:00.000000000,10,VanillaRNN,co2,1726.0,1646.0551,79.9449
2026-12-02T15:51:00.000000000,2026-12-02T16:01:00.000000000,10,VanillaRNN,voc,63.0,108.2013,-45.2013
2026-12-02T15:52:00.000000000,2026-12-02T16:02:00.000000000,10,VanillaRNN,pm1,23.0,21.5226,1.4774
2026-12-02T15:52:00.000000000,2026-12-02T16:02:00.000000000,10,VanillaRNN,pm2_5,37.0,36.1708,0.8292
2026-12-02T15:52:00.000000000,2026-12-02T16:02:00.000000000,10,VanillaRNN,pm10,48.0,43.668,4.332
2026-12-02T15:52:00.000000000,2026-12-02T16:02:00.000000000,10,VanillaRNN,co2,1704.0,1656.3318,47.6682
2026-12-02T15:52:00.000000000,2026-12-02T16:02:00.000000000,10,VanillaRNN,voc,64.0,100.2447,-36.2447
2026-12-02T15:53:00.000000000,2026-12-02T16:03:00.000000000,10,VanillaRNN,pm1,23.0,21.9945,1.0055
2026-12-02T15:53:00.000000000,2026-12-02T16:03:00.000000000,10,VanillaRNN,pm2_5,37.0,36.2874,0.7126
2026-12-02T15:53:00.000000000,2026-12-02T16:03:00.000000000,10,VanillaRNN,pm10,47.0,45.18,1.82
2026-12-02T15:53:00.000000000,2026-12-02T16:03:00.000000000,10,VanillaRNN,co2,1644.0,1615.2098,28.7902
2026-12-02T15:53:00.000000000,2026-12-02T16:03:00.000000000,10,VanillaRNN,voc,72.0,143.1798,-71.1798
2026-12-02T15:54:00.000000000,2026-12-02T16:04:00.000000000,10,VanillaRNN,pm1,23.0,21.8916,1.1084
2026-12-02T15:54:00.000000000,2026-12-02T16:04:00.000000000,10,VanillaRNN,pm2_5,37.0,36.4355,0.5645
2026-12-02T15:54:00.000000000,2026-12-02T16:04:00.000000000,10,VanillaRNN,pm10,48.0,45.3756,2.6244
2026-12-02T15:54:00.000000000,2026-12-02T16:04:00.000000000,10,VanillaRNN,co2,1609.0,1706.2211,-97.2211
2026-12-02T15:54:00.000000000,2026-12-02T16:04:00.000000000,10,VanillaRNN,voc,82.0,98.4292,-16.4292
2026-12-02T15:55:00.000000000,2026-12-02T16:05:00.000000000,10,VanillaRNN,pm1,23.0,21.9345,1.0655
2026-12-02T15:55:00.000000000,2026-12-02T16:05:00.000000000,10,VanillaRNN,pm2_5,37.0,36.5454,0.4546
2026-12-02T15:55:00.000000000,2026-12-02T16:05:00.000000000,10,VanillaRNN,pm10,48.0,45.4783,2.5217
2026-12-02T15:55:00.000000000,2026-12-02T16:05:00.000000000,10,VanillaRNN,co2,1610.0,1649.6782,-39.6782
2026-12-02T15:55:00.000000000,2026-12-02T16:05:00.000000000,10,VanillaRNN,voc,87.0,107.6963,-20.6963
2026-12-02T15:56:00.000000000,2026-12-02T16:06:00.000000000,10,VanillaRNN,pm1,23.0,22.0118,0.9882
2026-12-02T15:56:00.000000000,2026-12-02T16:06:00.000000000,10,VanillaRNN,pm2_5,38.0,36.3715,1.6285
2026-12-02T15:56:00.000000000,2026-12-02T16:06:00.000000000,10,VanillaRNN,pm10,49.0,45.3591,3.6409
2026-12-02T15:56:00.000000000,2026-12-02T16:06:00.000000000,10,VanillaRNN,co2,1668.0,1700.9644,-32.9644
2026-12-02T15:56:00.000000000,2026-12-02T16:06:00.000000000,10,VanillaRNN,voc,95.0,98.3776,-3.3776
2026-12-02T15:57:00.000000000,2026-12-02T16:07:00.000000000,10,VanillaRNN,pm1,24.0,21.8964,2.1036
2026-12-02T15:57:00.000000000,2026-12-02T16:07:00.000000000,10,VanillaRNN,pm2_5,38.0,35.8972,2.1028
2026-12-02T15:57:00.000000000,2026-12-02T16:07:00.000000000,10,VanillaRNN,pm10,50.0,44.6808,5.3192
2026-12-02T15:57:00.000000000,2026-12-02T16:07:00.000000000,10,VanillaRNN,co2,1592.0,1762.7605,-170.7605
2026-12-02T15:57:00.000000000,2026-12-02T16:07:00.000000000,10,VanillaRNN,voc,152.0,103.8444,48.1556
2026-12-02T15:58:00.000000000,2026-12-02T16:08:00.000000000,10,VanillaRNN,pm1,23.0,21.8882,1.1118
2026-12-02T15:58:00.000000000,2026-12-02T16:08:00.000000000,10,VanillaRNN,pm2_5,38.0,36.0982,1.9018
2026-12-02T15:58:00.000000000,2026-12-02T16:08:00.000000000,10,VanillaRNN,pm10,49.0,45.1967,3.8033
2026-12-02T15:58:00.000000000,2026-12-02T16:08:00.000000000,10,VanillaRNN,co2,1626.0,1695.7102,-69.7102
2026-12-02T15:58:00.000000000,2026-12-02T16:08:00.000000000,10,VanillaRNN,voc,151.0,94.7805,56.2195
2026-12-02T15:59:00.000000000,2026-12-02T16:09:00.000000000,10,VanillaRNN,pm1,23.0,21.7588,1.2412
2026-12-02T15:59:00.000000000,2026-12-02T16:09:00.000000000,10,VanillaRNN,pm2_5,37.0,35.87,1.13
2026-12-02T15:59:00.000000000,2026-12-02T16:09:00.000000000,10,VanillaRNN,pm10,48.0,44.3967,3.6033
2026-12-02T15:59:00.000000000,2026-12-02T16:09:00.000000000,10,VanillaRNN,co2,1653.0,1661.4037,-8.4037
2026-12-02T15:59:00.000000000,2026-12-02T16:09:00.000000000,10,VanillaRNN,voc,115.0,105.7724,9.2276
2026-12-02T16:00:00.000000000,2026-12-02T16:10:00.000000000,10,VanillaRNN,pm1,23.0,21.5937,1.4063
2026-12-02T16:00:00.000000000,2026-12-02T16:10:00.000000000,10,VanillaRNN,pm2_5,37.0,35.605,1.395
2026-12-02T16:00:00.000000000,2026-12-02T16:10:00.000000000,10,VanillaRNN,pm10,48.0,43.6739,4.3261
2026-12-02T16:00:00.000000000,2026-12-02T16:10:00.000000000,10,VanillaRNN,co2,1627.0,1654.6516,-27.6516
2026-12-02T16:00:00.000000000,2026-12-02T16:10:00.000000000,10,VanillaRNN,voc,109.0,109.5045,-0.5045
2026-12-02T16:01:00.000000000,2026-12-02T16:11:00.000000000,10,VanillaRNN,pm1,23.0,22.3023,0.6977
2026-12-02T16:01:00.000000000,2026-12-02T16:11:00.000000000,10,VanillaRNN,pm2_5,36.0,36.792,-0.792
2026-12-02T16:01:00.000000000,2026-12-02T16:11:00.000000000,10,VanillaRNN,pm10,47.0,46.6952,0.3048
2026-12-02T16:01:00.000000000,2026-12-02T16:11:00.000000000,10,VanillaRNN,co2,1654.0,1692.6011,-38.6011
2026-12-02T16:01:00.000000000,2026-12-02T16:11:00.000000000,10,VanillaRNN,voc,118.0,127.4836,-9.4836
2026-12-02T16:02:00.000000000,2026-12-02T16:12:00.000000000,10,VanillaRNN,pm1,23.0,21.5913,1.4087
2026-12-02T16:02:00.000000000,2026-12-02T16:12:00.000000000,10,VanillaRNN,pm2_5,37.0,36.2677,0.7323
2026-12-02T16:02:00.000000000,2026-12-02T16:12:00.000000000,10,VanillaRNN,pm10,48.0,44.2581,3.7419
2026-12-02T16:02:00.000000000,2026-12-02T16:12:00.000000000,10,VanillaRNN,co2,1632.0,1791.1385,-159.1385
2026-12-02T16:02:00.000000000,2026-12-02T16:12:00.000000000,10,VanillaRNN,voc,239.0,92.1843,146.8157
2026-12-02T16:03:00.000000000,2026-12-02T16:13:00.000000000,10,VanillaRNN,pm1,23.0,21.8734,1.1266
2026-12-02T16:03:00.000000000,2026-12-02T16:13:00.000000000,10,VanillaRNN,pm2_5,37.0,36.7379,0.2621
2026-12-02T16:03:00.000000000,2026-12-02T16:13:00.000000000,10,VanillaRNN,pm10,47.0,45.8562,1.1438
2026-12-02T16:03:00.000000000,2026-12-02T16:13:00.000000000,10,VanillaRNN,co2,1608.0,1653.0017,-45.0017
2026-12-02T16:03:00.000000000,2026-12-02T16:13:00.000000000,10,VanillaRNN,voc,200.0,109.7559,90.2441
2026-12-02T16:04:00.000000000,2026-12-02T16:14:00.000000000,10,VanillaRNN,pm1,23.0,21.7974,1.2026
2026-12-02T16:04:00.000000000,2026-12-02T16:14:00.000000000,10,VanillaRNN,pm2_5,36.0,35.9234,0.0766
2026-12-02T16:04:00.000000000,2026-12-02T16:14:00.000000000,10,VanillaRNN,pm10,46.0,44.0063,1.9937
2026-12-02T16:04:00.000000000,2026-12-02T16:14:00.000000000,10,VanillaRNN,co2,1647.0,1706.1117,-59.1117
2026-12-02T16:04:00.000000000,2026-12-02T16:14:00.000000000,10,VanillaRNN,voc,153.0,112.5396,40.4604
2026-12-02T16:05:00.000000000,2026-12-02T16:15:00.000000000,10,VanillaRNN,pm1,23.0,21.905,1.095
2026-12-02T16:05:00.000000000,2026-12-02T16:15:00.000000000,10,VanillaRNN,pm2_5,36.0,36.2714,-0.2714
2026-12-02T16:05:00.000000000,2026-12-02T16:15:00.000000000,10,VanillaRNN,pm10,47.0,45.0457,1.9543
2026-12-02T16:05:00.000000000,2026-12-02T16:15:00.000000000,10,VanillaRNN,co2,1725.0,1698.5422,26.4578
2026-12-02T16:05:00.000000000,2026-12-02T16:15:00.000000000,10,VanillaRNN,voc,123.0,108.7887,14.2113
2026-12-02T16:06:00.000000000,2026-12-02T16:16:00.000000000,10,VanillaRNN,pm1,22.0,21.6792,0.3208
2026-12-02T16:06:00.000000000,2026-12-02T16:16:00.000000000,10,VanillaRNN,pm2_5,36.0,36.2129,-0.2129
2026-12-02T16:06:00.000000000,2026-12-02T16:16:00.000000000,10,VanillaRNN,pm10,46.0,44.2648,1.7352
2026-12-02T16:06:00.000000000,2026-12-02T16:16:00.000000000,10,VanillaRNN,co2,1685.0,1632.0662,52.9338
2026-12-02T16:06:00.000000000,2026-12-02T16:16:00.000000000,10,VanillaRNN,voc,103.0,126.715,-23.7151
2026-12-02T16:07:00.000000000,2026-12-02T16:17:00.000000000,10,VanillaRNN,pm1,22.0,22.0477,-0.0477
2026-12-02T16:07:00.000000000,2026-12-02T16:17:00.000000000,10,VanillaRNN,pm2_5,36.0,36.8048,-0.8048
2026-12-02T16:07:00.000000000,2026-12-02T16:17:00.000000000,10,VanillaRNN,pm10,46.0,46.0211,-0.0211
2026-12-02T16:07:00.000000000,2026-12-02T16:17:00.000000000,10,VanillaRNN,co2,1685.0,1627.5878,57.4122
2026-12-02T16:07:00.000000000,2026-12-02T16:17:00.000000000,10,VanillaRNN,voc,103.0,118.3412,-15.3412
2026-12-02T16:08:00.000000000,2026-12-02T16:18:00.000000000,10,VanillaRNN,pm1,22.0,21.2434,0.7566
2026-12-02T16:08:00.000000000,2026-12-02T16:18:00.000000000,10,VanillaRNN,pm2_5,36.0,35.4166,0.5834
2026-12-02T16:08:00.000000000,2026-12-02T16:18:00.000000000,10,VanillaRNN,pm10,47.0,41.5346,5.4654
2026-12-02T16:08:00.000000000,2026-12-02T16:18:00.000000000,10,VanillaRNN,co2,1685.0,1590.2814,94.7186
2026-12-02T16:08:00.000000000,2026-12-02T16:18:00.000000000,10,VanillaRNN,voc,81.0,117.0925,-36.0925
2026-12-02T16:09:00.000000000,2026-12-02T16:19:00.000000000,10,VanillaRNN,pm1,23.0,22.3735,0.6265
2026-12-02T16:09:00.000000000,2026-12-02T16:19:00.000000000,10,VanillaRNN,pm2_5,36.0,37.5335,-1.5335
2026-12-02T16:09:00.000000000,2026-12-02T16:19:00.000000000,10,VanillaRNN,pm10,47.0,45.8581,1.1419
2026-12-02T16:09:00.000000000,2026-12-02T16:19:00.000000000,10,VanillaRNN,co2,1655.0,1646.7345,8.2655
2026-12-02T16:09:00.000000000,2026-12-02T16:19:00.000000000,10,VanillaRNN,voc,78.0,172.928,-94.928
2026-12-02T16:10:00.000000000,2026-12-02T16:20:00.000000000,10,VanillaRNN,pm1,23.0,21.2779,1.7221
2026-12-02T16:10:00.000000000,2026-12-02T16:20:00.000000000,10,VanillaRNN,pm2_5,36.0,37.2814,-1.2814
2026-12-02T16:10:00.000000000,2026-12-02T16:20:00.000000000,10,VanillaRNN,pm10,48.0,45.5275,2.4725
2026-12-02T16:10:00.000000000,2026-12-02T16:20:00.000000000,10,VanillaRNN,co2,1677.0,1678.0519,-1.0519
2026-12-02T16:10:00.000000000,2026-12-02T16:20:00.000000000,10,VanillaRNN,voc,84.0,145.3998,-61.3998
2026-12-02T16:11:00.000000000,2026-12-02T16:21:00.000000000,10,VanillaRNN,pm1,23.0,21.8946,1.1054
2026-12-02T16:11:00.000000000,2026-12-02T16:21:00.000000000,10,VanillaRNN,pm2_5,37.0,35.9177,1.0823
2026-12-02T16:11:00.000000000,2026-12-02T16:21:00.000000000,10,VanillaRNN,pm10,48.0,44.9004,3.0996
2026-12-02T16:11:00.000000000,2026-12-02T16:21:00.000000000,10,VanillaRNN,co2,1732.0,1498.9121,233.0879
2026-12-02T16:11:00.000000000,2026-12-02T16:21:00.000000000,10,VanillaRNN,voc,264.0,121.6119,142.3882
2026-12-02T16:12:00.000000000,2026-12-02T16:22:00.000000000,10,VanillaRNN,pm1,23.0,21.8175,1.1825
2026-12-02T16:12:00.000000000,2026-12-02T16:22:00.000000000,10,VanillaRNN,pm2_5,36.0,35.3341,0.6659
2026-12-02T16:12:00.000000000,2026-12-02T16:22:00.000000000,10,VanillaRNN,pm10,47.0,41.9603,5.0397
2026-12-02T16:12:00.000000000,2026-12-02T16:22:00.000000000,10,VanillaRNN,co2,1713.0,1642.2848,70.7152
2026-12-02T16:12:00.000000000,2026-12-02T16:22:00.000000000,10,VanillaRNN,voc,489.0,113.0011,375.9989
2026-12-02T16:13:00.000000000,2026-12-02T16:23:00.000000000,10,VanillaRNN,pm1,23.0,22.0805,0.9195
2026-12-02T16:13:00.000000000,2026-12-02T16:23:00.000000000,10,VanillaRNN,pm2_5,36.0,34.2821,1.7179
2026-12-02T16:13:00.000000000,2026-12-02T16:23:00.000000000,10,VanillaRNN,pm10,48.0,40.6803,7.3197
2026-12-02T16:13:00.000000000,2026-12-02T16:23:00.000000000,10,VanillaRNN,co2,1677.0,1662.1974,14.8026
2026-12-02T16:13:00.000000000,2026-12-02T16:23:00.000000000,10,VanillaRNN,voc,499.0,134.9357,364.0643
2026-12-02T16:14:00.000000000,2026-12-02T16:24:00.000000000,10,VanillaRNN,pm1,23.0,21.2899,1.7101
2026-12-02T16:14:00.000000000,2026-12-02T16:24:00.000000000,10,VanillaRNN,pm2_5,36.0,38.1353,-2.1353
2026-12-02T16:14:00.000000000,2026-12-02T16:24:00.000000000,10,VanillaRNN,pm10,47.0,46.1106,0.8894
2026-12-02T16:14:00.000000000,2026-12-02T16:24:00.000000000,10,VanillaRNN,co2,1661.0,1835.252,-174.252
2026-12-02T16:14:00.000000000,2026-12-02T16:24:00.000000000,10,VanillaRNN,voc,499.0,204.0594,294.9406
2026-12-02T16:15:00.000000000,2026-12-02T16:25:00.000000000,10,VanillaRNN,pm1,23.0,20.3584,2.6416
2026-12-02T16:15:00.000000000,2026-12-02T16:25:00.000000000,10,VanillaRNN,pm2_5,37.0,36.8942,0.1058
2026-12-02T16:15:00.000000000,2026-12-02T16:25:00.000000000,10,VanillaRNN,pm10,47.0,44.8655,2.1345
2026-12-02T16:15:00.000000000,2026-12-02T16:25:00.000000000,10,VanillaRNN,co2,1700.0,1607.9519,92.0481
2026-12-02T16:15:00.000000000,2026-12-02T16:25:00.000000000,10,VanillaRNN,voc,499.0,170.8494,328.1506
2026-12-02T16:16:00.000000000,2026-12-02T16:26:00.000000000,10,VanillaRNN,pm1,23.0,21.4913,1.5087
2026-12-02T16:16:00.000000000,2026-12-02T16:26:00.000000000,10,VanillaRNN,pm2_5,37.0,35.4681,1.5319
2026-12-02T16:16:00.000000000,2026-12-02T16:26:00.000000000,10,VanillaRNN,pm10,47.0,45.214,1.786
2026-12-02T16:16:00.000000000,2026-12-02T16:26:00.000000000,10,VanillaRNN,co2,1701.0,1403.8104,297.1896
2026-12-02T16:16:00.000000000,2026-12-02T16:26:00.000000000,10,VanillaRNN,voc,499.0,122.5361,376.4639
2026-12-02T16:17:00.000000000,2026-12-02T16:27:00.000000000,10,VanillaRNN,pm1,22.0,21.936,0.064
2026-12-02T16:17:00.000000000,2026-12-02T16:27:00.000000000,10,VanillaRNN,pm2_5,36.0,35.1563,0.8437
2026-12-02T16:17:00.000000000,2026-12-02T16:27:00.000000000,10,VanillaRNN,pm10,46.0,44.1808,1.8192
2026-12-02T16:17:00.000000000,2026-12-02T16:27:00.000000000,10,VanillaRNN,co2,1708.0,1510.9951,197.0049
2026-12-02T16:17:00.000000000,2026-12-02T16:27:00.000000000,10,VanillaRNN,voc,499.0,90.2486,408.7513
2026-12-02T16:18:00.000000000,2026-12-02T16:28:00.000000000,10,VanillaRNN,pm1,23.0,21.5281,1.4719
2026-12-02T16:18:00.000000000,2026-12-02T16:28:00.000000000,10,VanillaRNN,pm2_5,36.0,34.9858,1.0142
2026-12-02T16:18:00.000000000,2026-12-02T16:28:00.000000000,10,VanillaRNN,pm10,46.0,43.1998,2.8002
2026-12-02T16:18:00.000000000,2026-12-02T16:28:00.000000000,10,VanillaRNN,co2,1736.0,1626.3953,109.6047
2026-12-02T16:18:00.000000000,2026-12-02T16:28:00.000000000,10,VanillaRNN,voc,498.0,96.0372,401.9628
2026-12-02T16:19:00.000000000,2026-12-02T16:29:00.000000000,10,VanillaRNN,pm1,22.0,21.3915,0.6085
2026-12-02T16:19:00.000000000,2026-12-02T16:29:00.000000000,10,VanillaRNN,pm2_5,36.0,35.8543,0.1457
2026-12-02T16:19:00.000000000,2026-12-02T16:29:00.000000000,10,VanillaRNN,pm10,47.0,45.3734,1.6266
2026-12-02T16:19:00.000000000,2026-12-02T16:29:00.000000000,10,VanillaRNN,co2,1734.0,1582.0819,151.9181
2026-12-02T16:19:00.000000000,2026-12-02T16:29:00.000000000,10,VanillaRNN,voc,497.0,112.5047,384.4953
2026-12-02T16:20:00.000000000,2026-12-02T16:30:00.000000000,10,VanillaRNN,pm1,23.0,21.0463,1.9537
2026-12-02T16:20:00.000000000,2026-12-02T16:30:00.000000000,10,VanillaRNN,pm2_5,37.0,35.1444,1.8556
2026-12-02T16:20:00.000000000,2026-12-02T16:30:00.000000000,10,VanillaRNN,pm10,47.0,43.3441,3.6559
2026-12-02T16:20:00.000000000,2026-12-02T16:30:00.000000000,10,VanillaRNN,co2,1662.0,1640.0762,21.9238
2026-12-02T16:20:00.000000000,2026-12-02T16:30:00.000000000,10,VanillaRNN,voc,496.0,119.9748,376.0251
2026-12-02T16:21:00.000000000,2026-12-02T16:31:00.000000000,10,VanillaRNN,pm1,23.0,21.6668,1.3332
2026-12-02T16:21:00.000000000,2026-12-02T16:31:00.000000000,10,VanillaRNN,pm2_5,37.0,35.6653,1.3347
2026-12-02T16:21:00.000000000,2026-12-02T16:31:00.000000000,10,VanillaRNN,pm10,46.0,44.8332,1.1668
2026-12-02T16:21:00.000000000,2026-12-02T16:31:00.000000000,10,VanillaRNN,co2,1671.0,1618.0967,52.9033
2026-12-02T16:21:00.000000000,2026-12-02T16:31:00.000000000,10,VanillaRNN,voc,495.0,118.2988,376.7012
2026-12-02T16:22:00.000000000,2026-12-02T16:32:00.000000000,10,VanillaRNN,pm1,23.0,21.206,1.794
2026-12-02T16:22:00.000000000,2026-12-02T16:32:00.000000000,10,VanillaRNN,pm2_5,37.0,32.0226,4.9774
2026-12-02T16:22:00.000000000,2026-12-02T16:32:00.000000000,10,VanillaRNN,pm10,47.0,36.3792,10.6208
2026-12-02T16:22:00.000000000,2026-12-02T16:32:00.000000000,10,VanillaRNN,co2,1780.0,1702.7389,77.2611
2026-12-02T16:22:00.000000000,2026-12-02T16:32:00.000000000,10,VanillaRNN,voc,493.0,111.9261,381.0739
2026-12-02T16:23:00.000000000,2026-12-02T16:33:00.000000000,10,VanillaRNN,pm1,23.0,19.8054,3.1946
2026-12-02T16:23:00.000000000,2026-12-02T16:33:00.000000000,10,VanillaRNN,pm2_5,37.0,31.5286,5.4714
2026-12-02T16:23:00.000000000,2026-12-02T16:33:00.000000000,10,VanillaRNN,pm10,47.0,33.102,13.898
2026-12-02T16:23:00.000000000,2026-12-02T16:33:00.000000000,10,VanillaRNN,co2,1766.0,1898.0719,-132.0719
2026-12-02T16:23:00.000000000,2026-12-02T16:33:00.000000000,10,VanillaRNN,voc,493.0,197.7381,295.2619
2026-12-02T16:24:00.000000000,2026-12-02T16:34:00.000000000,10,VanillaRNN,pm1,23.0,19.8275,3.1725
2026-12-02T16:24:00.000000000,2026-12-02T16:34:00.000000000,10,VanillaRNN,pm2_5,37.0,35.9793,1.0207
2026-12-02T16:24:00.000000000,2026-12-02T16:34:00.000000000,10,VanillaRNN,pm10,48.0,42.1745,5.8255
2026-12-02T16:24:00.000000000,2026-12-02T16:34:00.000000000,10,VanillaRNN,co2,1731.0,1643.1425,87.8575
2026-12-02T16:24:00.000000000,2026-12-02T16:34:00.000000000,10,VanillaRNN,voc,493.0,278.9415,214.0585
2026-12-02T16:25:00.000000000,2026-12-02T16:36:00.000000000,10,VanillaRNN,pm1,23.0,19.2166,3.7834
2026-12-02T16:25:00.000000000,2026-12-02T16:36:00.000000000,10,VanillaRNN,pm2_5,38.0,35.4699,2.5301
2026-12-02T16:25:00.000000000,2026-12-02T16:36:00.000000000,10,VanillaRNN,pm10,47.0,40.3193,6.6807
2026-12-02T16:25:00.000000000,2026-12-02T16:36:00.000000000,10,VanillaRNN,co2,1648.0,1503.4797,144.5203
2026-12-02T16:25:00.000000000,2026-12-02T16:36:00.000000000,10,VanillaRNN,voc,492.0,268.8037,223.1963
2026-12-02T16:26:00.000000000,2026-12-02T16:37:00.000000000,10,VanillaRNN,pm1,23.0,20.7802,2.2198
2026-12-02T16:26:00.000000000,2026-12-02T16:37:00.000000000,10,VanillaRNN,pm2_5,37.0,36.054,0.946
2026-12-02T16:26:00.000000000,2026-12-02T16:37:00.000000000,10,VanillaRNN,pm10,47.0,42.0783,4.9217
2026-12-02T16:26:00.000000000,2026-12-02T16:37:00.000000000,10,VanillaRNN,co2,1651.0,1476.7585,174.2415
2026-12-02T16:26:00.000000000,2026-12-02T16:37:00.000000000,10,VanillaRNN,voc,492.0,249.7227,242.2773
2026-12-02T16:27:00.000000000,2026-12-02T16:38:00.000000000,10,VanillaRNN,pm1,23.0,20.727,2.273
2026-12-02T16:27:00.000000000,2026-12-02T16:38:00.000000000,10,VanillaRNN,pm2_5,37.0,35.8093,1.1907
2026-12-02T16:27:00.000000000,2026-12-02T16:38:00.000000000,10,VanillaRNN,pm10,48.0,41.2233,6.7767
2026-12-02T16:27:00.000000000,2026-12-02T16:38:00.000000000,10,VanillaRNN,co2,1611.0,1446.3042,164.6958
2026-12-02T16:27:00.000000000,2026-12-02T16:38:00.000000000,10,VanillaRNN,voc,490.0,216.8995,273.1005
2026-12-02T16:28:00.000000000,2026-12-02T16:39:00.000000000,10,VanillaRNN,pm1,23.0,21.0609,1.9391
2026-12-02T16:28:00.000000000,2026-12-02T16:39:00.000000000,10,VanillaRNN,pm2_5,37.0,35.7508,1.2492
2026-12-02T16:28:00.000000000,2026-12-02T16:39:00.000000000,10,VanillaRNN,pm10,47.0,40.9842,6.0158
2026-12-02T16:28:00.000000000,2026-12-02T16:39:00.000000000,10,VanillaRNN,co2,1605.0,1301.5358,303.4642
2026-12-02T16:28:00.000000000,2026-12-02T16:39:00.000000000,10,VanillaRNN,voc,481.0,255.9741,225.0259
2026-12-02T16:29:00.000000000,2026-12-02T16:40:00.000000000,10,VanillaRNN,pm1,23.0,20.6987,2.3013
2026-12-02T16:29:00.000000000,2026-12-02T16:40:00.000000000,10,VanillaRNN,pm2_5,37.0,34.9443,2.0557
2026-12-02T16:29:00.000000000,2026-12-02T16:40:00.000000000,10,VanillaRNN,pm10,47.0,41.1631,5.8369
2026-12-02T16:29:00.000000000,2026-12-02T16:40:00.000000000,10,VanillaRNN,co2,1666.0,1472.738,193.262
2026-12-02T16:29:00.000000000,2026-12-02T16:40:00.000000000,10,VanillaRNN,voc,482.0,256.7847,225.2153
2026-12-02T16:30:00.000000000,2026-12-02T16:41:00.000000000,10,VanillaRNN,pm1,23.0,21.1611,1.8389
2026-12-02T16:30:00.000000000,2026-12-02T16:41:00.000000000,10,VanillaRNN,pm2_5,37.0,35.7507,1.2493
2026-12-02T16:30:00.000000000,2026-12-02T16:41:00.000000000,10,VanillaRNN,pm10,48.0,42.3487,5.6513
2026-12-02T16:30:00.000000000,2026-12-02T16:41:00.000000000,10,VanillaRNN,co2,1633.0,1359.848,273.152
2026-12-02T16:30:00.000000000,2026-12-02T16:41:00.000000000,10,VanillaRNN,voc,477.0,263.8807,213.1193
2026-12-02T16:31:00.000000000,2026-12-02T16:42:00.000000000,10,VanillaRNN,pm1,23.0,20.6427,2.3573
2026-12-02T16:31:00.000000000,2026-12-02T16:42:00.000000000,10,VanillaRNN,pm2_5,37.0,35.2546,1.7454
2026-12-02T16:31:00.000000000,2026-12-02T16:42:00.000000000,10,VanillaRNN,pm10,47.0,41.0824,5.9176
2026-12-02T16:31:00.000000000,2026-12-02T16:42:00.000000000,10,VanillaRNN,co2,1626.0,1482.637,143.363
2026-12-02T16:31:00.000000000,2026-12-02T16:42:00.000000000,10,VanillaRNN,voc,471.0,262.3204,208.6797
2026-12-02T16:32:00.000000000,2026-12-02T16:43:00.000000000,10,VanillaRNN,pm1,23.0,20.705,2.295
2026-12-02T16:32:00.000000000,2026-12-02T16:43:00.000000000,10,VanillaRNN,pm2_5,37.0,34.3534,2.6466
2026-12-02T16:32:00.000000000,2026-12-02T16:43:00.000000000,10,VanillaRNN,pm10,48.0,39.9373,8.0627
2026-12-02T16:32:00.000000000,2026-12-02T16:43:00.000000000,10,VanillaRNN,co2,1676.0,1546.3319,129.6681
2026-12-02T16:32:00.000000000,2026-12-02T16:43:00.000000000,10,VanillaRNN,voc,472.0,227.3723,244.6277
2026-12-02T16:33:00.000000000,2026-12-02T16:44:00.000000000,10,VanillaRNN,pm1,23.0,20.8293,2.1707
2026-12-02T16:33:00.000000000,2026-12-02T16:44:00.000000000,10,VanillaRNN,pm2_5,37.0,35.5937,1.4063
2026-12-02T16:33:00.000000000,2026-12-02T16:44:00.000000000,10,VanillaRNN,pm10,48.0,41.1561,6.8439
2026-12-02T16:33:00.000000000,2026-12-02T16:44:00.000000000,10,VanillaRNN,co2,1558.0,1415.6108,142.3892
2026-12-02T16:33:00.000000000,2026-12-02T16:44:00.000000000,10,VanillaRNN,voc,466.0,247.3824,218.6176
2026-12-02T16:34:00.000000000,2026-12-02T16:45:00.000000000,10,VanillaRNN,pm1,23.0,20.8655,2.1345
2026-12-02T16:34:00.000000000,2026-12-02T16:45:00.000000000,10,VanillaRNN,pm2_5,37.0,35.4909,1.5091
2026-12-02T16:34:00.000000000,2026-12-02T16:45:00.000000000,10,VanillaRNN,pm10,48.0,41.7262,6.2738
2026-12-02T16:34:00.000000000,2026-12-02T16:45:00.000000000,10,VanillaRNN,co2,1568.0,1347.5652,220.4348
2026-12-02T16:34:00.000000000,2026-12-02T16:45:00.000000000,10,VanillaRNN,voc,454.0,246.0794,207.9206
2026-12-02T16:36:00.000000000,2026-12-02T16:46:00.000000000,10,VanillaRNN,pm1,23.0,21.1087,1.8913
2026-12-02T16:36:00.000000000,2026-12-02T16:46:00.000000000,10,VanillaRNN,pm2_5,37.0,35.6077,1.3923
2026-12-02T16:36:00.000000000,2026-12-02T16:46:00.000000000,10,VanillaRNN,pm10,48.0,42.4202,5.5798
2026-12-02T16:36:00.000000000,2026-12-02T16:46:00.000000000,10,VanillaRNN,co2,1582.0,1378.271,203.729
2026-12-02T16:36:00.000000000,2026-12-02T16:46:00.000000000,10,VanillaRNN,voc,438.0,250.9904,187.0096
2026-12-02T16:37:00.000000000,2026-12-02T16:47:00.000000000,10,VanillaRNN,pm1,23.0,21.2535,1.7465
2026-12-02T16:37:00.000000000,2026-12-02T16:47:00.000000000,10,VanillaRNN,pm2_5,37.0,35.4079,1.5921
2026-12-02T16:37:00.000000000,2026-12-02T16:47:00.000000000,10,VanillaRNN,pm10,47.0,42.1396,4.8604
2026-12-02T16:37:00.000000000,2026-12-02T16:47:00.000000000,10,VanillaRNN,co2,1580.0,1472.4396,107.5604
2026-12-02T16:37:00.000000000,2026-12-02T16:47:00.000000000,10,VanillaRNN,voc,416.0,249.0234,166.9766
2026-12-02T16:38:00.000000000,2026-12-02T16:48:00.000000000,10,VanillaRNN,pm1,23.0,20.7214,2.2786
2026-12-02T16:38:00.000000000,2026-12-02T16:48:00.000000000,10,VanillaRNN,pm2_5,37.0,35.4032,1.5968
2026-12-02T16:38:00.000000000,2026-12-02T16:48:00.000000000,10,VanillaRNN,pm10,48.0,40.2375,7.7625
2026-12-02T16:38:00.000000000,2026-12-02T16:48:00.000000000,10,VanillaRNN,co2,1571.0,1509.2693,61.7307
2026-12-02T16:38:00.000000000,2026-12-02T16:48:00.000000000,10,VanillaRNN,voc,395.0,223.6083,171.3917
2026-12-02T16:39:00.000000000,2026-12-02T16:49:00.000000000,10,VanillaRNN,pm1,23.0,21.2543,1.7457
2026-12-02T16:39:00.000000000,2026-12-02T16:49:00.000000000,10,VanillaRNN,pm2_5,36.0,35.4126,0.5874
2026-12-02T16:39:00.000000000,2026-12-02T16:49:00.000000000,10,VanillaRNN,pm10,46.0,42.304,3.696
2026-12-02T16:39:00.000000000,2026-12-02T16:49:00.000000000,10,VanillaRNN,co2,1562.0,1294.6289,267.3711
2026-12-02T16:39:00.000000000,2026-12-02T16:49:00.000000000,10,VanillaRNN,voc,385.0,256.076,128.924
2026-12-02T16:40:00.000000000,2026-12-02T16:50:00.000000000,10,VanillaRNN,pm1,23.0,21.0566,1.9434
2026-12-02T16:40:00.000000000,2026-12-02T16:50:00.000000000,10,VanillaRNN,pm2_5,37.0,35.843,1.157
2026-12-02T16:40:00.000000000,2026-12-02T16:50:00.000000000,10,VanillaRNN,pm10,47.0,41.812,5.188
2026-12-02T16:40:00.000000000,2026-12-02T16:50:00.000000000,10,VanillaRNN,co2,1484.0,1426.5253,57.4747
2026-12-02T16:40:00.000000000,2026-12-02T16:50:00.000000000,10,VanillaRNN,voc,364.0,246.0868,117.9132
2026-12-02T16:41:00.000000000,2026-12-02T16:51:00.000000000,10,VanillaRNN,pm1,23.0,21.2004,1.7996
2026-12-02T16:41:00.000000000,2026-12-02T16:51:00.000000000,10,VanillaRNN,pm2_5,37.0,35.9123,1.0877
2026-12-02T16:41:00.000000000,2026-12-02T16:51:00.000000000,10,VanillaRNN,pm10,47.0,42.2195,4.7805
2026-12-02T16:41:00.000000000,2026-12-02T16:51:00.000000000,10,VanillaRNN,co2,1460.0,1430.4142,29.5858
2026-12-02T16:41:00.000000000,2026-12-02T16:51:00.000000000,10,VanillaRNN,voc,342.0,244.4019,97.5981
2026-12-02T16:42:00.000000000,2026-12-02T16:52:00.000000000,10,VanillaRNN,pm1,23.0,21.1595,1.8405
2026-12-02T16:42:00.000000000,2026-12-02T16:52:00.000000000,10,VanillaRNN,pm2_5,37.0,36.2553,0.7447
2026-12-02T16:42:00.000000000,2026-12-02T16:52:00.000000000,10,VanillaRNN,pm10,47.0,43.0071,3.9929
2026-12-02T16:42:00.000000000,2026-12-02T16:52:00.000000000,10,VanillaRNN,co2,1528.0,1351.5254,176.4746
2026-12-02T16:42:00.000000000,2026-12-02T16:52:00.000000000,10,VanillaRNN,voc,325.0,246.8538,78.1462
2026-12-02T16:43:00.000000000,2026-12-02T16:53:00.000000000,10,VanillaRNN,pm1,23.0,21.2349,1.7651
2026-12-02T16:43:00.000000000,2026-12-02T16:53:00.000000000,10,VanillaRNN,pm2_5,37.0,35.5742,1.4258
2026-12-02T16:43:00.000000000,2026-12-02T16:53:00.000000000,10,VanillaRNN,pm10,47.0,41.8917,5.1083
2026-12-02T16:43:00.000000000,2026-12-02T16:53:00.000000000,10,VanillaRNN,co2,1587.0,1428.5062,158.4938
2026-12-02T16:43:00.000000000,2026-12-02T16:53:00.000000000,10,VanillaRNN,voc,309.0,250.0872,58.9128
2026-12-02T16:44:00.000000000,2026-12-02T16:54:00.000000000,10,VanillaRNN,pm1,23.0,21.276,1.724
2026-12-02T16:44:00.000000000,2026-12-02T16:54:00.000000000,10,VanillaRNN,pm2_5,36.0,35.827,0.173
2026-12-02T16:44:00.000000000,2026-12-02T16:54:00.000000000,10,VanillaRNN,pm10,46.0,42.4267,3.5733
2026-12-02T16:44:00.000000000,2026-12-02T16:54:00.000000000,10,VanillaRNN,co2,1566.0,1420.7935,145.2065
2026-12-02T16:44:00.000000000,2026-12-02T16:54:00.000000000,10,VanillaRNN,voc,300.0,237.9459,62.0541
2026-12-02T16:45:00.000000000,2026-12-02T16:55:00.000000000,10,VanillaRNN,pm1,23.0,21.1746,1.8254
2026-12-02T16:45:00.000000000,2026-12-02T16:55:00.000000000,10,VanillaRNN,pm2_5,37.0,35.912,1.088
2026-12-02T16:45:00.000000000,2026-12-02T16:55:00.000000000,10,VanillaRNN,pm10,48.0,42.344,5.656
2026-12-02T16:45:00.000000000,2026-12-02T16:55:00.000000000,10,VanillaRNN,co2,1579.0,1369.7524,209.2476
2026-12-02T16:45:00.000000000,2026-12-02T16:55:00.000000000,10,VanillaRNN,voc,290.0,249.6093,40.3907
2026-12-02T16:46:00.000000000,2026-12-02T16:56:00.000000000,10,VanillaRNN,pm1,23.0,21.3802,1.6198
2026-12-02T16:46:00.000000000,2026-12-02T16:56:00.000000000,10,VanillaRNN,pm2_5,36.0,35.7409,0.2591
2026-12-02T16:46:00.000000000,2026-12-02T16:56:00.000000000,10,VanillaRNN,pm10,47.0,42.5825,4.4175
2026-12-02T16:46:00.000000000,2026-12-02T16:56:00.000000000,10,VanillaRNN,co2,1549.0,1404.3499,144.6501
2026-12-02T16:46:00.000000000,2026-12-02T16:56:00.000000000,10,VanillaRNN,voc,280.0,234.0961,45.9039
2026-12-02T16:47:00.000000000,2026-12-02T16:57:00.000000000,10,VanillaRNN,pm1,23.0,21.2278,1.7722
2026-12-02T16:47:00.000000000,2026-12-02T16:57:00.000000000,10,VanillaRNN,pm2_5,37.0,36.2815,0.7185
2026-12-02T16:47:00.000000000,2026-12-02T16:57:00.000000000,10,VanillaRNN,pm10,47.0,43.1396,3.8604
2026-12-02T16:47:00.000000000,2026-12-02T16:57:00.000000000,10,VanillaRNN,co2,1527.0,1384.3381,142.6619
2026-12-02T16:47:00.000000000,2026-12-02T16:57:00.000000000,10,VanillaRNN,voc,272.0,230.88,41.12
2026-12-02T16:48:00.000000000,2026-12-02T16:58:00.000000000,10,VanillaRNN,pm1,23.0,21.3384,1.6616
2026-12-02T16:48:00.000000000,2026-12-02T16:58:00.000000000,10,VanillaRNN,pm2_5,37.0,36.2478,0.7522
2026-12-02T16:48:00.000000000,2026-12-02T16:58:00.000000000,10,VanillaRNN,pm10,47.0,43.2557,3.7443
2026-12-02T16:48:00.000000000,2026-12-02T16:58:00.000000000,10,VanillaRNN,co2,1472.0,1412.1458,59.8542
2026-12-02T16:48:00.000000000,2026-12-02T16:58:00.000000000,10,VanillaRNN,voc,260.0,224.9059,35.0941
2026-12-02T16:49:00.000000000,2026-12-02T16:59:00.000000000,10,VanillaRNN,pm1,23.0,21.4154,1.5846
2026-12-02T16:49:00.000000000,2026-12-02T16:59:00.000000000,10,VanillaRNN,pm2_5,37.0,36.2501,0.7499
2026-12-02T16:49:00.000000000,2026-12-02T16:59:00.000000000,10,VanillaRNN,pm10,47.0,44.2322,2.7678
2026-12-02T16:49:00.000000000,2026-12-02T16:59:00.000000000,10,VanillaRNN,co2,1413.0,1354.5258,58.4742
2026-12-02T16:49:00.000000000,2026-12-02T16:59:00.000000000,10,VanillaRNN,voc,240.0,205.0743,34.9257
2026-12-02T16:50:00.000000000,2026-12-02T17:00:00.000000000,10,VanillaRNN,pm1,23.0,21.1606,1.8394
2026-12-02T16:50:00.000000000,2026-12-02T17:00:00.000000000,10,VanillaRNN,pm2_5,37.0,35.1706,1.8294
2026-12-02T16:50:00.000000000,2026-12-02T17:00:00.000000000,10,VanillaRNN,pm10,48.0,41.1195,6.8805
2026-12-02T16:50:00.000000000,2026-12-02T17:00:00.000000000,10,VanillaRNN,co2,1387.0,1413.1473,-26.1473
2026-12-02T16:50:00.000000000,2026-12-02T17:00:00.000000000,10,VanillaRNN,voc,229.0,212.6885,16.3115
2026-12-02T16:51:00.000000000,2026-12-02T17:01:00.000000000,10,VanillaRNN,pm1,23.0,21.9275,1.0725
2026-12-02T16:51:00.000000000,2026-12-02T17:01:00.000000000,10,VanillaRNN,pm2_5,37.0,36.4158,0.5842
2026-12-02T16:51:00.000000000,2026-12-02T17:01:00.000000000,10,VanillaRNN,pm10,48.0,45.6783,2.3217
2026-12-02T16:51:00.000000000,2026-12-02T17:01:00.000000000,10,VanillaRNN,co2,1360.0,1466.8959,-106.8959
2026-12-02T16:51:00.000000000,2026-12-02T17:01:00.000000000,10,VanillaRNN,voc,208.0,205.5682,2.4318
2026-12-02T16:52:00.000000000,2026-12-02T17:02:00.000000000,10,VanillaRNN,pm1,23.0,21.0471,1.9529
2026-12-02T16:52:00.000000000,2026-12-02T17:02:00.000000000,10,VanillaRNN,pm2_5,36.0,35.9207,0.0793
2026-12-02T16:52:00.000000000,2026-12-02T17:02:00.000000000,10,VanillaRNN,pm10,47.0,42.8568,4.1432
2026-12-02T16:52:00.000000000,2026-12-02T17:02:00.000000000,10,VanillaRNN,co2,1326.0,1381.6382,-55.6382
2026-12-02T16:52:00.000000000,2026-12-02T17:02:00.000000000,10,VanillaRNN,voc,195.0,182.6684,12.3316
2026-12-02T16:53:00.000000000,2026-12-02T17:03:00.000000000,10,VanillaRNN,pm1,23.0,21.5146,1.4854
2026-12-02T16:53:00.000000000,2026-12-02T17:03:00.000000000,10,VanillaRNN,pm2_5,36.0,35.5468,0.4532
2026-12-02T16:53:00.000000000,2026-12-02T17:03:00.000000000,10,VanillaRNN,pm10,47.0,43.166,3.834
2026-12-02T16:53:00.000000000,2026-12-02T17:03:00.000000000,10,VanillaRNN,co2,1361.0,1363.4789,-2.4789
2026-12-02T16:53:00.000000000,2026-12-02T17:03:00.000000000,10,VanillaRNN,voc,193.0,183.038,9.962
2026-12-02T16:54:00.000000000,2026-12-02T17:04:00.000000000,10,VanillaRNN,pm1,23.0,21.5407,1.4593
2026-12-02T16:54:00.000000000,2026-12-02T17:04:00.000000000,10,VanillaRNN,pm2_5,37.0,36.246,0.754
2026-12-02T16:54:00.000000000,2026-12-02T17:04:00.000000000,10,VanillaRNN,pm10,47.0,43.8098,3.1902
2026-12-02T16:54:00.000000000,2026-12-02T17:04:00.000000000,10,VanillaRNN,co2,1329.0,1378.4287,-49.4287
2026-12-02T16:54:00.000000000,2026-12-02T17:04:00.000000000,10,VanillaRNN,voc,182.0,180.3291,1.6709
2026-12-02T16:55:00.000000000,2026-12-02T17:05:00.000000000,10,VanillaRNN,pm1,24.0,21.5,2.5
2026-12-02T16:55:00.000000000,2026-12-02T17:05:00.000000000,10,VanillaRNN,pm2_5,38.0,36.006,1.994
2026-12-02T16:55:00.000000000,2026-12-02T17:05:00.000000000,10,VanillaRNN,pm10,48.0,42.8233,5.1767
2026-12-02T16:55:00.000000000,2026-12-02T17:05:00.000000000,10,VanillaRNN,co2,1343.0,1416.353,-73.353
2026-12-02T16:55:00.000000000,2026-12-02T17:05:00.000000000,10,VanillaRNN,voc,177.0,188.7762,-11.7762
2026-12-02T16:56:00.000000000,2026-12-02T17:06:00.000000000,10,VanillaRNN,pm1,24.0,22.2186,1.7814
2026-12-02T16:56:00.000000000,2026-12-02T17:06:00.000000000,10,VanillaRNN,pm2_5,38.0,37.0646,0.9354
2026-12-02T16:56:00.000000000,2026-12-02T17:06:00.000000000,10,VanillaRNN,pm10,49.0,46.8647,2.1353
2026-12-02T16:56:00.000000000,2026-12-02T17:06:00.000000000,10,VanillaRNN,co2,1351.0,1395.3104,-44.3104
2026-12-02T16:56:00.000000000,2026-12-02T17:06:00.000000000,10,VanillaRNN,voc,168.0,192.8409,-24.8409
2026-12-02T16:57:00.000000000,2026-12-02T17:07:00.000000000,10,VanillaRNN,pm1,24.0,21.1871,2.8129
2026-12-02T16:57:00.000000000,2026-12-02T17:07:00.000000000,10,VanillaRNN,pm2_5,38.0,36.2385,1.7615
2026-12-02T16:57:00.000000000,2026-12-02T17:07:00.000000000,10,VanillaRNN,pm10,48.0,42.6538,5.3462
2026-12-02T16:57:00.000000000,2026-12-02T17:07:00.000000000,10,VanillaRNN,co2,1307.0,1458.4614,-151.4614
2026-12-02T16:57:00.000000000,2026-12-02T17:07:00.000000000,10,VanillaRNN,voc,162.0,183.8038,-21.8038
2026-12-02T16:58:00.000000000,2026-12-02T17:08:00.000000000,10,VanillaRNN,pm1,24.0,22.229,1.771
2026-12-02T16:58:00.000000000,2026-12-02T17:08:00.000000000,10,VanillaRNN,pm2_5,38.0,36.9783,1.0217
2026-12-02T16:58:00.000000000,2026-12-02T17:08:00.000000000,10,VanillaRNN,pm10,48.0,46.0967,1.9033
2026-12-02T16:58:00.000000000,2026-12-02T17:08:00.000000000,10,VanillaRNN,co2,1328.0,1545.0958,-217.0958
2026-12-02T16:58:00.000000000,2026-12-02T17:08:00.000000000,10,VanillaRNN,voc,153.0,199.9554,-46.9554
2026-12-02T16:59:00.000000000,2026-12-02T17:09:00.000000000,10,VanillaRNN,pm1,24.0,21.3335,2.6665
2026-12-02T16:59:00.000000000,2026-12-02T17:09:00.000000000,10,VanillaRNN,pm2_5,38.0,36.6168,1.3832
2026-12-02T16:59:00.000000000,2026-12-02T17:09:00.000000000,10,VanillaRNN,pm10,48.0,43.8582,4.1418
2026-12-02T16:59:00.000000000,2026-12-02T17:09:00.000000000,10,VanillaRNN,co2,1330.0,1543.4971,-213.4971
2026-12-02T16:59:00.000000000,2026-12-02T17:09:00.000000000,10,VanillaRNN,voc,148.0,160.3849,-12.3849
2026-12-02T17:00:00.000000000,2026-12-02T17:10:00.000000000,10,VanillaRNN,pm1,24.0,21.5878,2.4122
2026-12-02T17:00:00.000000000,2026-12-02T17:10:00.000000000,10,VanillaRNN,pm2_5,38.0,36.8703,1.1297
2026-12-02T17:00:00.000000000,2026-12-02T17:10:00.000000000,10,VanillaRNN,pm10,49.0,44.6915,4.3085
2026-12-02T17:00:00.000000000,2026-12-02T17:10:00.000000000,10,VanillaRNN,co2,1290.0,1470.1353,-180.1353
2026-12-02T17:00:00.000000000,2026-12-02T17:10:00.000000000,10,VanillaRNN,voc,141.0,177.1851,-36.1851
2026-12-02T17:01:00.000000000,2026-12-02T17:11:00.000000000,10,VanillaRNN,pm1,24.0,21.5094,2.4906
2026-12-02T17:01:00.000000000,2026-12-02T17:11:00.000000000,10,VanillaRNN,pm2_5,38.0,36.5118,1.4882
2026-12-02T17:01:00.000000000,2026-12-02T17:11:00.000000000,10,VanillaRNN,pm10,49.0,44.5264,4.4736
2026-12-02T17:01:00.000000000,2026-12-02T17:11:00.000000000,10,VanillaRNN,co2,1294.0,1393.0513,-99.0513
2026-12-02T17:01:00.000000000,2026-12-02T17:11:00.000000000,10,VanillaRNN,voc,134.0,158.8095,-24.8095
2026-12-02T17:02:00.000000000,2026-12-02T17:12:00.000000000,10,VanillaRNN,pm1,24.0,21.611,2.389
2026-12-02T17:02:00.000000000,2026-12-02T17:12:00.000000000,10,VanillaRNN,pm2_5,38.0,36.8835,1.1165
2026-12-02T17:02:00.000000000,2026-12-02T17:12:00.000000000,10,VanillaRNN,pm10,48.0,44.9182,3.0818
2026-12-02T17:02:00.000000000,2026-12-02T17:12:00.000000000,10,VanillaRNN,co2,1298.0,1374.8357,-76.8357
2026-12-02T17:02:00.000000000,2026-12-02T17:12:00.000000000,10,VanillaRNN,voc,127.0,168.6246,-41.6246
2026-12-02T17:03:00.000000000,2026-12-02T17:13:00.000000000,10,VanillaRNN,pm1,24.0,21.423,2.577
2026-12-02T17:03:00.000000000,2026-12-02T17:13:00.000000000,10,VanillaRNN,pm2_5,38.0,36.4379,1.5621
2026-12-02T17:03:00.000000000,2026-12-02T17:13:00.000000000,10,VanillaRNN,pm10,49.0,43.3756,5.6244
2026-12-02T17:03:00.000000000,2026-12-02T17:13:00.000000000,10,VanillaRNN,co2,1285.0,1434.9191,-149.9191
2026-12-02T17:03:00.000000000,2026-12-02T17:13:00.000000000,10,VanillaRNN,voc,124.0,162.1104,-38.1104
2026-12-02T17:04:00.000000000,2026-12-02T17:14:00.000000000,10,VanillaRNN,pm1,24.0,22.0014,1.9986
2026-12-02T17:04:00.000000000,2026-12-02T17:14:00.000000000,10,VanillaRNN,pm2_5,37.0,36.9013,0.0987
2026-12-02T17:04:00.000000000,2026-12-02T17:14:00.000000000,10,VanillaRNN,pm10,48.0,44.9277,3.0723
2026-12-02T17:04:00.000000000,2026-12-02T17:14:00.000000000,10,VanillaRNN,co2,1308.0,1436.6149,-128.6149
2026-12-02T17:04:00.000000000,2026-12-02T17:14:00.000000000,10,VanillaRNN,voc,121.0,169.387,-48.387
2026-12-02T17:05:00.000000000,2026-12-02T17:15:00.000000000,10,VanillaRNN,pm1,24.0,21.8614,2.1386
2026-12-02T17:05:00.000000000,2026-12-02T17:15:00.000000000,10,VanillaRNN,pm2_5,38.0,37.471,0.529
2026-12-02T17:05:00.000000000,2026-12-02T17:15:00.000000000,10,VanillaRNN,pm10,48.0,45.9861,2.0139
2026-12-02T17:05:00.000000000,2026-12-02T17:15:00.000000000,10,VanillaRNN,co2,1308.0,1510.1189,-202.1189
2026-12-02T17:05:00.000000000,2026-12-02T17:15:00.000000000,10,VanillaRNN,voc,120.0,159.6954,-39.6954
2026-12-02T17:06:00.000000000,2026-12-02T17:16:00.000000000,10,VanillaRNN,pm1,24.0,21.238,2.762
2026-12-02T17:06:00.000000000,2026-12-02T17:16:00.000000000,10,VanillaRNN,pm2_5,38.0,36.8827,1.1173
2026-12-02T17:06:00.000000000,2026-12-02T17:16:00.000000000,10,VanillaRNN,pm10,48.0,44.5508,3.4492
2026-12-02T17:06:00.000000000,2026-12-02T17:16:00.000000000,10,VanillaRNN,co2,1309.0,1523.3599,-214.3599
2026-12-02T17:06:00.000000000,2026-12-02T17:16:00.000000000,10,VanillaRNN,voc,112.0,137.5754,-25.5754
2026-12-02T17:07:00.000000000,2026-12-02T17:17:00.000000000,10,VanillaRNN,pm1,24.0,21.3825,2.6175
2026-12-02T17:07:00.000000000,2026-12-02T17:17:00.000000000,10,VanillaRNN,pm2_5,38.0,36.6964,1.3036
2026-12-02T17:07:00.000000000,2026-12-02T17:17:00.000000000,10,VanillaRNN,pm10,48.0,44.3285,3.6715
2026-12-02T17:07:00.000000000,2026-12-02T17:17:00.000000000,10,VanillaRNN,co2,1321.0,1370.9541,-49.9541
2026-12-02T17:07:00.000000000,2026-12-02T17:17:00.000000000,10,VanillaRNN,voc,109.0,140.8355,-31.8355
2026-12-02T17:08:00.000000000,2026-12-02T17:18:00.000000000,10,VanillaRNN,pm1,24.0,21.677,2.323
2026-12-02T17:08:00.000000000,2026-12-02T17:18:00.000000000,10,VanillaRNN,pm2_5,38.0,36.609,1.391
2026-12-02T17:08:00.000000000,2026-12-02T17:18:00.000000000,10,VanillaRNN,pm10,48.0,44.1033,3.8967
2026-12-02T17:08:00.000000000,2026-12-02T17:18:00.000000000,10,VanillaRNN,co2,1300.0,1440.6394,-140.6394
2026-12-02T17:08:00.000000000,2026-12-02T17:18:00.000000000,10,VanillaRNN,voc,105.0,149.6965,-44.6965
2026-12-02T17:09:00.000000000,2026-12-02T17:19:00.000000000,10,VanillaRNN,pm1,24.0,21.7724,2.2276
2026-12-02T17:09:00.000000000,2026-12-02T17:19:00.000000000,10,VanillaRNN,pm2_5,38.0,36.9601,1.0399
2026-12-02T17:09:00.000000000,2026-12-02T17:19:00.000000000,10,VanillaRNN,pm10,47.0,45.0801,1.9199
2026-12-02T17:09:00.000000000,2026-12-02T17:19:00.000000000,10,VanillaRNN,co2,1271.0,1473.484,-202.484
2026-12-02T17:09:00.000000000,2026-12-02T17:19:00.000000000,10,VanillaRNN,voc,100.0,133.3489,-33.3489
2026-12-02T17:10:00.000000000,2026-12-02T17:20:00.000000000,10,VanillaRNN,pm1,24.0,21.6982,2.3018
2026-12-02T17:10:00.000000000,2026-12-02T17:20:00.000000000,10,VanillaRNN,pm2_5,38.0,36.9805,1.0195
2026-12-02T17:10:00.000000000,2026-12-02T17:20:00.000000000,10,VanillaRNN,pm10,48.0,44.5854,3.4146
2026-12-02T17:10:00.000000000,2026-12-02T17:20:00.000000000,10,VanillaRNN,co2,1304.0,1417.9646,-113.9646
2026-12-02T17:10:00.000000000,2026-12-02T17:20:00.000000000,10,VanillaRNN,voc,101.0,140.3401,-39.3401
2026-12-02T17:11:00.000000000,2026-12-02T17:21:00.000000000,10,VanillaRNN,pm1,23.0,21.842,1.158
2026-12-02T17:11:00.000000000,2026-12-02T17:21:00.000000000,10,VanillaRNN,pm2_5,38.0,37.2798,0.7202
2026-12-02T17:11:00.000000000,2026-12-02T17:21:00.000000000,10,VanillaRNN,pm10,49.0,45.6168,3.3832
2026-12-02T17:11:00.000000000,2026-12-02T17:21:00.000000000,10,VanillaRNN,co2,1288.0,1391.7958,-103.7958
2026-12-02T17:11:00.000000000,2026-12-02T17:21:00.000000000,10,VanillaRNN,voc,100.0,141.6062,-41.6062
2026-12-02T17:12:00.000000000,2026-12-02T17:22:00.000000000,10,VanillaRNN,pm1,23.0,21.8331,1.1669
2026-12-02T17:12:00.000000000,2026-12-02T17:22:00.000000000,10,VanillaRNN,pm2_5,38.0,37.0737,0.9263
2026-12-02T17:12:00.000000000,2026-12-02T17:22:00.000000000,10,VanillaRNN,pm10,48.0,45.1082,2.8918
2026-12-02T17:12:00.000000000,2026-12-02T17:22:00.000000000,10,VanillaRNN,co2,1292.0,1406.3708,-114.3708
2026-12-02T17:12:00.000000000,2026-12-02T17:22:00.000000000,10,VanillaRNN,voc,98.0,148.2505,-50.2505
2026-12-02T17:13:00.000000000,2026-12-02T17:23:00.000000000,10,VanillaRNN,pm1,24.0,21.8126,2.1874
2026-12-02T17:13:00.000000000,2026-12-02T17:23:00.000000000,10,VanillaRNN,pm2_5,39.0,36.997,2.003
2026-12-02T17:13:00.000000000,2026-12-02T17:23:00.000000000,10,VanillaRNN,pm10,50.0,44.747,5.253
2026-12-02T17:13:00.000000000,2026-12-02T17:23:00.000000000,10,VanillaRNN,co2,1315.0,1511.1584,-196.1584
2026-12-02T17:13:00.000000000,2026-12-02T17:23:00.000000000,10,VanillaRNN,voc,95.0,144.4672,-49.4672
2026-12-02T17:14:00.000000000,2026-12-02T17:24:00.000000000,10,VanillaRNN,pm1,24.0,21.8633,2.1367
2026-12-02T17:14:00.000000000,2026-12-02T17:24:00.000000000,10,VanillaRNN,pm2_5,38.0,37.2,0.8
2026-12-02T17:14:00.000000000,2026-12-02T17:24:00.000000000,10,VanillaRNN,pm10,49.0,45.3687,3.6313
2026-12-02T17:14:00.000000000,2026-12-02T17:24:00.000000000,10,VanillaRNN,co2,1297.0,1429.9697,-132.9697
2026-12-02T17:14:00.000000000,2026-12-02T17:24:00.000000000,10,VanillaRNN,voc,90.0,133.8285,-43.8285
2026-12-02T17:15:00.000000000,2026-12-02T17:25:00.000000000,10,VanillaRNN,pm1,24.0,21.6006,2.3994
2026-12-02T17:15:00.000000000,2026-12-02T17:25:00.000000000,10,VanillaRNN,pm2_5,38.0,36.6962,1.3038
2026-12-02T17:15:00.000000000,2026-12-02T17:25:00.000000000,10,VanillaRNN,pm10,50.0,43.4046,6.5954
2026-12-02T17:15:00.000000000,2026-12-02T17:25:00.000000000,10,VanillaRNN,co2,1303.0,1435.903,-132.903
2026-12-02T17:15:00.000000000,2026-12-02T17:25:00.000000000,10,VanillaRNN,voc,87.0,147.3299,-60.3299
2026-12-02T17:16:00.000000000,2026-12-02T17:26:00.000000000,10,VanillaRNN,pm1,24.0,22.2497,1.7503
2026-12-02T17:16:00.000000000,2026-12-02T17:26:00.000000000,10,VanillaRNN,pm2_5,38.0,37.3367,0.6633
2026-12-02T17:16:00.000000000,2026-12-02T17:26:00.000000000,10,VanillaRNN,pm10,49.0,46.5282,2.4718
2026-12-02T17:16:00.000000000,2026-12-02T17:26:00.000000000,10,VanillaRNN,co2,1311.0,1524.8759,-213.8759
2026-12-02T17:16:00.000000000,2026-12-02T17:26:00.000000000,10,VanillaRNN,voc,84.0,152.2622,-68.2622
2026-12-02T17:17:00.000000000,2026-12-02T17:27:00.000000000,10,VanillaRNN,pm1,24.0,21.5043,2.4957
2026-12-02T17:17:00.000000000,2026-12-02T17:27:00.000000000,10,VanillaRNN,pm2_5,38.0,37.1181,0.8819
2026-12-02T17:17:00.000000000,2026-12-02T17:27:00.000000000,10,VanillaRNN,pm10,48.0,44.5325,3.4675
2026-12-02T17:17:00.000000000,2026-12-02T17:27:00.000000000,10,VanillaRNN,co2,1266.0,1516.915,-250.915
2026-12-02T17:17:00.000000000,2026-12-02T17:27:00.000000000,10,VanillaRNN,voc,85.0,125.1613,-40.1613
2026-12-02T17:18:00.000000000,2026-12-02T17:28:00.000000000,10,VanillaRNN,pm1,24.0,21.7676,2.2324
2026-12-02T17:18:00.000000000,2026-12-02T17:28:00.000000000,10,VanillaRNN,pm2_5,38.0,36.8558,1.1442
2026-12-02T17:18:00.000000000,2026-12-02T17:28:00.000000000,10,VanillaRNN,pm10,48.0,44.6374,3.3626
2026-12-02T17:18:00.000000000,2026-12-02T17:28:00.000000000,10,VanillaRNN,co2,1277.0,1473.1448,-196.1448
2026-12-02T17:18:00.000000000,2026-12-02T17:28:00.000000000,10,VanillaRNN,voc,83.0,135.4333,-52.4333
2026-12-02T17:19:00.000000000,2026-12-02T17:29:00.000000000,10,VanillaRNN,pm1,24.0,21.7619,2.2381
2026-12-02T17:19:00.000000000,2026-12-02T17:29:00.000000000,10,VanillaRNN,pm2_5,38.0,36.8243,1.1757
2026-12-02T17:19:00.000000000,2026-12-02T17:29:00.000000000,10,VanillaRNN,pm10,49.0,44.6779,4.3221
2026-12-02T17:19:00.000000000,2026-12-02T17:29:00.000000000,10,VanillaRNN,co2,1303.0,1487.0449,-184.0449
2026-12-02T17:19:00.000000000,2026-12-02T17:29:00.000000000,10,VanillaRNN,voc,80.0,131.2932,-51.2932
2026-12-02T17:20:00.000000000,2026-12-02T17:30:00.000000000,10,VanillaRNN,pm1,24.0,21.7506,2.2494
2026-12-02T17:20:00.000000000,2026-12-02T17:30:00.000000000,10,VanillaRNN,pm2_5,37.0,36.7797,0.2203
2026-12-02T17:20:00.000000000,2026-12-02T17:30:00.000000000,10,VanillaRNN,pm10,48.0,44.3328,3.6672
2026-12-02T17:20:00.000000000,2026-12-02T17:30:00.000000000,10,VanillaRNN,co2,1328.0,1540.8386,-212.8386
2026-12-02T17:20:00.000000000,2026-12-02T17:30:00.000000000,10,VanillaRNN,voc,80.0,136.2197,-56.2197
2026-12-02T17:21:00.000000000,2026-12-02T17:31:00.000000000,10,VanillaRNN,pm1,24.0,21.7228,2.2772
2026-12-02T17:21:00.000000000,2026-12-02T17:31:00.000000000,10,VanillaRNN,pm2_5,38.0,36.9064,1.0936
2026-12-02T17:21:00.000000000,2026-12-02T17:31:00.000000000,10,VanillaRNN,pm10,48.0,44.7431,3.2569
2026-12-02T17:21:00.000000000,2026-12-02T17:31:00.000000000,10,VanillaRNN,co2,1267.0,1482.4425,-215.4425
2026-12-02T17:21:00.000000000,2026-12-02T17:31:00.000000000,10,VanillaRNN,voc,79.0,126.1665,-47.1665
2026-12-02T17:22:00.000000000,2026-12-02T17:32:00.000000000,10,VanillaRNN,pm1,24.0,22.0252,1.9748
2026-12-02T17:22:00.000000000,2026-12-02T17:32:00.000000000,10,VanillaRNN,pm2_5,38.0,37.2551,0.7449
2026-12-02T17:22:00.000000000,2026-12-02T17:32:00.000000000,10,VanillaRNN,pm10,49.0,45.4346,3.5654
2026-12-02T17:22:00.000000000,2026-12-02T17:32:00.000000000,10,VanillaRNN,co2,1245.0,1301.4956,-56.4956
2026-12-02T17:22:00.000000000,2026-12-02T17:32:00.000000000,10,VanillaRNN,voc,79.0,139.5449,-60.5449
2026-12-02T17:23:00.000000000,2026-12-02T17:33:00.000000000,10,VanillaRNN,pm1,24.0,21.7404,2.2596
2026-12-02T17:23:00.000000000,2026-12-02T17:33:00.000000000,10,VanillaRNN,pm2_5,38.0,36.9045,1.0955
2026-12-02T17:23:00.000000000,2026-12-02T17:33:00.000000000,10,VanillaRNN,pm10,49.0,44.2874,4.7126
2026-12-02T17:23:00.000000000,2026-12-02T17:33:00.000000000,10,VanillaRNN,co2,1258.0,1481.194,-223.194
2026-12-02T17:23:00.000000000,2026-12-02T17:33:00.000000000,10,VanillaRNN,voc,76.0,141.0886,-65.0886
2026-12-02T17:24:00.000000000,2026-12-02T17:34:00.000000000,10,VanillaRNN,pm1,24.0,21.579,2.421
2026-12-02T17:24:00.000000000,2026-12-02T17:34:00.000000000,10,VanillaRNN,pm2_5,39.0,37.0322,1.9678
2026-12-02T17:24:00.000000000,2026-12-02T17:34:00.000000000,10,VanillaRNN,pm10,49.0,45.7295,3.2705
2026-12-02T17:24:00.000000000,2026-12-02T17:34:00.000000000,10,VanillaRNN,co2,1265.0,1488.6663,-223.6663
2026-12-02T17:24:00.000000000,2026-12-02T17:34:00.000000000,10,VanillaRNN,voc,74.0,127.2012,-53.2012
2026-12-02T17:25:00.000000000,2026-12-02T17:35:00.000000000,10,VanillaRNN,pm1,24.0,21.2134,2.7866
2026-12-02T17:25:00.000000000,2026-12-02T17:35:00.000000000,10,VanillaRNN,pm2_5,38.0,36.2368,1.7632
2026-12-02T17:25:00.000000000,2026-12-02T17:35:00.000000000,10,VanillaRNN,pm10,49.0,42.3298,6.6702
2026-12-02T17:25:00.000000000,2026-12-02T17:35:00.000000000,10,VanillaRNN,co2,1275.0,1417.474,-142.474
2026-12-02T17:25:00.000000000,2026-12-02T17:35:00.000000000,10,VanillaRNN,voc,73.0,138.0554,-65.0554
2026-12-02T17:26:00.000000000,2026-12-02T17:36:00.000000000,10,VanillaRNN,pm1,24.0,22.0747,1.9253
2026-12-02T17:26:00.000000000,2026-12-02T17:36:00.000000000,10,VanillaRNN,pm2_5,39.0,36.9777,2.0223
2026-12-02T17:26:00.000000000,2026-12-02T17:36:00.000000000,10,VanillaRNN,pm10,50.0,45.93,4.07
2026-12-02T17:26:00.000000000,2026-12-02T17:36:00.000000000,10,VanillaRNN,co2,1276.0,1436.5894,-160.5894
2026-12-02T17:26:00.000000000,2026-12-02T17:36:00.000000000,10,VanillaRNN,voc,75.0,138.9435,-63.9435
2026-12-02T17:27:00.000000000,2026-12-02T17:37:00.000000000,10,VanillaRNN,pm1,24.0,21.6632,2.3368
2026-12-02T17:27:00.000000000,2026-12-02T17:37:00.000000000,10,VanillaRNN,pm2_5,39.0,36.5322,2.4678
2026-12-02T17:27:00.000000000,2026-12-02T17:37:00.000000000,10,VanillaRNN,pm10,49.0,44.1603,4.8397
2026-12-02T17:27:00.000000000,2026-12-02T17:37:00.000000000,10,VanillaRNN,co2,1271.0,1480.4552,-209.4552
2026-12-02T17:27:00.000000000,2026-12-02T17:37:00.000000000,10,VanillaRNN,voc,75.0,126.433,-51.433
2026-12-02T17:28:00.000000000,2026-12-02T17:38:00.000000000,10,VanillaRNN,pm1,23.0,21.7864,1.2136
2026-12-02T17:28:00.000000000,2026-12-02T17:38:00.000000000,10,VanillaRNN,pm2_5,38.0,36.6485,1.3515
2026-12-02T17:28:00.000000000,2026-12-02T17:38:00.000000000,10,VanillaRNN,pm10,48.0,44.2832,3.7168
2026-12-02T17:28:00.000000000,2026-12-02T17:38:00.000000000,10,VanillaRNN,co2,1260.0,1577.9214,-317.9214
2026-12-02T17:28:00.000000000,2026-12-02T17:38:00.000000000,10,VanillaRNN,voc,75.0,123.6276,-48.6276
2026-12-02T17:29:00.000000000,2026-12-02T17:39:00.000000000,10,VanillaRNN,pm1,24.0,21.8008,2.1992
2026-12-02T17:29:00.000000000,2026-12-02T17:39:00.000000000,10,VanillaRNN,pm2_5,38.0,36.9158,1.0842
2026-12-02T17:29:00.000000000,2026-12-02T17:39:00.000000000,10,VanillaRNN,pm10,47.0,44.6762,2.3238
2026-12-02T17:29:00.000000000,2026-12-02T17:39:00.000000000,10,VanillaRNN,co2,1250.0,1543.3563,-293.3563
2026-12-02T17:29:00.000000000,2026-12-02T17:39:00.000000000,10,VanillaRNN,voc,74.0,120.2824,-46.2824
2026-12-02T17:30:00.000000000,2026-12-02T17:40:00.000000000,10,VanillaRNN,pm1,23.0,21.7026,1.2974
2026-12-02T17:30:00.000000000,2026-12-02T17:40:00.000000000,10,VanillaRNN,pm2_5,36.0,36.9638,-0.9638
2026-12-02T17:30:00.000000000,2026-12-02T17:40:00.000000000,10,VanillaRNN,pm10,47.0,45.0065,1.9935
2026-12-02T17:30:00.000000000,2026-12-02T17:40:00.000000000,10,VanillaRNN,co2,1232.0,1432.8224,-200.8224
2026-12-02T17:30:00.000000000,2026-12-02T17:40:00.000000000,10,VanillaRNN,voc,76.0,122.2869,-46.2869
2026-12-02T17:31:00.000000000,2026-12-02T17:41:00.000000000,10,VanillaRNN,pm1,22.0,21.4787,0.5213
2026-12-02T17:31:00.000000000,2026-12-02T17:41:00.000000000,10,VanillaRNN,pm2_5,36.0,36.4231,-0.4231
2026-12-02T17:31:00.000000000,2026-12-02T17:41:00.000000000,10,VanillaRNN,pm10,46.0,43.235,2.765
2026-12-02T17:31:00.000000000,2026-12-02T17:41:00.000000000,10,VanillaRNN,co2,1170.0,1459.202,-289.202
2026-12-02T17:31:00.000000000,2026-12-02T17:41:00.000000000,10,VanillaRNN,voc,78.0,139.234,-61.234
2026-12-02T17:32:00.000000000,2026-12-02T17:42:00.000000000,10,VanillaRNN,pm1,21.0,22.21,-1.21
2026-12-02T17:32:00.000000000,2026-12-02T17:42:00.000000000,10,VanillaRNN,pm2_5,35.0,37.1984,-2.1984
2026-12-02T17:32:00.000000000,2026-12-02T17:42:00.000000000,10,VanillaRNN,pm10,45.0,46.4984,-1.4984
2026-12-02T17:32:00.000000000,2026-12-02T17:42:00.000000000,10,VanillaRNN,co2,1184.0,1547.6537,-363.6537
2026-12-02T17:32:00.000000000,2026-12-02T17:42:00.000000000,10,VanillaRNN,voc,79.0,141.8803,-62.8803
2026-12-02T17:33:00.000000000,2026-12-02T17:43:00.000000000,10,VanillaRNN,pm1,21.0,21.4946,-0.4946
2026-12-02T17:33:00.000000000,2026-12-02T17:43:00.000000000,10,VanillaRNN,pm2_5,34.0,36.9658,-2.9658
2026-12-02T17:33:00.000000000,2026-12-02T17:43:00.000000000,10,VanillaRNN,pm10,42.0,44.5042,-2.5042
2026-12-02T17:33:00.000000000,2026-12-02T17:43:00.000000000,10,VanillaRNN,co2,1215.0,1470.8837,-255.8837
2026-12-02T17:33:00.000000000,2026-12-02T17:43:00.000000000,10,VanillaRNN,voc,79.0,108.6226,-29.6226
2026-12-02T17:34:00.000000000,2026-12-02T17:44:00.000000000,10,VanillaRNN,pm1,21.0,21.6843,-0.6843
2026-12-02T17:34:00.000000000,2026-12-02T17:44:00.000000000,10,VanillaRNN,pm2_5,33.0,36.8854,-3.8854
2026-12-02T17:34:00.000000000,2026-12-02T17:44:00.000000000,10,VanillaRNN,pm10,43.0,44.7581,-1.7581
2026-12-02T17:34:00.000000000,2026-12-02T17:44:00.000000000,10,VanillaRNN,co2,1185.0,1438.2809,-253.2809
2026-12-02T17:34:00.000000000,2026-12-02T17:44:00.000000000,10,VanillaRNN,voc,76.0,133.4801,-57.4801
2026-12-02T17:35:00.000000000,2026-12-02T17:45:00.000000000,10,VanillaRNN,pm1,21.0,21.8925,-0.8925
2026-12-02T17:35:00.000000000,2026-12-02T17:45:00.000000000,10,VanillaRNN,pm2_5,33.0,37.0186,-4.0186
2026-12-02T17:35:00.000000000,2026-12-02T17:45:00.000000000,10,VanillaRNN,pm10,42.0,45.7098,-3.7098
2026-12-02T17:35:00.000000000,2026-12-02T17:45:00.000000000,10,VanillaRNN,co2,1137.0,1493.4454,-356.4454
2026-12-02T17:35:00.000000000,2026-12-02T17:45:00.000000000,10,VanillaRNN,voc,76.0,122.4109,-46.4109
2026-12-02T17:36:00.000000000,2026-12-02T17:46:00.000000000,10,VanillaRNN,pm1,21.0,21.3444,-0.3444
2026-12-02T17:36:00.000000000,2026-12-02T17:46:00.000000000,10,VanillaRNN,pm2_5,33.0,36.517,-3.517
2026-12-02T17:36:00.000000000,2026-12-02T17:46:00.000000000,10,VanillaRNN,pm10,42.0,43.1168,-1.1168
2026-12-02T17:36:00.000000000,2026-12-02T17:46:00.000000000,10,VanillaRNN,co2,1161.0,1424.2623,-263.2623
2026-12-02T17:36:00.000000000,2026-12-02T17:46:00.000000000,10,VanillaRNN,voc,76.0,110.273,-34.273
2026-12-02T17:37:00.000000000,2026-12-02T17:47:00.000000000,10,VanillaRNN,pm1,21.0,22.1843,-1.1843
2026-12-02T17:37:00.000000000,2026-12-02T17:47:00.000000000,10,VanillaRNN,pm2_5,33.0,37.14,-4.14
2026-12-02T17:37:00.000000000,2026-12-02T17:47:00.000000000,10,VanillaRNN,pm10,42.0,46.4158,-4.4158
2026-12-02T17:37:00.000000000,2026-12-02T17:47:00.000000000,10,VanillaRNN,co2,1108.0,1386.7555,-278.7555
2026-12-02T17:37:00.000000000,2026-12-02T17:47:00.000000000,10,VanillaRNN,voc,72.0,135.7802,-63.7802
2026-12-02T17:38:00.000000000,2026-12-02T17:48:00.000000000,10,VanillaRNN,pm1,21.0,21.4934,-0.4934
2026-12-02T17:38:00.000000000,2026-12-02T17:48:00.000000000,10,VanillaRNN,pm2_5,32.0,36.6201,-4.6201
2026-12-02T17:38:00.000000000,2026-12-02T17:48:00.000000000,10,VanillaRNN,pm10,41.0,43.6818,-2.6818
2026-12-02T17:38:00.000000000,2026-12-02T17:48:00.000000000,10,VanillaRNN,co2,1112.0,1502.6637,-390.6637
2026-12-02T17:38:00.000000000,2026-12-02T17:48:00.000000000,10,VanillaRNN,voc,71.0,112.1836,-41.1836
2026-12-02T17:39:00.000000000,2026-12-02T17:49:00.000000000,10,VanillaRNN,pm1,20.0,21.9859,-1.9859
2026-12-02T17:39:00.000000000,2026-12-02T17:49:00.000000000,10,VanillaRNN,pm2_5,33.0,36.9072,-3.9072
2026-12-02T17:39:00.000000000,2026-12-02T17:49:00.000000000,10,VanillaRNN,pm10,41.0,44.0793,-3.0793
2026-12-02T17:39:00.000000000,2026-12-02T17:49:00.000000000,10,VanillaRNN,co2,1092.0,1439.1815,-347.1815
2026-12-02T17:39:00.000000000,2026-12-02T17:49:00.000000000,10,VanillaRNN,voc,68.0,130.7118,-62.7118
2026-12-02T17:40:00.000000000,2026-12-02T17:50:00.000000000,10,VanillaRNN,pm1,21.0,21.615,-0.615
2026-12-02T17:40:00.000000000,2026-12-02T17:50:00.000000000,10,VanillaRNN,pm2_5,33.0,36.7982,-3.7982
2026-12-02T17:40:00.000000000,2026-12-02T17:50:00.000000000,10,VanillaRNN,pm10,42.0,43.9678,-1.9678
2026-12-02T17:40:00.000000000,2026-12-02T17:50:00.000000000,10,VanillaRNN,co2,1047.0,1597.2329,-550.2329
2026-12-02T17:40:00.000000000,2026-12-02T17:50:00.000000000,10,VanillaRNN,voc,67.0,130.0424,-63.0424
2026-12-02T17:41:00.000000000,2026-12-02T17:51:00.000000000,10,VanillaRNN,pm1,21.0,21.5637,-0.5637
2026-12-02T17:41:00.000000000,2026-12-02T17:51:00.000000000,10,VanillaRNN,pm2_5,33.0,36.6398,-3.6398
2026-12-02T17:41:00.000000000,2026-12-02T17:51:00.000000000,10,VanillaRNN,pm10,42.0,43.0259,-1.0259
2026-12-02T17:41:00.000000000,2026-12-02T17:51:00.000000000,10,VanillaRNN,co2,1039.0,1396.552,-357.552
2026-12-02T17:41:00.000000000,2026-12-02T17:51:00.000000000,10,VanillaRNN,voc,65.0,136.2987,-71.2987
2026-12-02T17:42:00.000000000,2026-12-02T17:52:00.000000000,10,VanillaRNN,pm1,20.0,22.316,-2.316
2026-12-02T17:42:00.000000000,2026-12-02T17:52:00.000000000,10,VanillaRNN,pm2_5,33.0,37.6342,-4.6342
2026-12-02T17:42:00.000000000,2026-12-02T17:52:00.000000000,10,VanillaRNN,pm10,41.0,45.811,-4.811
2026-12-02T17:42:00.000000000,2026-12-02T17:52:00.000000000,10,VanillaRNN,co2,1070.0,1433.7655,-363.7655
2026-12-02T17:42:00.000000000,2026-12-02T17:52:00.000000000,10,VanillaRNN,voc,66.0,177.9874,-111.9874
2026-12-02T17:43:00.000000000,2026-12-02T17:53:00.000000000,10,VanillaRNN,pm1,22.0,21.5815,0.4185
2026-12-02T17:43:00.000000000,2026-12-02T17:53:00.000000000,10,VanillaRNN,pm2_5,35.0,37.3935,-2.3935
2026-12-02T17:43:00.000000000,2026-12-02T17:53:00.000000000,10,VanillaRNN,pm10,44.0,43.859,0.141
2026-12-02T17:43:00.000000000,2026-12-02T17:53:00.000000000,10,VanillaRNN,co2,1044.0,1512.0278,-468.0278
2026-12-02T17:43:00.000000000,2026-12-02T17:53:00.000000000,10,VanillaRNN,voc,67.0,137.5634,-70.5634
2026-12-02T17:44:00.000000000,2026-12-02T17:54:00.000000000,10,VanillaRNN,pm1,22.0,21.1383,0.8617
2026-12-02T17:44:00.000000000,2026-12-02T17:54:00.000000000,10,VanillaRNN,pm2_5,34.0,36.8231,-2.8231
2026-12-02T17:44:00.000000000,2026-12-02T17:54:00.000000000,10,VanillaRNN,pm10,43.0,41.8201,1.1799
2026-12-02T17:44:00.000000000,2026-12-02T17:54:00.000000000,10,VanillaRNN,co2,1047.0,1658.0724,-611.0724
2026-12-02T17:44:00.000000000,2026-12-02T17:54:00.000000000,10,VanillaRNN,voc,65.0,181.6829,-116.6829
2026-12-02T17:45:00.000000000,2026-12-02T17:55:00.000000000,10,VanillaRNN,pm1,21.0,20.9743,0.0257
2026-12-02T17:45:00.000000000,2026-12-02T17:55:00.000000000,10,VanillaRNN,pm2_5,34.0,37.2738,-3.2738
2026-12-02T17:45:00.000000000,2026-12-02T17:55:00.000000000,10,VanillaRNN,pm10,43.0,43.4875,-0.4875
2026-12-02T17:45:00.000000000,2026-12-02T17:55:00.000000000,10,VanillaRNN,co2,1077.0,1581.4117,-504.4117
2026-12-02T17:45:00.000000000,2026-12-02T17:55:00.000000000,10,VanillaRNN,voc,64.0,168.3862,-104.3862
2026-12-02T17:46:00.000000000,2026-12-02T17:56:00.000000000,10,VanillaRNN,pm1,21.0,20.9845,0.0155
2026-12-02T17:46:00.000000000,2026-12-02T17:56:00.000000000,10,VanillaRNN,pm2_5,34.0,36.8038,-2.8038
2026-12-02T17:46:00.000000000,2026-12-02T17:56:00.000000000,10,VanillaRNN,pm10,43.0,42.8991,0.1009
2026-12-02T17:46:00.000000000,2026-12-02T17:56:00.000000000,10,VanillaRNN,co2,1054.0,1545.0704,-491.0704
2026-12-02T17:46:00.000000000,2026-12-02T17:56:00.000000000,10,VanillaRNN,voc,65.0,188.7328,-123.7328
2026-12-02T17:47:00.000000000,2026-12-02T17:57:00.000000000,10,VanillaRNN,pm1,21.0,20.5626,0.4374
2026-12-02T17:47:00.000000000,2026-12-02T17:57:00.000000000,10,VanillaRNN,pm2_5,34.0,36.5819,-2.5819
2026-12-02T17:47:00.000000000,2026-12-02T17:57:00.000000000,10,VanillaRNN,pm10,43.0,42.6808,0.3192
2026-12-02T17:47:00.000000000,2026-12-02T17:57:00.000000000,10,VanillaRNN,co2,1036.0,1658.4939,-622.4939
2026-12-02T17:47:00.000000000,2026-12-02T17:57:00.000000000,10,VanillaRNN,voc,65.0,150.4863,-85.4863
2026-12-02T17:48:00.000000000,2026-12-02T17:58:00.000000000,10,VanillaRNN,pm1,20.0,20.2615,-0.2615
2026-12-02T17:48:00.000000000,2026-12-02T17:58:00.000000000,10,VanillaRNN,pm2_5,34.0,36.4195,-2.4195
2026-12-02T17:48:00.000000000,2026-12-02T17:58:00.000000000,10,VanillaRNN,pm10,42.0,42.0584,-0.0584
2026-12-02T17:48:00.000000000,2026-12-02T17:58:00.000000000,10,VanillaRNN,co2,1065.0,1529.9573,-464.9573
2026-12-02T17:48:00.000000000,2026-12-02T17:58:00.000000000,10,VanillaRNN,voc,65.0,155.8793,-90.8793
2026-12-02T17:49:00.000000000,2026-12-02T17:59:00.000000000,10,VanillaRNN,pm1,21.0,19.9685,1.0315
2026-12-02T17:49:00.000000000,2026-12-02T17:59:00.000000000,10,VanillaRNN,pm2_5,33.0,35.6983,-2.6983
2026-12-02T17:49:00.000000000,2026-12-02T17:59:00.000000000,10,VanillaRNN,pm10,43.0,40.2669,2.7331
2026-12-02T17:49:00.000000000,2026-12-02T17:59:00.000000000,10,VanillaRNN,co2,1073.0,1534.3456,-461.3456
2026-12-02T17:49:00.000000000,2026-12-02T17:59:00.000000000,10,VanillaRNN,voc,68.0,150.2627,-82.2627
2026-12-02T17:50:00.000000000,2026-12-02T18:00:00.000000000,10,VanillaRNN,pm1,21.0,20.8504,0.1496
2026-12-02T17:50:00.000000000,2026-12-02T18:00:00.000000000,10,VanillaRNN,pm2_5,32.0,36.5157,-4.5157
2026-12-02T17:50:00.000000000,2026-12-02T18:00:00.000000000,10,VanillaRNN,pm10,41.0,43.9315,-2.9315
2026-12-02T17:50:00.000000000,2026-12-02T18:00:00.000000000,10,VanillaRNN,co2,1078.0,1486.7979,-408.7979
2026-12-02T17:50:00.000000000,2026-12-02T18:00:00.000000000,10,VanillaRNN,voc,72.0,146.5078,-74.5078
2026-12-02T17:51:00.000000000,2026-12-02T18:01:00.000000000,10,VanillaRNN,pm1,21.0,19.2209,1.7791
2026-12-02T17:51:00.000000000,2026-12-02T18:01:00.000000000,10,VanillaRNN,pm2_5,34.0,35.7553,-1.7553
2026-12-02T17:51:00.000000000,2026-12-02T18:01:00.000000000,10,VanillaRNN,pm10,42.0,40.0889,1.9111
2026-12-02T17:51:00.000000000,2026-12-02T18:01:00.000000000,10,VanillaRNN,co2,1098.0,1502.9352,-404.9352
2026-12-02T17:51:00.000000000,2026-12-02T18:01:00.000000000,10,VanillaRNN,voc,71.0,109.3334,-38.3334
2026-12-02T17:52:00.000000000,2026-12-02T18:02:00.000000000,10,VanillaRNN,pm1,21.0,19.8942,1.1058
2026-12-02T17:52:00.000000000,2026-12-02T18:02:00.000000000,10,VanillaRNN,pm2_5,33.0,35.429,-2.429
2026-12-02T17:52:00.000000000,2026-12-02T18:02:00.000000000,10,VanillaRNN,pm10,42.0,40.9285,1.0715
2026-12-02T17:52:00.000000000,2026-12-02T18:02:00.000000000,10,VanillaRNN,co2,1109.0,1377.7031,-268.7031
2026-12-02T17:52:00.000000000,2026-12-02T18:02:00.000000000,10,VanillaRNN,voc,71.0,148.4597,-77.4597
2026-12-02T17:53:00.000000000,2026-12-02T18:03:00.000000000,10,VanillaRNN,pm1,20.0,20.2507,-0.2507
2026-12-02T17:53:00.000000000,2026-12-02T18:03:00.000000000,10,VanillaRNN,pm2_5,32.0,35.8964,-3.8964
2026-12-02T17:53:00.000000000,2026-12-02T18:03:00.000000000,10,VanillaRNN,pm10,39.0,41.2082,-2.2082
2026-12-02T17:53:00.000000000,2026-12-02T18:03:00.000000000,10,VanillaRNN,co2,1117.0,1427.5948,-310.5948
2026-12-02T17:53:00.000000000,2026-12-02T18:03:00.000000000,10,VanillaRNN,voc,73.0,138.417,-65.417
2026-12-02T17:54:00.000000000,2026-12-02T18:04:00.000000000,10,VanillaRNN,pm1,21.0,19.4521,1.5479
2026-12-02T17:54:00.000000000,2026-12-02T18:04:00.000000000,10,VanillaRNN,pm2_5,32.0,35.5387,-3.5387
2026-12-02T17:54:00.000000000,2026-12-02T18:04:00.000000000,10,VanillaRNN,pm10,41.0,42.1209,-1.1209
2026-12-02T17:54:00.000000000,2026-12-02T18:04:00.000000000,10,VanillaRNN,co2,1127.0,1482.0615,-355.0615
2026-12-02T17:54:00.000000000,2026-12-02T18:04:00.000000000,10,VanillaRNN,voc,74.0,99.6726,-25.6726
2026-12-02T17:55:00.000000000,2026-12-02T18:05:00.000000000,10,VanillaRNN,pm1,20.0,19.1667,0.8333
2026-12-02T17:55:00.000000000,2026-12-02T18:05:00.000000000,10,VanillaRNN,pm2_5,33.0,34.3777,-1.3777
2026-12-02T17:55:00.000000000,2026-12-02T18:05:00.000000000,10,VanillaRNN,pm10,41.0,38.1555,2.8445
2026-12-02T17:55:00.000000000,2026-12-02T18:05:00.000000000,10,VanillaRNN,co2,1117.0,1278.4344,-161.4344
2026-12-02T17:55:00.000000000,2026-12-02T18:05:00.000000000,10,VanillaRNN,voc,73.0,124.545,-51.545
2026-12-02T17:56:00.000000000,2026-12-02T18:06:00.000000000,10,VanillaRNN,pm1,20.0,20.6048,-0.6048
2026-12-02T17:56:00.000000000,2026-12-02T18:06:00.000000000,10,VanillaRNN,pm2_5,33.0,35.8869,-2.8869
2026-12-02T17:56:00.000000000,2026-12-02T18:06:00.000000000,10,VanillaRNN,pm10,42.0,42.509,-0.509
2026-12-02T17:56:00.000000000,2026-12-02T18:06:00.000000000,10,VanillaRNN,co2,1066.0,1346.6864,-280.6864
2026-12-02T17:56:00.000000000,2026-12-02T18:06:00.000000000,10,VanillaRNN,voc,75.0,148.7558,-73.7558
2026-12-02T17:57:00.000000000,2026-12-02T18:07:00.000000000,10,VanillaRNN,pm1,21.0,19.9988,1.0012
2026-12-02T17:57:00.000000000,2026-12-02T18:07:00.000000000,10,VanillaRNN,pm2_5,32.0,35.9541,-3.9541
2026-12-02T17:57:00.000000000,2026-12-02T18:07:00.000000000,10,VanillaRNN,pm10,40.0,41.7981,-1.7981
2026-12-02T17:57:00.000000000,2026-12-02T18:07:00.000000000,10,VanillaRNN,co2,1051.0,1396.5623,-345.5623
2026-12-02T17:57:00.000000000,2026-12-02T18:07:00.000000000,10,VanillaRNN,voc,74.0,113.3188,-39.3188
2026-12-02T17:58:00.000000000,2026-12-02T18:08:00.000000000,10,VanillaRNN,pm1,21.0,20.1945,0.8055
2026-12-02T17:58:00.000000000,2026-12-02T18:08:00.000000000,10,VanillaRNN,pm2_5,34.0,36.22,-2.22
2026-12-02T17:58:00.000000000,2026-12-02T18:08:00.000000000,10,VanillaRNN,pm10,42.0,41.7401,0.2599
2026-12-02T17:58:00.000000000,2026-12-02T18:08:00.000000000,10,VanillaRNN,co2,1048.0,1398.1801,-350.1801
2026-12-02T17:58:00.000000000,2026-12-02T18:08:00.000000000,10,VanillaRNN,voc,70.0,140.0005,-70.0005
2026-12-02T17:59:00.000000000,2026-12-02T18:09:00.000000000,10,VanillaRNN,pm1,21.0,20.7151,0.2849
2026-12-02T17:59:00.000000000,2026-12-02T18:09:00.000000000,10,VanillaRNN,pm2_5,34.0,36.6566,-2.6566
2026-12-02T17:59:00.000000000,2026-12-02T18:09:00.000000000,10,VanillaRNN,pm10,41.0,42.1737,-1.1737
2026-12-02T17:59:00.000000000,2026-12-02T18:09:00.000000000,10,VanillaRNN,co2,1034.0,1428.5184,-394.5184
2026-12-02T17:59:00.000000000,2026-12-02T18:09:00.000000000,10,VanillaRNN,voc,68.0,151.088,-83.088
2026-12-02T18:00:00.000000000,2026-12-02T18:10:00.000000000,10,VanillaRNN,pm1,21.0,19.6893,1.3107
2026-12-02T18:00:00.000000000,2026-12-02T18:10:00.000000000,10,VanillaRNN,pm2_5,34.0,35.9342,-1.9342
2026-12-02T18:00:00.000000000,2026-12-02T18:10:00.000000000,10,VanillaRNN,pm10,42.0,40.2068,1.7932
2026-12-02T18:00:00.000000000,2026-12-02T18:10:00.000000000,10,VanillaRNN,co2,1029.0,1458.1356,-429.1356
2026-12-02T18:00:00.000000000,2026-12-02T18:10:00.000000000,10,VanillaRNN,voc,71.0,139.8889,-68.8889
2026-12-02T13:15:00.000000000,2026-12-02T13:27:00.000000000,10,Seq2Seq,pm1,16.0,16.5667,-0.5667
2026-12-02T13:15:00.000000000,2026-12-02T13:27:00.000000000,10,Seq2Seq,pm2_5,26.0,25.9437,0.0563
2026-12-02T13:15:00.000000000,2026-12-02T13:27:00.000000000,10,Seq2Seq,pm10,32.0,31.5093,0.4907
2026-12-02T13:15:00.000000000,2026-12-02T13:27:00.000000000,10,Seq2Seq,co2,2790.0,2439.9177,350.0823
2026-12-02T13:15:00.000000000,2026-12-02T13:27:00.000000000,10,Seq2Seq,voc,114.0,104.7906,9.2094
2026-12-02T13:16:00.000000000,2026-12-02T13:28:00.000000000,10,Seq2Seq,pm1,17.0,16.7044,0.2956
2026-12-02T13:16:00.000000000,2026-12-02T13:28:00.000000000,10,Seq2Seq,pm2_5,27.0,26.1634,0.8366
2026-12-02T13:16:00.000000000,2026-12-02T13:28:00.000000000,10,Seq2Seq,pm10,31.0,31.9769,-0.9769
2026-12-02T13:16:00.000000000,2026-12-02T13:28:00.000000000,10,Seq2Seq,co2,2707.0,2438.2676,268.7324
2026-12-02T13:16:00.000000000,2026-12-02T13:28:00.000000000,10,Seq2Seq,voc,110.0,99.0957,10.9043
2026-12-02T13:17:00.000000000,2026-12-02T13:29:00.000000000,10,Seq2Seq,pm1,17.0,16.7026,0.2974
2026-12-02T13:17:00.000000000,2026-12-02T13:29:00.000000000,10,Seq2Seq,pm2_5,26.0,26.1843,-0.1843
2026-12-02T13:17:00.000000000,2026-12-02T13:29:00.000000000,10,Seq2Seq,pm10,31.0,31.933,-0.933
2026-12-02T13:17:00.000000000,2026-12-02T13:29:00.000000000,10,Seq2Seq,co2,2777.0,2411.5242,365.4758
2026-12-02T13:17:00.000000000,2026-12-02T13:29:00.000000000,10,Seq2Seq,voc,113.0,94.7526,18.2474
2026-12-02T13:18:00.000000000,2026-12-02T13:30:00.000000000,10,Seq2Seq,pm1,16.0,16.8231,-0.8231
2026-12-02T13:18:00.000000000,2026-12-02T13:30:00.000000000,10,Seq2Seq,pm2_5,26.0,26.4336,-0.4336
2026-12-02T13:18:00.000000000,2026-12-02T13:30:00.000000000,10,Seq2Seq,pm10,31.0,32.1771,-1.1771
2026-12-02T13:18:00.000000000,2026-12-02T13:30:00.000000000,10,Seq2Seq,co2,2766.0,2403.5332,362.4668
2026-12-02T13:18:00.000000000,2026-12-02T13:30:00.000000000,10,Seq2Seq,voc,108.0,96.9406,11.0594
2026-12-02T13:19:00.000000000,2026-12-02T13:31:00.000000000,10,Seq2Seq,pm1,16.0,17.1064,-1.1064
2026-12-02T13:19:00.000000000,2026-12-02T13:31:00.000000000,10,Seq2Seq,pm2_5,26.0,26.9138,-0.9138
2026-12-02T13:19:00.000000000,2026-12-02T13:31:00.000000000,10,Seq2Seq,pm10,30.0,33.1647,-3.1647
2026-12-02T13:19:00.000000000,2026-12-02T13:31:00.000000000,10,Seq2Seq,co2,2705.0,2414.9565,290.0435
2026-12-02T13:19:00.000000000,2026-12-02T13:31:00.000000000,10,Seq2Seq,voc,108.0,92.6708,15.3292
2026-12-02T13:21:00.000000000,2026-12-02T13:32:00.000000000,10,Seq2Seq,pm1,16.0,16.9772,-0.9772
2026-12-02T13:21:00.000000000,2026-12-02T13:32:00.000000000,10,Seq2Seq,pm2_5,25.0,26.7747,-1.7747
2026-12-02T13:21:00.000000000,2026-12-02T13:32:00.000000000,10,Seq2Seq,pm10,32.0,32.6665,-0.6665
2026-12-02T13:21:00.000000000,2026-12-02T13:32:00.000000000,10,Seq2Seq,co2,2767.0,2392.093,374.907
2026-12-02T13:21:00.000000000,2026-12-02T13:32:00.000000000,10,Seq2Seq,voc,107.0,89.4993,17.5007
2026-12-02T13:22:00.000000000,2026-12-02T13:33:00.000000000,10,Seq2Seq,pm1,17.0,16.8511,0.1489
2026-12-02T13:22:00.000000000,2026-12-02T13:33:00.000000000,10,Seq2Seq,pm2_5,25.0,26.5926,-1.5926
2026-12-02T13:22:00.000000000,2026-12-02T13:33:00.000000000,10,Seq2Seq,pm10,33.0,32.168,0.832
2026-12-02T13:22:00.000000000,2026-12-02T13:33:00.000000000,10,Seq2Seq,co2,2759.0,2377.9282,381.0718
2026-12-02T13:22:00.000000000,2026-12-02T13:33:00.000000000,10,Seq2Seq,voc,114.0,90.257,23.743
2026-12-02T13:24:00.000000000,2026-12-02T13:34:00.000000000,10,Seq2Seq,pm1,16.0,16.7141,-0.7141
2026-12-02T13:24:00.000000000,2026-12-02T13:34:00.000000000,10,Seq2Seq,pm2_5,25.0,26.3223,-1.3223
2026-12-02T13:24:00.000000000,2026-12-02T13:34:00.000000000,10,Seq2Seq,pm10,30.0,31.84,-1.84
2026-12-02T13:24:00.000000000,2026-12-02T13:34:00.000000000,10,Seq2Seq,co2,2702.0,2355.0635,346.9365
2026-12-02T13:24:00.000000000,2026-12-02T13:34:00.000000000,10,Seq2Seq,voc,106.0,86.9217,19.0783
2026-12-02T13:25:00.000000000,2026-12-02T13:35:00.000000000,10,Seq2Seq,pm1,15.0,16.7936,-1.7936
2026-12-02T13:25:00.000000000,2026-12-02T13:35:00.000000000,10,Seq2Seq,pm2_5,24.0,26.41,-2.41
2026-12-02T13:25:00.000000000,2026-12-02T13:35:00.000000000,10,Seq2Seq,pm10,29.0,32.0159,-3.0159
2026-12-02T13:25:00.000000000,2026-12-02T13:35:00.000000000,10,Seq2Seq,co2,2611.0,2362.0469,248.9531
2026-12-02T13:25:00.000000000,2026-12-02T13:35:00.000000000,10,Seq2Seq,voc,106.0,92.0309,13.9691
2026-12-02T13:26:00.000000000,2026-12-02T13:36:00.000000000,10,Seq2Seq,pm1,16.0,16.7327,-0.7327
2026-12-02T13:26:00.000000000,2026-12-02T13:36:00.000000000,10,Seq2Seq,pm2_5,25.0,26.2459,-1.2459
2026-12-02T13:26:00.000000000,2026-12-02T13:36:00.000000000,10,Seq2Seq,pm10,30.0,31.9239,-1.9239
2026-12-02T13:26:00.000000000,2026-12-02T13:36:00.000000000,10,Seq2Seq,co2,2684.0,2352.2224,331.7776
2026-12-02T13:26:00.000000000,2026-12-02T13:36:00.000000000,10,Seq2Seq,voc,105.0,88.7424,16.2576
2026-12-02T13:27:00.000000000,2026-12-02T13:37:00.000000000,10,Seq2Seq,pm1,15.0,17.0565,-2.0565
2026-12-02T13:27:00.000000000,2026-12-02T13:37:00.000000000,10,Seq2Seq,pm2_5,25.0,26.7708,-1.7708
2026-12-02T13:27:00.000000000,2026-12-02T13:37:00.000000000,10,Seq2Seq,pm10,29.0,32.8992,-3.8992
2026-12-02T13:27:00.000000000,2026-12-02T13:37:00.000000000,10,Seq2Seq,co2,2639.0,2374.1941,264.8059
2026-12-02T13:27:00.000000000,2026-12-02T13:37:00.000000000,10,Seq2Seq,voc,106.0,94.5036,11.4964
2026-12-02T13:28:00.000000000,2026-12-02T13:38:00.000000000,10,Seq2Seq,pm1,16.0,17.0145,-1.0145
2026-12-02T13:28:00.000000000,2026-12-02T13:38:00.000000000,10,Seq2Seq,pm2_5,25.0,26.7226,-1.7226
2026-12-02T13:28:00.000000000,2026-12-02T13:38:00.000000000,10,Seq2Seq,pm10,31.0,32.7886,-1.7886
2026-12-02T13:28:00.000000000,2026-12-02T13:38:00.000000000,10,Seq2Seq,co2,2605.0,2368.7705,236.2295
2026-12-02T13:28:00.000000000,2026-12-02T13:38:00.000000000,10,Seq2Seq,voc,106.0,88.3646,17.6354
2026-12-02T13:29:00.000000000,2026-12-02T13:39:00.000000000,10,Seq2Seq,pm1,15.0,17.2024,-2.2024
2026-12-02T13:29:00.000000000,2026-12-02T13:39:00.000000000,10,Seq2Seq,pm2_5,25.0,27.076,-2.076
2026-12-02T13:29:00.000000000,2026-12-02T13:39:00.000000000,10,Seq2Seq,pm10,30.0,33.2976,-3.2976
2026-12-02T13:29:00.000000000,2026-12-02T13:39:00.000000000,10,Seq2Seq,co2,2602.0,2371.8853,230.1147
2026-12-02T13:29:00.000000000,2026-12-02T13:39:00.000000000,10,Seq2Seq,voc,106.0,91.3203,14.6797
2026-12-02T13:30:00.000000000,2026-12-02T13:40:00.000000000,10,Seq2Seq,pm1,15.0,17.0748,-2.0748
2026-12-02T13:30:00.000000000,2026-12-02T13:40:00.000000000,10,Seq2Seq,pm2_5,25.0,26.9598,-1.9598
2026-12-02T13:30:00.000000000,2026-12-02T13:40:00.000000000,10,Seq2Seq,pm10,28.0,32.8203,-4.8203
2026-12-02T13:30:00.000000000,2026-12-02T13:40:00.000000000,10,Seq2Seq,co2,2607.0,2366.0745,240.9255
2026-12-02T13:30:00.000000000,2026-12-02T13:40:00.000000000,10,Seq2Seq,voc,104.0,89.4705,14.5295
2026-12-02T13:31:00.000000000,2026-12-02T13:41:00.000000000,10,Seq2Seq,pm1,16.0,16.9708,-0.9708
2026-12-02T13:31:00.000000000,2026-12-02T13:41:00.000000000,10,Seq2Seq,pm2_5,25.0,26.7573,-1.7573
2026-12-02T13:31:00.000000000,2026-12-02T13:41:00.000000000,10,Seq2Seq,pm10,27.0,32.5789,-5.5789
2026-12-02T13:31:00.000000000,2026-12-02T13:41:00.000000000,10,Seq2Seq,co2,2541.0,2346.3691,194.6309
2026-12-02T13:31:00.000000000,2026-12-02T13:41:00.000000000,10,Seq2Seq,voc,102.0,85.486,16.514
2026-12-02T13:32:00.000000000,2026-12-02T13:42:00.000000000,10,Seq2Seq,pm1,16.0,16.9226,-0.9226
2026-12-02T13:32:00.000000000,2026-12-02T13:42:00.000000000,10,Seq2Seq,pm2_5,25.0,26.7009,-1.7009
2026-12-02T13:32:00.000000000,2026-12-02T13:42:00.000000000,10,Seq2Seq,pm10,29.0,32.4654,-3.4654
2026-12-02T13:32:00.000000000,2026-12-02T13:42:00.000000000,10,Seq2Seq,co2,2507.0,2339.9521,167.0479
2026-12-02T13:32:00.000000000,2026-12-02T13:42:00.000000000,10,Seq2Seq,voc,100.0,86.6116,13.3884
2026-12-02T13:33:00.000000000,2026-12-02T13:43:00.000000000,10,Seq2Seq,pm1,15.0,16.8864,-1.8864
2026-12-02T13:33:00.000000000,2026-12-02T13:43:00.000000000,10,Seq2Seq,pm2_5,24.0,26.6031,-2.6031
2026-12-02T13:33:00.000000000,2026-12-02T13:43:00.000000000,10,Seq2Seq,pm10,29.0,32.3321,-3.3321
2026-12-02T13:33:00.000000000,2026-12-02T13:43:00.000000000,10,Seq2Seq,co2,2581.0,2345.3457,235.6543
2026-12-02T13:33:00.000000000,2026-12-02T13:43:00.000000000,10,Seq2Seq,voc,101.0,85.6761,15.3239
2026-12-02T13:34:00.000000000,2026-12-02T13:44:00.000000000,10,Seq2Seq,pm1,15.0,17.0435,-2.0435
2026-12-02T13:34:00.000000000,2026-12-02T13:44:00.000000000,10,Seq2Seq,pm2_5,25.0,26.8574,-1.8574
2026-12-02T13:34:00.000000000,2026-12-02T13:44:00.000000000,10,Seq2Seq,pm10,30.0,32.8122,-2.8122
2026-12-02T13:34:00.000000000,2026-12-02T13:44:00.000000000,10,Seq2Seq,co2,2569.0,2360.2803,208.7197
2026-12-02T13:34:00.000000000,2026-12-02T13:44:00.000000000,10,Seq2Seq,voc,100.0,88.1819,11.8181
2026-12-02T13:35:00.000000000,2026-12-02T13:45:00.000000000,10,Seq2Seq,pm1,16.0,16.8136,-0.8136
2026-12-02T13:35:00.000000000,2026-12-02T13:45:00.000000000,10,Seq2Seq,pm2_5,25.0,26.5289,-1.5289
2026-12-02T13:35:00.000000000,2026-12-02T13:45:00.000000000,10,Seq2Seq,pm10,30.0,32.1495,-2.1495
2026-12-02T13:35:00.000000000,2026-12-02T13:45:00.000000000,10,Seq2Seq,co2,2532.0,2322.0901,209.9099
2026-12-02T13:35:00.000000000,2026-12-02T13:45:00.000000000,10,Seq2Seq,voc,97.0,87.0142,9.9858
2026-12-02T13:36:00.000000000,2026-12-02T13:46:00.000000000,10,Seq2Seq,pm1,17.0,16.5952,0.4048
2026-12-02T13:36:00.000000000,2026-12-02T13:46:00.000000000,10,Seq2Seq,pm2_5,25.0,26.0808,-1.0808
2026-12-02T13:36:00.000000000,2026-12-02T13:46:00.000000000,10,Seq2Seq,pm10,31.0,31.4918,-0.4918
2026-12-02T13:36:00.000000000,2026-12-02T13:46:00.000000000,10,Seq2Seq,co2,2442.0,2294.1143,147.8857
2026-12-02T13:36:00.000000000,2026-12-02T13:46:00.000000000,10,Seq2Seq,voc,96.0,85.626,10.374
2026-12-02T13:37:00.000000000,2026-12-02T13:47:00.000000000,10,Seq2Seq,pm1,16.0,16.8856,-0.8856
2026-12-02T13:37:00.000000000,2026-12-02T13:47:00.000000000,10,Seq2Seq,pm2_5,25.0,26.488,-1.488
2026-12-02T13:37:00.000000000,2026-12-02T13:47:00.000000000,10,Seq2Seq,pm10,31.0,32.4657,-1.4657
2026-12-02T13:37:00.000000000,2026-12-02T13:47:00.000000000,10,Seq2Seq,co2,2421.0,2320.1934,100.8066
2026-12-02T13:37:00.000000000,2026-12-02T13:47:00.000000000,10,Seq2Seq,voc,95.0,86.5962,8.4038
2026-12-02T13:38:00.000000000,2026-12-02T13:48:00.000000000,10,Seq2Seq,pm1,17.0,16.7837,0.2163
2026-12-02T13:38:00.000000000,2026-12-02T13:48:00.000000000,10,Seq2Seq,pm2_5,25.0,26.3007,-1.3007
2026-12-02T13:38:00.000000000,2026-12-02T13:48:00.000000000,10,Seq2Seq,pm10,31.0,32.0667,-1.0667
2026-12-02T13:38:00.000000000,2026-12-02T13:48:00.000000000,10,Seq2Seq,co2,2463.0,2305.5959,157.4041
2026-12-02T13:38:00.000000000,2026-12-02T13:48:00.000000000,10,Seq2Seq,voc,96.0,84.9954,11.0046
2026-12-02T13:39:00.000000000,2026-12-02T13:49:00.000000000,10,Seq2Seq,pm1,16.0,17.0247,-1.0247
2026-12-02T13:39:00.000000000,2026-12-02T13:49:00.000000000,10,Seq2Seq,pm2_5,25.0,26.6236,-1.6236
2026-12-02T13:39:00.000000000,2026-12-02T13:49:00.000000000,10,Seq2Seq,pm10,29.0,32.7278,-3.7278
2026-12-02T13:39:00.000000000,2026-12-02T13:49:00.000000000,10,Seq2Seq,co2,2443.0,2325.5662,117.4338
2026-12-02T13:39:00.000000000,2026-12-02T13:49:00.000000000,10,Seq2Seq,voc,93.0,87.128,5.872
2026-12-02T13:40:00.000000000,2026-12-02T13:50:00.000000000,10,Seq2Seq,pm1,17.0,16.9101,0.0899
2026-12-02T13:40:00.000000000,2026-12-02T13:50:00.000000000,10,Seq2Seq,pm2_5,25.0,26.4567,-1.4567
2026-12-02T13:40:00.000000000,2026-12-02T13:50:00.000000000,10,Seq2Seq,pm10,30.0,32.353,-2.353
2026-12-02T13:40:00.000000000,2026-12-02T13:50:00.000000000,10,Seq2Seq,co2,2403.0,2304.1323,98.8677
2026-12-02T13:40:00.000000000,2026-12-02T13:50:00.000000000,10,Seq2Seq,voc,96.0,84.7061,11.2939
2026-12-02T13:41:00.000000000,2026-12-02T13:51:00.000000000,10,Seq2Seq,pm1,16.0,16.8879,-0.8879
2026-12-02T13:41:00.000000000,2026-12-02T13:51:00.000000000,10,Seq2Seq,pm2_5,25.0,26.3856,-1.3856
2026-12-02T13:41:00.000000000,2026-12-02T13:51:00.000000000,10,Seq2Seq,pm10,32.0,32.1598,-0.1598
2026-12-02T13:41:00.000000000,2026-12-02T13:51:00.000000000,10,Seq2Seq,co2,2392.0,2288.8169,103.1831
2026-12-02T13:41:00.000000000,2026-12-02T13:51:00.000000000,10,Seq2Seq,voc,93.0,86.8434,6.1566
2026-12-02T13:42:00.000000000,2026-12-02T13:52:00.000000000,10,Seq2Seq,pm1,17.0,16.9856,0.0144
2026-12-02T13:42:00.000000000,2026-12-02T13:52:00.000000000,10,Seq2Seq,pm2_5,26.0,26.4848,-0.4848
2026-12-02T13:42:00.000000000,2026-12-02T13:52:00.000000000,10,Seq2Seq,pm10,31.0,32.3616,-1.3616
2026-12-02T13:42:00.000000000,2026-12-02T13:52:00.000000000,10,Seq2Seq,co2,2238.0,2288.7197,-50.7197
2026-12-02T13:42:00.000000000,2026-12-02T13:52:00.000000000,10,Seq2Seq,voc,82.0,89.5598,-7.5598
2026-12-02T13:43:00.000000000,2026-12-02T13:53:00.000000000,10,Seq2Seq,pm1,17.0,17.0931,-0.0931
2026-12-02T13:43:00.000000000,2026-12-02T13:53:00.000000000,10,Seq2Seq,pm2_5,26.0,26.616,-0.616
2026-12-02T13:43:00.000000000,2026-12-02T13:53:00.000000000,10,Seq2Seq,pm10,34.0,32.7499,1.2501
2026-12-02T13:43:00.000000000,2026-12-02T13:53:00.000000000,10,Seq2Seq,co2,2253.0,2293.4409,-40.4409
2026-12-02T13:43:00.000000000,2026-12-02T13:53:00.000000000,10,Seq2Seq,voc,83.0,86.2879,-3.2879
2026-12-02T13:44:00.000000000,2026-12-02T13:54:00.000000000,10,Seq2Seq,pm1,17.0,16.9351,0.0649
2026-12-02T13:44:00.000000000,2026-12-02T13:54:00.000000000,10,Seq2Seq,pm2_5,27.0,26.3558,0.6442
2026-12-02T13:44:00.000000000,2026-12-02T13:54:00.000000000,10,Seq2Seq,pm10,32.0,32.2045,-0.2045
2026-12-02T13:44:00.000000000,2026-12-02T13:54:00.000000000,10,Seq2Seq,co2,2355.0,2278.3181,76.6819
2026-12-02T13:44:00.000000000,2026-12-02T13:54:00.000000000,10,Seq2Seq,voc,86.0,84.9559,1.0441
2026-12-02T13:45:00.000000000,2026-12-02T13:55:00.000000000,10,Seq2Seq,pm1,17.0,17.148,-0.148
2026-12-02T13:45:00.000000000,2026-12-02T13:55:00.000000000,10,Seq2Seq,pm2_5,26.0,26.6404,-0.6404
2026-12-02T13:45:00.000000000,2026-12-02T13:55:00.000000000,10,Seq2Seq,pm10,32.0,32.9463,-0.9463
2026-12-02T13:45:00.000000000,2026-12-02T13:55:00.000000000,10,Seq2Seq,co2,2314.0,2285.1829,28.8171
2026-12-02T13:45:00.000000000,2026-12-02T13:55:00.000000000,10,Seq2Seq,voc,86.0,83.9097,2.0903
2026-12-02T13:46:00.000000000,2026-12-02T13:56:00.000000000,10,Seq2Seq,pm1,16.0,17.2724,-1.2724
2026-12-02T13:46:00.000000000,2026-12-02T13:56:00.000000000,10,Seq2Seq,pm2_5,26.0,26.8995,-0.8995
2026-12-02T13:46:00.000000000,2026-12-02T13:56:00.000000000,10,Seq2Seq,pm10,31.0,33.1954,-2.1954
2026-12-02T13:46:00.000000000,2026-12-02T13:56:00.000000000,10,Seq2Seq,co2,2291.0,2295.6707,-4.6707
2026-12-02T13:46:00.000000000,2026-12-02T13:56:00.000000000,10,Seq2Seq,voc,86.0,86.388,-0.388
2026-12-02T13:47:00.000000000,2026-12-02T13:57:00.000000000,10,Seq2Seq,pm1,17.0,17.4312,-0.4312
2026-12-02T13:47:00.000000000,2026-12-02T13:57:00.000000000,10,Seq2Seq,pm2_5,27.0,27.1782,-0.1782
2026-12-02T13:47:00.000000000,2026-12-02T13:57:00.000000000,10,Seq2Seq,pm10,34.0,33.6284,0.3716
2026-12-02T13:47:00.000000000,2026-12-02T13:57:00.000000000,10,Seq2Seq,co2,2161.0,2299.5103,-138.5103
2026-12-02T13:47:00.000000000,2026-12-02T13:57:00.000000000,10,Seq2Seq,voc,77.0,85.7195,-8.7195
2026-12-02T13:48:00.000000000,2026-12-02T13:58:00.000000000,10,Seq2Seq,pm1,17.0,17.3445,-0.3445
2026-12-02T13:48:00.000000000,2026-12-02T13:58:00.000000000,10,Seq2Seq,pm2_5,27.0,27.1063,-0.1063
2026-12-02T13:48:00.000000000,2026-12-02T13:58:00.000000000,10,Seq2Seq,pm10,32.0,33.3952,-1.3952
2026-12-02T13:48:00.000000000,2026-12-02T13:58:00.000000000,10,Seq2Seq,co2,2078.0,2276.3984,-198.3984
2026-12-02T13:48:00.000000000,2026-12-02T13:58:00.000000000,10,Seq2Seq,voc,74.0,81.2797,-7.2797
2026-12-02T13:49:00.000000000,2026-12-02T13:59:00.000000000,10,Seq2Seq,pm1,17.0,17.4949,-0.4949
2026-12-02T13:49:00.000000000,2026-12-02T13:59:00.000000000,10,Seq2Seq,pm2_5,27.0,27.3758,-0.3758
2026-12-02T13:49:00.000000000,2026-12-02T13:59:00.000000000,10,Seq2Seq,pm10,35.0,33.7281,1.2719
2026-12-02T13:49:00.000000000,2026-12-02T13:59:00.000000000,10,Seq2Seq,co2,1963.0001,2281.1062,-318.1061
2026-12-02T13:49:00.000000000,2026-12-02T13:59:00.000000000,10,Seq2Seq,voc,64.0,82.9839,-18.9839
2026-12-02T13:50:00.000000000,2026-12-02T14:00:00.000000000,10,Seq2Seq,pm1,17.0,17.3296,-0.3296
2026-12-02T13:50:00.000000000,2026-12-02T14:00:00.000000000,10,Seq2Seq,pm2_5,29.0,27.1246,1.8754
2026-12-02T13:50:00.000000000,2026-12-02T14:00:00.000000000,10,Seq2Seq,pm10,35.0,33.2303,1.7697
2026-12-02T13:50:00.000000000,2026-12-02T14:00:00.000000000,10,Seq2Seq,co2,1903.0,2248.8101,-345.8101
2026-12-02T13:50:00.000000000,2026-12-02T14:00:00.000000000,10,Seq2Seq,voc,63.0,79.2722,-16.2722
2026-12-02T13:51:00.000000000,2026-12-02T14:01:00.000000000,10,Seq2Seq,pm1,18.0,17.5084,0.4916
2026-12-02T13:51:00.000000000,2026-12-02T14:01:00.000000000,10,Seq2Seq,pm2_5,28.0,27.3474,0.6526
2026-12-02T13:51:00.000000000,2026-12-02T14:01:00.000000000,10,Seq2Seq,pm10,36.0,33.7142,2.2858
2026-12-02T13:51:00.000000000,2026-12-02T14:01:00.000000000,10,Seq2Seq,co2,1892.0,2258.333,-366.333
2026-12-02T13:51:00.000000000,2026-12-02T14:01:00.000000000,10,Seq2Seq,voc,58.0,80.765,-22.765
2026-12-02T13:52:00.000000000,2026-12-02T14:02:00.000000000,10,Seq2Seq,pm1,18.0,17.4765,0.5235
2026-12-02T13:52:00.000000000,2026-12-02T14:02:00.000000000,10,Seq2Seq,pm2_5,28.0,27.3291,0.6709
2026-12-02T13:52:00.000000000,2026-12-02T14:02:00.000000000,10,Seq2Seq,pm10,35.0,33.7467,1.2533
2026-12-02T13:52:00.000000000,2026-12-02T14:02:00.000000000,10,Seq2Seq,co2,1786.0,2249.7197,-463.7197
2026-12-02T13:52:00.000000000,2026-12-02T14:02:00.000000000,10,Seq2Seq,voc,56.0,75.5972,-19.5972
2026-12-02T13:53:00.000000000,2026-12-02T14:03:00.000000000,10,Seq2Seq,pm1,18.0,17.6963,0.3037
2026-12-02T13:53:00.000000000,2026-12-02T14:03:00.000000000,10,Seq2Seq,pm2_5,29.0,27.7157,1.2843
2026-12-02T13:53:00.000000000,2026-12-02T14:03:00.000000000,10,Seq2Seq,pm10,37.0,34.351,2.649
2026-12-02T13:53:00.000000000,2026-12-02T14:03:00.000000000,10,Seq2Seq,co2,1773.0,2242.9553,-469.9553
2026-12-02T13:53:00.000000000,2026-12-02T14:03:00.000000000,10,Seq2Seq,voc,53.0,78.6303,-25.6303
2026-12-02T13:54:00.000000000,2026-12-02T14:04:00.000000000,10,Seq2Seq,pm1,18.0,17.8463,0.1537
2026-12-02T13:54:00.000000000,2026-12-02T14:04:00.000000000,10,Seq2Seq,pm2_5,30.0,28.025,1.975
2026-12-02T13:54:00.000000000,2026-12-02T14:04:00.000000000,10,Seq2Seq,pm10,37.0,34.7848,2.2152
2026-12-02T13:54:00.000000000,2026-12-02T14:04:00.000000000,10,Seq2Seq,co2,1668.0,2240.1035,-572.1035
2026-12-02T13:54:00.000000000,2026-12-02T14:04:00.000000000,10,Seq2Seq,voc,50.0,71.4827,-21.4827
2026-12-02T13:55:00.000000000,2026-12-02T14:05:00.000000000,10,Seq2Seq,pm1,18.0,17.9267,0.0733
2026-12-02T13:55:00.000000000,2026-12-02T14:05:00.000000000,10,Seq2Seq,pm2_5,29.0,28.2128,0.7872
2026-12-02T13:55:00.000000000,2026-12-02T14:05:00.000000000,10,Seq2Seq,pm10,37.0,34.9374,2.0626
2026-12-02T13:55:00.000000000,2026-12-02T14:05:00.000000000,10,Seq2Seq,co2,1692.0,2231.1665,-539.1665
2026-12-02T13:55:00.000000000,2026-12-02T14:05:00.000000000,10,Seq2Seq,voc,48.0,72.5659,-24.5659
2026-12-02T13:56:00.000000000,2026-12-02T14:06:00.000000000,10,Seq2Seq,pm1,19.0,17.8904,1.1096
2026-12-02T13:56:00.000000000,2026-12-02T14:06:00.000000000,10,Seq2Seq,pm2_5,30.0,28.1252,1.8748
2026-12-02T13:56:00.000000000,2026-12-02T14:06:00.000000000,10,Seq2Seq,pm10,38.0,34.6396,3.3604
2026-12-02T13:56:00.000000000,2026-12-02T14:06:00.000000000,10,Seq2Seq,co2,1565.0,2218.3643,-653.3643
2026-12-02T13:56:00.000000000,2026-12-02T14:06:00.000000000,10,Seq2Seq,voc,47.0,71.4489,-24.4489
2026-12-02T13:57:00.000000000,2026-12-02T14:07:00.000000000,10,Seq2Seq,pm1,19.0,17.7322,1.2678
2026-12-02T13:57:00.000000000,2026-12-02T14:07:00.000000000,10,Seq2Seq,pm2_5,30.0,27.8666,2.1334
2026-12-02T13:57:00.000000000,2026-12-02T14:07:00.000000000,10,Seq2Seq,pm10,38.0,34.3281,3.6719
2026-12-02T13:57:00.000000000,2026-12-02T14:07:00.000000000,10,Seq2Seq,co2,1606.0,2188.5911,-582.5911
2026-12-02T13:57:00.000000000,2026-12-02T14:07:00.000000000,10,Seq2Seq,voc,47.0,69.0452,-22.0452
2026-12-02T13:58:00.000000000,2026-12-02T14:08:00.000000000,10,Seq2Seq,pm1,20.0,18.0945,1.9055
2026-12-02T13:58:00.000000000,2026-12-02T14:08:00.000000000,10,Seq2Seq,pm2_5,32.0,28.4331,3.5669
2026-12-02T13:58:00.000000000,2026-12-02T14:08:00.000000000,10,Seq2Seq,pm10,40.0,35.4715,4.5285
2026-12-02T13:58:00.000000000,2026-12-02T14:08:00.000000000,10,Seq2Seq,co2,1624.0,2205.9565,-581.9565
2026-12-02T13:58:00.000000000,2026-12-02T14:08:00.000000000,10,Seq2Seq,voc,47.0,66.2103,-19.2103
2026-12-02T13:59:00.000000000,2026-12-02T14:09:00.000000000,10,Seq2Seq,pm1,20.0,18.0483,1.9517
2026-12-02T13:59:00.000000000,2026-12-02T14:09:00.000000000,10,Seq2Seq,pm2_5,32.0,28.4943,3.5057
2026-12-02T13:59:00.000000000,2026-12-02T14:09:00.000000000,10,Seq2Seq,pm10,40.0,35.238,4.762
2026-12-02T13:59:00.000000000,2026-12-02T14:09:00.000000000,10,Seq2Seq,co2,1629.0,2184.5171,-555.5171
2026-12-02T13:59:00.000000000,2026-12-02T14:09:00.000000000,10,Seq2Seq,voc,45.0,67.3203,-22.3203
2026-12-02T14:00:00.000000000,2026-12-02T14:10:00.000000000,10,Seq2Seq,pm1,20.0,18.2601,1.7399
2026-12-02T14:00:00.000000000,2026-12-02T14:10:00.000000000,10,Seq2Seq,pm2_5,32.0,28.8194,3.1806
2026-12-02T14:00:00.000000000,2026-12-02T14:10:00.000000000,10,Seq2Seq,pm10,41.0,35.8096,5.1904
2026-12-02T14:00:00.000000000,2026-12-02T14:10:00.000000000,10,Seq2Seq,co2,1688.0,2163.5286,-475.5286
2026-12-02T14:00:00.000000000,2026-12-02T14:10:00.000000000,10,Seq2Seq,voc,46.0,60.2325,-14.2325
2026-12-02T14:01:00.000000000,2026-12-02T14:11:00.000000000,10,Seq2Seq,pm1,20.0,18.5718,1.4282
2026-12-02T14:01:00.000000000,2026-12-02T14:11:00.000000000,10,Seq2Seq,pm2_5,32.0,29.4202,2.5798
2026-12-02T14:01:00.000000000,2026-12-02T14:11:00.000000000,10,Seq2Seq,pm10,41.0,36.7866,4.2134
2026-12-02T14:01:00.000000000,2026-12-02T14:11:00.000000000,10,Seq2Seq,co2,1717.0,2148.4397,-431.4397
2026-12-02T14:01:00.000000000,2026-12-02T14:11:00.000000000,10,Seq2Seq,voc,51.0,56.7111,-5.7111
2026-12-02T14:02:00.000000000,2026-12-02T14:12:00.000000000,10,Seq2Seq,pm1,20.0,18.8028,1.1972
2026-12-02T14:02:00.000000000,2026-12-02T14:12:00.000000000,10,Seq2Seq,pm2_5,31.0,29.8349,1.1651
2026-12-02T14:02:00.000000000,2026-12-02T14:12:00.000000000,10,Seq2Seq,pm10,39.0,37.0718,1.9282
2026-12-02T14:02:00.000000000,2026-12-02T14:12:00.000000000,10,Seq2Seq,co2,1775.0,2131.2703,-356.2703
2026-12-02T14:02:00.000000000,2026-12-02T14:12:00.000000000,10,Seq2Seq,voc,54.0,55.293,-1.293
2026-12-02T14:03:00.000000000,2026-12-02T14:13:00.000000000,10,Seq2Seq,pm1,20.0,18.9302,1.0698
2026-12-02T14:03:00.000000000,2026-12-02T14:13:00.000000000,10,Seq2Seq,pm2_5,30.0,30.0202,-0.0202
2026-12-02T14:03:00.000000000,2026-12-02T14:13:00.000000000,10,Seq2Seq,pm10,38.0,37.3858,0.6142
2026-12-02T14:03:00.000000000,2026-12-02T14:13:00.000000000,10,Seq2Seq,co2,1752.0,2091.4138,-339.4138
2026-12-02T14:03:00.000000000,2026-12-02T14:13:00.000000000,10,Seq2Seq,voc,55.0,53.351,1.649
2026-12-02T14:04:00.000000000,2026-12-02T14:14:00.000000000,10,Seq2Seq,pm1,18.0,19.2629,-1.2629
2026-12-02T14:04:00.000000000,2026-12-02T14:14:00.000000000,10,Seq2Seq,pm2_5,29.0,30.6062,-1.6062
2026-12-02T14:04:00.000000000,2026-12-02T14:14:00.000000000,10,Seq2Seq,pm10,36.0,38.3222,-2.3222
2026-12-02T14:04:00.000000000,2026-12-02T14:14:00.000000000,10,Seq2Seq,co2,1730.0,2069.3496,-339.3496
2026-12-02T14:04:00.000000000,2026-12-02T14:14:00.000000000,10,Seq2Seq,voc,55.0,46.2347,8.7653
2026-12-02T14:05:00.000000000,2026-12-02T14:15:00.000000000,10,Seq2Seq,pm1,20.0,19.5363,0.4637
2026-12-02T14:05:00.000000000,2026-12-02T14:15:00.000000000,10,Seq2Seq,pm2_5,32.0,31.1367,0.8633
2026-12-02T14:05:00.000000000,2026-12-02T14:15:00.000000000,10,Seq2Seq,pm10,40.0,39.0285,0.9715
2026-12-02T14:05:00.000000000,2026-12-02T14:15:00.000000000,10,Seq2Seq,co2,1735.0,2054.7803,-319.7803
2026-12-02T14:05:00.000000000,2026-12-02T14:15:00.000000000,10,Seq2Seq,voc,50.0,43.2092,6.7908
2026-12-02T14:06:00.000000000,2026-12-02T14:16:00.000000000,10,Seq2Seq,pm1,22.0,19.611,2.389
2026-12-02T14:06:00.000000000,2026-12-02T14:16:00.000000000,10,Seq2Seq,pm2_5,35.0,31.28,3.72
2026-12-02T14:06:00.000000000,2026-12-02T14:16:00.000000000,10,Seq2Seq,pm10,45.0,39.0598,5.9402
2026-12-02T14:06:00.000000000,2026-12-02T14:16:00.000000000,10,Seq2Seq,co2,1719.0,2021.0695,-302.0695
2026-12-02T14:06:00.000000000,2026-12-02T14:16:00.000000000,10,Seq2Seq,voc,46.0,41.3235,4.6765
2026-12-02T14:07:00.000000000,2026-12-02T14:17:00.000000000,10,Seq2Seq,pm1,23.0,20.0272,2.9728
2026-12-02T14:07:00.000000000,2026-12-02T14:17:00.000000000,10,Seq2Seq,pm2_5,36.0,31.8847,4.1153
2026-12-02T14:07:00.000000000,2026-12-02T14:17:00.000000000,10,Seq2Seq,pm10,47.0,40.0992,6.9008
2026-12-02T14:07:00.000000000,2026-12-02T14:17:00.000000000,10,Seq2Seq,co2,1734.0,2005.6608,-271.6608
2026-12-02T14:07:00.000000000,2026-12-02T14:17:00.000000000,10,Seq2Seq,voc,41.0,40.5011,0.4989
2026-12-02T14:08:00.000000000,2026-12-02T14:18:00.000000000,10,Seq2Seq,pm1,23.0,20.1451,2.8549
2026-12-02T14:08:00.000000000,2026-12-02T14:18:00.000000000,10,Seq2Seq,pm2_5,36.0,32.1815,3.8185
2026-12-02T14:08:00.000000000,2026-12-02T14:18:00.000000000,10,Seq2Seq,pm10,47.0,40.4114,6.5886
2026-12-02T14:08:00.000000000,2026-12-02T14:18:00.000000000,10,Seq2Seq,co2,1756.0,1984.5272,-228.5272
2026-12-02T14:08:00.000000000,2026-12-02T14:18:00.000000000,10,Seq2Seq,voc,38.0,38.2843,-0.2843
2026-12-02T14:09:00.000000000,2026-12-02T14:19:00.000000000,10,Seq2Seq,pm1,22.0,20.6589,1.3411
2026-12-02T14:09:00.000000000,2026-12-02T14:19:00.000000000,10,Seq2Seq,pm2_5,36.0,33.0219,2.9781
2026-12-02T14:09:00.000000000,2026-12-02T14:19:00.000000000,10,Seq2Seq,pm10,47.0,41.7387,5.2613
2026-12-02T14:09:00.000000000,2026-12-02T14:19:00.000000000,10,Seq2Seq,co2,1699.0,1985.8716,-286.8716
2026-12-02T14:09:00.000000000,2026-12-02T14:19:00.000000000,10,Seq2Seq,voc,37.0,35.1907,1.8093
2026-12-02T14:10:00.000000000,2026-12-02T14:20:00.000000000,10,Seq2Seq,pm1,23.0,20.8381,2.1619
2026-12-02T14:10:00.000000000,2026-12-02T14:20:00.000000000,10,Seq2Seq,pm2_5,36.0,33.4073,2.5927
2026-12-02T14:10:00.000000000,2026-12-02T14:20:00.000000000,10,Seq2Seq,pm10,46.0,42.1719,3.8281
2026-12-02T14:10:00.000000000,2026-12-02T14:20:00.000000000,10,Seq2Seq,co2,1670.0,1979.0577,-309.0577
2026-12-02T14:10:00.000000000,2026-12-02T14:20:00.000000000,10,Seq2Seq,voc,36.0,33.2468,2.7532
2026-12-02T14:11:00.000000000,2026-12-02T14:21:00.000000000,10,Seq2Seq,pm1,23.0,21.0594,1.9406
2026-12-02T14:11:00.000000000,2026-12-02T14:21:00.000000000,10,Seq2Seq,pm2_5,36.0,33.8062,2.1938
2026-12-02T14:11:00.000000000,2026-12-02T14:21:00.000000000,10,Seq2Seq,pm10,46.0,42.7091,3.2909
2026-12-02T14:11:00.000000000,2026-12-02T14:21:00.000000000,10,Seq2Seq,co2,1679.0,1964.2206,-285.2206
2026-12-02T14:11:00.000000000,2026-12-02T14:21:00.000000000,10,Seq2Seq,voc,36.0,31.6811,4.3189
2026-12-02T14:12:00.000000000,2026-12-02T14:22:00.000000000,10,Seq2Seq,pm1,24.0,21.1889,2.8111
2026-12-02T14:12:00.000000000,2026-12-02T14:22:00.000000000,10,Seq2Seq,pm2_5,37.0,34.0127,2.9873
2026-12-02T14:12:00.000000000,2026-12-02T14:22:00.000000000,10,Seq2Seq,pm10,48.0,43.0369,4.9631
2026-12-02T14:12:00.000000000,2026-12-02T14:22:00.000000000,10,Seq2Seq,co2,1672.0,1959.308,-287.308
2026-12-02T14:12:00.000000000,2026-12-02T14:22:00.000000000,10,Seq2Seq,voc,35.0,34.1896,0.8104
2026-12-02T14:13:00.000000000,2026-12-02T14:23:00.000000000,10,Seq2Seq,pm1,24.0,21.0107,2.9893
2026-12-02T14:13:00.000000000,2026-12-02T14:23:00.000000000,10,Seq2Seq,pm2_5,38.0,33.6746,4.3254
2026-12-02T14:13:00.000000000,2026-12-02T14:23:00.000000000,10,Seq2Seq,pm10,48.0,42.604,5.396
2026-12-02T14:13:00.000000000,2026-12-02T14:23:00.000000000,10,Seq2Seq,co2,1558.0,1946.1437,-388.1437
2026-12-02T14:13:00.000000000,2026-12-02T14:23:00.000000000,10,Seq2Seq,voc,35.0,41.0411,-6.0411
2026-12-02T14:14:00.000000000,2026-12-02T14:24:00.000000000,10,Seq2Seq,pm1,24.0,20.8175,3.1825
2026-12-02T14:14:00.000000000,2026-12-02T14:24:00.000000000,10,Seq2Seq,pm2_5,37.0,33.2798,3.7202
2026-12-02T14:14:00.000000000,2026-12-02T14:24:00.000000000,10,Seq2Seq,pm10,47.0,41.9981,5.0019
2026-12-02T14:14:00.000000000,2026-12-02T14:24:00.000000000,10,Seq2Seq,co2,1574.0,1916.1143,-342.1143
2026-12-02T14:14:00.000000000,2026-12-02T14:24:00.000000000,10,Seq2Seq,voc,33.0,45.6389,-12.6389
2026-12-02T14:15:00.000000000,2026-12-02T14:25:00.000000000,10,Seq2Seq,pm1,24.0,20.199,3.801
2026-12-02T14:15:00.000000000,2026-12-02T14:25:00.000000000,10,Seq2Seq,pm2_5,37.0,32.2916,4.7084
2026-12-02T14:15:00.000000000,2026-12-02T14:25:00.000000000,10,Seq2Seq,pm10,48.0,40.561,7.439
2026-12-02T14:15:00.000000000,2026-12-02T14:25:00.000000000,10,Seq2Seq,co2,1618.0,1871.3892,-253.3892
2026-12-02T14:15:00.000000000,2026-12-02T14:25:00.000000000,10,Seq2Seq,voc,33.0,46.2244,-13.2244
2026-12-02T14:16:00.000000000,2026-12-02T14:26:00.000000000,10,Seq2Seq,pm1,23.0,20.6155,2.3845
2026-12-02T14:16:00.000000000,2026-12-02T14:26:00.000000000,10,Seq2Seq,pm2_5,37.0,32.8522,4.1478
2026-12-02T14:16:00.000000000,2026-12-02T14:26:00.000000000,10,Seq2Seq,pm10,47.0,41.6108,5.3892
2026-12-02T14:16:00.000000000,2026-12-02T14:26:00.000000000,10,Seq2Seq,co2,1814.0,1873.922,-59.922
2026-12-02T14:16:00.000000000,2026-12-02T14:26:00.000000000,10,Seq2Seq,voc,40.0,42.1153,-2.1153
2026-12-02T14:17:00.000000000,2026-12-02T14:27:00.000000000,10,Seq2Seq,pm1,22.0,21.1235,0.8765
2026-12-02T14:17:00.000000000,2026-12-02T14:27:00.000000000,10,Seq2Seq,pm2_5,35.0,33.9437,1.0563
2026-12-02T14:17:00.000000000,2026-12-02T14:27:00.000000000,10,Seq2Seq,pm10,45.0,43.0468,1.9532
2026-12-02T14:17:00.000000000,2026-12-02T14:27:00.000000000,10,Seq2Seq,co2,1991.9999,1919.9465,72.0533
2026-12-02T14:17:00.000000000,2026-12-02T14:27:00.000000000,10,Seq2Seq,voc,54.0,35.1659,18.8341
2026-12-02T14:18:00.000000000,2026-12-02T14:28:00.000000000,10,Seq2Seq,pm1,21.0,21.5818,-0.5818
2026-12-02T14:18:00.000000000,2026-12-02T14:28:00.000000000,10,Seq2Seq,pm2_5,34.0,34.9236,-0.9236
2026-12-02T14:18:00.000000000,2026-12-02T14:28:00.000000000,10,Seq2Seq,pm10,43.0,44.5977,-1.5977
2026-12-02T14:18:00.000000000,2026-12-02T14:28:00.000000000,10,Seq2Seq,co2,2148.0,1961.0981,186.9019
2026-12-02T14:18:00.000000000,2026-12-02T14:28:00.000000000,10,Seq2Seq,voc,60.0,32.3706,27.6294
2026-12-02T14:19:00.000000000,2026-12-02T14:29:00.000000000,10,Seq2Seq,pm1,21.0,21.9344,-0.9344
2026-12-02T14:19:00.000000000,2026-12-02T14:29:00.000000000,10,Seq2Seq,pm2_5,34.0,35.6093,-1.6093
2026-12-02T14:19:00.000000000,2026-12-02T14:29:00.000000000,10,Seq2Seq,pm10,43.0,45.9265,-2.9265
2026-12-02T14:19:00.000000000,2026-12-02T14:29:00.000000000,10,Seq2Seq,co2,2186.0,1981.7017,204.2983
2026-12-02T14:19:00.000000000,2026-12-02T14:29:00.000000000,10,Seq2Seq,voc,67.0,31.9649,35.0351
2026-12-02T14:20:00.000000000,2026-12-02T14:30:00.000000000,10,Seq2Seq,pm1,21.0,22.1969,-1.1969
2026-12-02T14:20:00.000000000,2026-12-02T14:30:00.000000000,10,Seq2Seq,pm2_5,35.0,36.0948,-1.0948
2026-12-02T14:20:00.000000000,2026-12-02T14:30:00.000000000,10,Seq2Seq,pm10,43.0,46.7901,-3.7901
2026-12-02T14:20:00.000000000,2026-12-02T14:30:00.000000000,10,Seq2Seq,co2,2289.0,1977.9165,311.0835
2026-12-02T14:20:00.000000000,2026-12-02T14:30:00.000000000,10,Seq2Seq,voc,78.0,34.9741,43.0259
2026-12-02T14:21:00.000000000,2026-12-02T14:31:00.000000000,10,Seq2Seq,pm1,21.0,22.6058,-1.6058
2026-12-02T14:21:00.000000000,2026-12-02T14:31:00.000000000,10,Seq2Seq,pm2_5,34.0,36.5565,-2.5565
2026-12-02T14:21:00.000000000,2026-12-02T14:31:00.000000000,10,Seq2Seq,pm10,44.0,47.59,-3.59
2026-12-02T14:21:00.000000000,2026-12-02T14:31:00.000000000,10,Seq2Seq,co2,2390.0,1974.7699,415.2301
2026-12-02T14:21:00.000000000,2026-12-02T14:31:00.000000000,10,Seq2Seq,voc,79.0,47.6205,31.3795
2026-12-02T14:22:00.000000000,2026-12-02T14:32:00.000000000,10,Seq2Seq,pm1,20.0,22.7555,-2.7555
2026-12-02T14:22:00.000000000,2026-12-02T14:32:00.000000000,10,Seq2Seq,pm2_5,33.0,36.8029,-3.8029
2026-12-02T14:22:00.000000000,2026-12-02T14:32:00.000000000,10,Seq2Seq,pm10,42.0,47.8215,-5.8215
2026-12-02T14:22:00.000000000,2026-12-02T14:32:00.000000000,10,Seq2Seq,co2,2454.0,1940.6301,513.3699
2026-12-02T14:22:00.000000000,2026-12-02T14:32:00.000000000,10,Seq2Seq,voc,85.0,54.5933,30.4067
2026-12-02T14:23:00.000000000,2026-12-02T14:33:00.000000000,10,Seq2Seq,pm1,21.0,23.1144,-2.1144
2026-12-02T14:23:00.000000000,2026-12-02T14:33:00.000000000,10,Seq2Seq,pm2_5,33.0,37.2927,-4.2927
2026-12-02T14:23:00.000000000,2026-12-02T14:33:00.000000000,10,Seq2Seq,pm10,43.0,48.4884,-5.4884
2026-12-02T14:23:00.000000000,2026-12-02T14:33:00.000000000,10,Seq2Seq,co2,2506.0,1909.8704,596.1296
2026-12-02T14:23:00.000000000,2026-12-02T14:33:00.000000000,10,Seq2Seq,voc,88.0,62.1127,25.8873
2026-12-02T14:24:00.000000000,2026-12-02T14:34:00.000000000,10,Seq2Seq,pm1,21.0,23.2276,-2.2276
2026-12-02T14:24:00.000000000,2026-12-02T14:34:00.000000000,10,Seq2Seq,pm2_5,33.0,37.4625,-4.4625
2026-12-02T14:24:00.000000000,2026-12-02T14:34:00.000000000,10,Seq2Seq,pm10,43.0,48.7883,-5.7883
2026-12-02T14:24:00.000000000,2026-12-02T14:34:00.000000000,10,Seq2Seq,co2,2478.0,1881.2134,596.7866
2026-12-02T14:24:00.000000000,2026-12-02T14:34:00.000000000,10,Seq2Seq,voc,88.0,68.1665,19.8335
2026-12-02T14:25:00.000000000,2026-12-02T14:35:00.000000000,10,Seq2Seq,pm1,21.0,23.2822,-2.2822
2026-12-02T14:25:00.000000000,2026-12-02T14:35:00.000000000,10,Seq2Seq,pm2_5,33.0,37.5388,-4.5388
2026-12-02T14:25:00.000000000,2026-12-02T14:35:00.000000000,10,Seq2Seq,pm10,43.0,48.807,-5.807
2026-12-02T14:25:00.000000000,2026-12-02T14:35:00.000000000,10,Seq2Seq,co2,2605.0,1862.7786,742.2214
2026-12-02T14:25:00.000000000,2026-12-02T14:35:00.000000000,10,Seq2Seq,voc,89.0,78.2953,10.7047
2026-12-02T14:26:00.000000000,2026-12-02T14:36:00.000000000,10,Seq2Seq,pm1,21.0,23.4387,-2.4387
2026-12-02T14:26:00.000000000,2026-12-02T14:36:00.000000000,10,Seq2Seq,pm2_5,33.0,37.7861,-4.7861
2026-12-02T14:26:00.000000000,2026-12-02T14:36:00.000000000,10,Seq2Seq,pm10,43.0,49.0628,-6.0628
2026-12-02T14:26:00.000000000,2026-12-02T14:36:00.000000000,10,Seq2Seq,co2,2562.0,1825.9285,736.0715
2026-12-02T14:26:00.000000000,2026-12-02T14:36:00.000000000,10,Seq2Seq,voc,87.0,86.8933,0.1067
2026-12-02T14:27:00.000000000,2026-12-02T14:37:00.000000000,10,Seq2Seq,pm1,21.0,23.3962,-2.3962
2026-12-02T14:27:00.000000000,2026-12-02T14:37:00.000000000,10,Seq2Seq,pm2_5,34.0,37.7157,-3.7157
2026-12-02T14:27:00.000000000,2026-12-02T14:37:00.000000000,10,Seq2Seq,pm10,43.0,48.899,-5.899
2026-12-02T14:27:00.000000000,2026-12-02T14:37:00.000000000,10,Seq2Seq,co2,2476.0,1812.4718,663.5282
2026-12-02T14:27:00.000000000,2026-12-02T14:37:00.000000000,10,Seq2Seq,voc,90.0,96.3949,-6.3949
2026-12-02T14:28:00.000000000,2026-12-02T14:38:00.000000000,10,Seq2Seq,pm1,21.0,23.2116,-2.2116
2026-12-02T14:28:00.000000000,2026-12-02T14:38:00.000000000,10,Seq2Seq,pm2_5,33.0,37.2889,-4.2889
2026-12-02T14:28:00.000000000,2026-12-02T14:38:00.000000000,10,Seq2Seq,pm10,42.0,48.1092,-6.1092
2026-12-02T14:28:00.000000000,2026-12-02T14:38:00.000000000,10,Seq2Seq,co2,2493.0,1824.6952,668.3048
2026-12-02T14:28:00.000000000,2026-12-02T14:38:00.000000000,10,Seq2Seq,voc,87.0,116.4208,-29.4208
2026-12-02T14:29:00.000000000,2026-12-02T14:39:00.000000000,10,Seq2Seq,pm1,21.0,22.9312,-1.9312
2026-12-02T14:29:00.000000000,2026-12-02T14:39:00.000000000,10,Seq2Seq,pm2_5,33.0,36.7376,-3.7376
2026-12-02T14:29:00.000000000,2026-12-02T14:39:00.000000000,10,Seq2Seq,pm10,42.0,47.1696,-5.1696
2026-12-02T14:29:00.000000000,2026-12-02T14:39:00.000000000,10,Seq2Seq,co2,2428.0,1819.3687,608.6313
2026-12-02T14:29:00.000000000,2026-12-02T14:39:00.000000000,10,Seq2Seq,voc,89.0,130.9449,-41.9449
2026-12-02T14:30:00.000000000,2026-12-02T14:40:00.000000000,10,Seq2Seq,pm1,21.0,22.7867,-1.7867
2026-12-02T14:30:00.000000000,2026-12-02T14:40:00.000000000,10,Seq2Seq,pm2_5,34.0,36.3868,-2.3868
2026-12-02T14:30:00.000000000,2026-12-02T14:40:00.000000000,10,Seq2Seq,pm10,44.0,46.5744,-2.5744
2026-12-02T14:30:00.000000000,2026-12-02T14:40:00.000000000,10,Seq2Seq,co2,2392.0,1815.719,576.281
2026-12-02T14:30:00.000000000,2026-12-02T14:40:00.000000000,10,Seq2Seq,voc,86.0,139.4954,-53.4954
2026-12-02T14:31:00.000000000,2026-12-02T14:41:00.000000000,10,Seq2Seq,pm1,21.0,22.4566,-1.4566
2026-12-02T14:31:00.000000000,2026-12-02T14:41:00.000000000,10,Seq2Seq,pm2_5,34.0,35.8564,-1.8564
2026-12-02T14:31:00.000000000,2026-12-02T14:41:00.000000000,10,Seq2Seq,pm10,41.0,45.8045,-4.8045
2026-12-02T14:31:00.000000000,2026-12-02T14:41:00.000000000,10,Seq2Seq,co2,2454.0,1829.0845,624.9155
2026-12-02T14:31:00.000000000,2026-12-02T14:41:00.000000000,10,Seq2Seq,voc,87.0,142.5641,-55.5641
2026-12-02T14:32:00.000000000,2026-12-02T14:42:00.000000000,10,Seq2Seq,pm1,21.0,22.0738,-1.0738
2026-12-02T14:32:00.000000000,2026-12-02T14:42:00.000000000,10,Seq2Seq,pm2_5,34.0,35.2574,-1.2574
2026-12-02T14:32:00.000000000,2026-12-02T14:42:00.000000000,10,Seq2Seq,pm10,43.0,44.8529,-1.8529
2026-12-02T14:32:00.000000000,2026-12-02T14:42:00.000000000,10,Seq2Seq,co2,2386.0,1862.6716,523.3284
2026-12-02T14:32:00.000000000,2026-12-02T14:42:00.000000000,10,Seq2Seq,voc,82.0,140.5337,-58.5337
2026-12-02T14:33:00.000000000,2026-12-02T14:43:00.000000000,10,Seq2Seq,pm1,21.0,21.5438,-0.5438
2026-12-02T14:33:00.000000000,2026-12-02T14:43:00.000000000,10,Seq2Seq,pm2_5,34.0,34.4631,-0.4631
2026-12-02T14:33:00.000000000,2026-12-02T14:43:00.000000000,10,Seq2Seq,pm10,44.0,43.9431,0.0569
2026-12-02T14:33:00.000000000,2026-12-02T14:43:00.000000000,10,Seq2Seq,co2,2332.0,1913.2479,418.7521
2026-12-02T14:33:00.000000000,2026-12-02T14:43:00.000000000,10,Seq2Seq,voc,75.0,136.1332,-61.1332
2026-12-02T14:34:00.000000000,2026-12-02T14:44:00.000000000,10,Seq2Seq,pm1,21.0,21.4729,-0.4729
2026-12-02T14:34:00.000000000,2026-12-02T14:44:00.000000000,10,Seq2Seq,pm2_5,34.0,34.2838,-0.2838
2026-12-02T14:34:00.000000000,2026-12-02T14:44:00.000000000,10,Seq2Seq,pm10,43.0,43.7039,-0.7039
2026-12-02T14:34:00.000000000,2026-12-02T14:44:00.000000000,10,Seq2Seq,co2,2271.0,1955.8307,315.1693
2026-12-02T14:34:00.000000000,2026-12-02T14:44:00.000000000,10,Seq2Seq,voc,71.0,130.5635,-59.5635
2026-12-02T14:35:00.000000000,2026-12-02T14:45:00.000000000,10,Seq2Seq,pm1,22.0,21.2773,0.7227
2026-12-02T14:35:00.000000000,2026-12-02T14:45:00.000000000,10,Seq2Seq,pm2_5,35.0,34.1012,0.8988
2026-12-02T14:35:00.000000000,2026-12-02T14:45:00.000000000,10,Seq2Seq,pm10,43.0,43.4176,-0.4176
2026-12-02T14:35:00.000000000,2026-12-02T14:45:00.000000000,10,Seq2Seq,co2,2158.0,2007.1665,150.8335
2026-12-02T14:35:00.000000000,2026-12-02T14:45:00.000000000,10,Seq2Seq,voc,69.0,118.8025,-49.8025
2026-12-02T14:36:00.000000000,2026-12-02T14:46:00.000000000,10,Seq2Seq,pm1,22.0,21.0956,0.9044
2026-12-02T14:36:00.000000000,2026-12-02T14:46:00.000000000,10,Seq2Seq,pm2_5,35.0,33.9271,1.0729
2026-12-02T14:36:00.000000000,2026-12-02T14:46:00.000000000,10,Seq2Seq,pm10,45.0,43.2689,1.7311
2026-12-02T14:36:00.000000000,2026-12-02T14:46:00.000000000,10,Seq2Seq,co2,2087.0,2055.969,31.031
2026-12-02T14:36:00.000000000,2026-12-02T14:46:00.000000000,10,Seq2Seq,voc,68.0,109.1058,-41.1058
2026-12-02T14:37:00.000000000,2026-12-02T14:48:00.000000000,10,Seq2Seq,pm1,22.0,21.0179,0.9821
2026-12-02T14:37:00.000000000,2026-12-02T14:48:00.000000000,10,Seq2Seq,pm2_5,36.0,33.8245,2.1755
2026-12-02T14:37:00.000000000,2026-12-02T14:48:00.000000000,10,Seq2Seq,pm10,47.0,43.2026,3.7974
2026-12-02T14:37:00.000000000,2026-12-02T14:48:00.000000000,10,Seq2Seq,co2,2068.0,2099.281,-31.281
2026-12-02T14:37:00.000000000,2026-12-02T14:48:00.000000000,10,Seq2Seq,voc,59.0,99.8172,-40.8172
2026-12-02T14:38:00.000000000,2026-12-02T14:49:00.000000000,10,Seq2Seq,pm1,22.0,20.9859,1.0141
2026-12-02T14:38:00.000000000,2026-12-02T14:49:00.000000000,10,Seq2Seq,pm2_5,36.0,33.8524,2.1476
2026-12-02T14:38:00.000000000,2026-12-02T14:49:00.000000000,10,Seq2Seq,pm10,47.0,43.3454,3.6546
2026-12-02T14:38:00.000000000,2026-12-02T14:49:00.000000000,10,Seq2Seq,co2,2068.0,2132.885,-64.885
2026-12-02T14:38:00.000000000,2026-12-02T14:49:00.000000000,10,Seq2Seq,voc,59.0,91.858,-32.858
2026-12-02T14:39:00.000000000,2026-12-02T14:50:00.000000000,10,Seq2Seq,pm1,23.0,20.7582,2.2418
2026-12-02T14:39:00.000000000,2026-12-02T14:50:00.000000000,10,Seq2Seq,pm2_5,35.0,33.5647,1.4353
2026-12-02T14:39:00.000000000,2026-12-02T14:50:00.000000000,10,Seq2Seq,pm10,45.0,42.9429,2.0571
2026-12-02T14:39:00.000000000,2026-12-02T14:50:00.000000000,10,Seq2Seq,co2,2110.0,2152.7932,-42.7932
2026-12-02T14:39:00.000000000,2026-12-02T14:50:00.000000000,10,Seq2Seq,voc,66.0,88.9655,-22.9655
2026-12-02T14:40:00.000000000,2026-12-02T14:51:00.000000000,10,Seq2Seq,pm1,22.0,20.7459,1.2541
2026-12-02T14:40:00.000000000,2026-12-02T14:51:00.000000000,10,Seq2Seq,pm2_5,35.0,33.5567,1.4433
2026-12-02T14:40:00.000000000,2026-12-02T14:51:00.000000000,10,Seq2Seq,pm10,44.0,42.9785,1.0215
2026-12-02T14:40:00.000000000,2026-12-02T14:51:00.000000000,10,Seq2Seq,co2,2046.0,2158.7268,-112.7268
2026-12-02T14:40:00.000000000,2026-12-02T14:51:00.000000000,10,Seq2Seq,voc,67.0,85.113,-18.113
2026-12-02T14:41:00.000000000,2026-12-02T14:52:00.000000000,10,Seq2Seq,pm1,21.0,20.8434,0.1566
2026-12-02T14:41:00.000000000,2026-12-02T14:52:00.000000000,10,Seq2Seq,pm2_5,34.0,33.778,0.222
2026-12-02T14:41:00.000000000,2026-12-02T14:52:00.000000000,10,Seq2Seq,pm10,43.0,43.2139,-0.2139
2026-12-02T14:41:00.000000000,2026-12-02T14:52:00.000000000,10,Seq2Seq,co2,1998.0,2159.2495,-161.2495
2026-12-02T14:41:00.000000000,2026-12-02T14:52:00.000000000,10,Seq2Seq,voc,67.0,76.1641,-9.1641
2026-12-02T14:42:00.000000000,2026-12-02T14:53:00.000000000,10,Seq2Seq,pm1,21.0,20.6526,0.3474
2026-12-02T14:42:00.000000000,2026-12-02T14:53:00.000000000,10,Seq2Seq,pm2_5,34.0,33.3768,0.6232
2026-12-02T14:42:00.000000000,2026-12-02T14:53:00.000000000,10,Seq2Seq,pm10,43.0,42.7894,0.2106
2026-12-02T14:42:00.000000000,2026-12-02T14:53:00.000000000,10,Seq2Seq,co2,1961.0001,2165.656,-204.6559
2026-12-02T14:42:00.000000000,2026-12-02T14:53:00.000000000,10,Seq2Seq,voc,66.0,78.2008,-12.2008
2026-12-02T14:43:00.000000000,2026-12-02T14:54:00.000000000,10,Seq2Seq,pm1,22.0,20.8275,1.1725
2026-12-02T14:43:00.000000000,2026-12-02T14:54:00.000000000,10,Seq2Seq,pm2_5,35.0,33.6524,1.3476
2026-12-02T14:43:00.000000000,2026-12-02T14:54:00.000000000,10,Seq2Seq,pm10,44.0,43.1561,0.8439
2026-12-02T14:43:00.000000000,2026-12-02T14:54:00.000000000,10,Seq2Seq,co2,1946.0,2150.4651,-204.4651
2026-12-02T14:43:00.000000000,2026-12-02T14:54:00.000000000,10,Seq2Seq,voc,68.0,74.0512,-6.0512
2026-12-02T14:44:00.000000000,2026-12-02T14:55:00.000000000,10,Seq2Seq,pm1,21.0,20.9838,0.0162
2026-12-02T14:44:00.000000000,2026-12-02T14:55:00.000000000,10,Seq2Seq,pm2_5,34.0,33.9409,0.0591
2026-12-02T14:44:00.000000000,2026-12-02T14:55:00.000000000,10,Seq2Seq,pm10,44.0,43.5322,0.4678
2026-12-02T14:44:00.000000000,2026-12-02T14:55:00.000000000,10,Seq2Seq,co2,1899.0,2150.2629,-251.2629
2026-12-02T14:44:00.000000000,2026-12-02T14:55:00.000000000,10,Seq2Seq,voc,63.0,71.1214,-8.1214
2026-12-02T14:45:00.000000000,2026-12-02T14:56:00.000000000,10,Seq2Seq,pm1,21.0,21.0223,-0.0223
2026-12-02T14:45:00.000000000,2026-12-02T14:56:00.000000000,10,Seq2Seq,pm2_5,35.0,34.0009,0.9991
2026-12-02T14:45:00.000000000,2026-12-02T14:56:00.000000000,10,Seq2Seq,pm10,45.0,43.7434,1.2566
2026-12-02T14:45:00.000000000,2026-12-02T14:56:00.000000000,10,Seq2Seq,co2,1876.0,2147.5178,-271.5178
2026-12-02T14:45:00.000000000,2026-12-02T14:56:00.000000000,10,Seq2Seq,voc,61.0,70.6183,-9.6183
2026-12-02T14:46:00.000000000,2026-12-02T14:57:00.000000000,10,Seq2Seq,pm1,22.0,21.2802,0.7198
2026-12-02T14:46:00.000000000,2026-12-02T14:57:00.000000000,10,Seq2Seq,pm2_5,35.0,34.3636,0.6364
2026-12-02T14:46:00.000000000,2026-12-02T14:57:00.000000000,10,Seq2Seq,pm10,43.0,44.294,-1.294
2026-12-02T14:46:00.000000000,2026-12-02T14:57:00.000000000,10,Seq2Seq,co2,1905.0,2138.6897,-233.6897
2026-12-02T14:46:00.000000000,2026-12-02T14:57:00.000000000,10,Seq2Seq,voc,62.0,70.4508,-8.4508
2026-12-02T14:48:00.000000000,2026-12-02T14:58:00.000000000,10,Seq2Seq,pm1,22.0,21.5807,0.4193
2026-12-02T14:48:00.000000000,2026-12-02T14:58:00.000000000,10,Seq2Seq,pm2_5,35.0,34.9738,0.0262
2026-12-02T14:48:00.000000000,2026-12-02T14:58:00.000000000,10,Seq2Seq,pm10,44.0,45.0616,-1.0616
2026-12-02T14:48:00.000000000,2026-12-02T14:58:00.000000000,10,Seq2Seq,co2,1946.0,2125.2542,-179.2542
2026-12-02T14:48:00.000000000,2026-12-02T14:58:00.000000000,10,Seq2Seq,voc,61.0,68.5951,-7.5951
2026-12-02T14:49:00.000000000,2026-12-02T14:59:00.000000000,10,Seq2Seq,pm1,22.0,21.9913,0.0087
2026-12-02T14:49:00.000000000,2026-12-02T14:59:00.000000000,10,Seq2Seq,pm2_5,35.0,35.6275,-0.6275
2026-12-02T14:49:00.000000000,2026-12-02T14:59:00.000000000,10,Seq2Seq,pm10,44.0,46.015,-2.015
2026-12-02T14:49:00.000000000,2026-12-02T14:59:00.000000000,10,Seq2Seq,co2,1840.0,2115.2646,-275.2646
2026-12-02T14:49:00.000000000,2026-12-02T14:59:00.000000000,10,Seq2Seq,voc,59.0,63.4567,-4.4567
2026-12-02T14:50:00.000000000,2026-12-02T15:00:00.000000000,10,Seq2Seq,pm1,22.0,22.186,-0.186
2026-12-02T14:50:00.000000000,2026-12-02T15:00:00.000000000,10,Seq2Seq,pm2_5,35.0,35.8709,-0.8709
2026-12-02T14:50:00.000000000,2026-12-02T15:00:00.000000000,10,Seq2Seq,pm10,45.0,46.5661,-1.5661
2026-12-02T14:50:00.000000000,2026-12-02T15:00:00.000000000,10,Seq2Seq,co2,1827.0,2099.98,-272.98
2026-12-02T14:50:00.000000000,2026-12-02T15:00:00.000000000,10,Seq2Seq,voc,60.0,66.2259,-6.2259
2026-12-02T14:51:00.000000000,2026-12-02T15:01:00.000000000,10,Seq2Seq,pm1,21.0,22.4078,-1.4078
2026-12-02T14:51:00.000000000,2026-12-02T15:01:00.000000000,10,Seq2Seq,pm2_5,34.0,35.9977,-1.9977
2026-12-02T14:51:00.000000000,2026-12-02T15:01:00.000000000,10,Seq2Seq,pm10,43.0,47.0174,-4.0174
2026-12-02T14:51:00.000000000,2026-12-02T15:01:00.000000000,10,Seq2Seq,co2,1873.0,2100.9524,-227.9524
2026-12-02T14:51:00.000000000,2026-12-02T15:01:00.000000000,10,Seq2Seq,voc,60.0,82.8709,-22.8709
2026-12-02T14:52:00.000000000,2026-12-02T15:02:00.000000000,10,Seq2Seq,pm1,21.0,22.4685,-1.4685
2026-12-02T14:52:00.000000000,2026-12-02T15:02:00.000000000,10,Seq2Seq,pm2_5,35.0,36.1465,-1.1465
2026-12-02T14:52:00.000000000,2026-12-02T15:02:00.000000000,10,Seq2Seq,pm10,45.0,47.2166,-2.2166
2026-12-02T14:52:00.000000000,2026-12-02T15:02:00.000000000,10,Seq2Seq,co2,1911.0,2071.2156,-160.2156
2026-12-02T14:52:00.000000000,2026-12-02T15:02:00.000000000,10,Seq2Seq,voc,60.0,86.6551,-26.6551
2026-12-02T14:53:00.000000000,2026-12-02T15:03:00.000000000,10,Seq2Seq,pm1,22.0,22.3666,-0.3666
2026-12-02T14:53:00.000000000,2026-12-02T15:03:00.000000000,10,Seq2Seq,pm2_5,35.0,36.01,-1.01
2026-12-02T14:53:00.000000000,2026-12-02T15:03:00.000000000,10,Seq2Seq,pm10,46.0,46.8561,-0.8561
2026-12-02T14:53:00.000000000,2026-12-02T15:03:00.000000000,10,Seq2Seq,co2,1839.0,2039.3059,-200.3059
2026-12-02T14:53:00.000000000,2026-12-02T15:03:00.000000000,10,Seq2Seq,voc,58.0,92.8884,-34.8884
2026-12-02T14:54:00.000000000,2026-12-02T15:04:00.000000000,10,Seq2Seq,pm1,21.0,22.3665,-1.3665
2026-12-02T14:54:00.000000000,2026-12-02T15:04:00.000000000,10,Seq2Seq,pm2_5,34.0,35.9346,-1.9346
2026-12-02T14:54:00.000000000,2026-12-02T15:04:00.000000000,10,Seq2Seq,pm10,44.0,46.5262,-2.5262
2026-12-02T14:54:00.000000000,2026-12-02T15:04:00.000000000,10,Seq2Seq,co2,1928.0,1997.6002,-69.6002
2026-12-02T14:54:00.000000000,2026-12-02T15:04:00.000000000,10,Seq2Seq,voc,58.0,96.5966,-38.5966
2026-12-02T14:55:00.000000000,2026-12-02T15:05:00.000000000,10,Seq2Seq,pm1,21.0,22.5653,-1.5653
2026-12-02T14:55:00.000000000,2026-12-02T15:05:00.000000000,10,Seq2Seq,pm2_5,34.0,36.1246,-2.1246
2026-12-02T14:55:00.000000000,2026-12-02T15:05:00.000000000,10,Seq2Seq,pm10,43.0,46.6214,-3.6214
2026-12-02T14:55:00.000000000,2026-12-02T15:05:00.000000000,10,Seq2Seq,co2,1950.0,1970.8661,-20.8661
2026-12-02T14:55:00.000000000,2026-12-02T15:05:00.000000000,10,Seq2Seq,voc,58.0,98.0385,-40.0385
2026-12-02T14:56:00.000000000,2026-12-02T15:06:00.000000000,10,Seq2Seq,pm1,22.0,22.3505,-0.3505
2026-12-02T14:56:00.000000000,2026-12-02T15:06:00.000000000,10,Seq2Seq,pm2_5,34.0,35.8981,-1.8981
2026-12-02T14:56:00.000000000,2026-12-02T15:06:00.000000000,10,Seq2Seq,pm10,42.0,46.1216,-4.1216
2026-12-02T14:56:00.000000000,2026-12-02T15:06:00.000000000,10,Seq2Seq,co2,1972.0,1947.6287,24.3713
2026-12-02T14:56:00.000000000,2026-12-02T15:06:00.000000000,10,Seq2Seq,voc,61.0,95.8892,-34.8892
2026-12-02T14:57:00.000000000,2026-12-02T15:07:00.000000000,10,Seq2Seq,pm1,21.0,22.4222,-1.4222
2026-12-02T14:57:00.000000000,2026-12-02T15:07:00.000000000,10,Seq2Seq,pm2_5,34.0,36.0174,-2.0174
2026-12-02T14:57:00.000000000,2026-12-02T15:07:00.000000000,10,Seq2Seq,pm10,44.0,46.3373,-2.3373
2026-12-02T14:57:00.000000000,2026-12-02T15:07:00.000000000,10,Seq2Seq,co2,2011.0001,1920.6804,90.3197
2026-12-02T14:57:00.000000000,2026-12-02T15:07:00.000000000,10,Seq2Seq,voc,61.0,93.2937,-32.2937
2026-12-02T14:58:00.000000000,2026-12-02T15:08:00.000000000,10,Seq2Seq,pm1,21.0,22.4935,-1.4935
2026-12-02T14:58:00.000000000,2026-12-02T15:08:00.000000000,10,Seq2Seq,pm2_5,33.0,35.9305,-2.9305
2026-12-02T14:58:00.000000000,2026-12-02T15:08:00.000000000,10,Seq2Seq,pm10,43.0,46.2836,-3.2836
2026-12-02T14:58:00.000000000,2026-12-02T15:08:00.000000000,10,Seq2Seq,co2,2038.9999,1923.4919,115.5079
2026-12-02T14:58:00.000000000,2026-12-02T15:08:00.000000000,10,Seq2Seq,voc,60.0,99.3042,-39.3042
2026-12-02T14:59:00.000000000,2026-12-02T15:09:00.000000000,10,Seq2Seq,pm1,21.0,22.5687,-1.5687
2026-12-02T14:59:00.000000000,2026-12-02T15:09:00.000000000,10,Seq2Seq,pm2_5,34.0,36.1627,-2.1627
2026-12-02T14:59:00.000000000,2026-12-02T15:09:00.000000000,10,Seq2Seq,pm10,43.0,46.4888,-3.4888
2026-12-02T14:59:00.000000000,2026-12-02T15:09:00.000000000,10,Seq2Seq,co2,2004.0,1909.111,94.889
2026-12-02T14:59:00.000000000,2026-12-02T15:09:00.000000000,10,Seq2Seq,voc,59.0,96.9195,-37.9195
2026-12-02T15:00:00.000000000,2026-12-02T15:10:00.000000000,10,Seq2Seq,pm1,22.0,22.5998,-0.5998
2026-12-02T15:00:00.000000000,2026-12-02T15:10:00.000000000,10,Seq2Seq,pm2_5,34.0,36.2254,-2.2254
2026-12-02T15:00:00.000000000,2026-12-02T15:10:00.000000000,10,Seq2Seq,pm10,44.0,46.5905,-2.5905
2026-12-02T15:00:00.000000000,2026-12-02T15:10:00.000000000,10,Seq2Seq,co2,2020.0,1902.3512,117.6488
2026-12-02T15:00:00.000000000,2026-12-02T15:10:00.000000000,10,Seq2Seq,voc,72.0,96.9684,-24.9684
2026-12-02T15:01:00.000000000,2026-12-02T15:11:00.000000000,10,Seq2Seq,pm1,22.0,22.6248,-0.6248
2026-12-02T15:01:00.000000000,2026-12-02T15:11:00.000000000,10,Seq2Seq,pm2_5,35.0,36.3538,-1.3538
2026-12-02T15:01:00.000000000,2026-12-02T15:11:00.000000000,10,Seq2Seq,pm10,46.0,46.6767,-0.6767
2026-12-02T15:01:00.000000000,2026-12-02T15:11:00.000000000,10,Seq2Seq,co2,1942.9999,1890.3853,52.6146
2026-12-02T15:01:00.000000000,2026-12-02T15:11:00.000000000,10,Seq2Seq,voc,78.0,96.6006,-18.6006
2026-12-02T15:02:00.000000000,2026-12-02T15:12:00.000000000,10,Seq2Seq,pm1,21.0,22.3169,-1.3169
2026-12-02T15:02:00.000000000,2026-12-02T15:12:00.000000000,10,Seq2Seq,pm2_5,34.0,35.8436,-1.8436
2026-12-02T15:02:00.000000000,2026-12-02T15:12:00.000000000,10,Seq2Seq,pm10,44.0,46.0075,-2.0075
2026-12-02T15:02:00.000000000,2026-12-02T15:12:00.000000000,10,Seq2Seq,co2,1944.9999,1879.3516,65.6483
2026-12-02T15:02:00.000000000,2026-12-02T15:12:00.000000000,10,Seq2Seq,voc,70.0,99.5935,-29.5935
2026-12-02T15:03:00.000000000,2026-12-02T15:13:00.000000000,10,Seq2Seq,pm1,22.0,22.4654,-0.4654
2026-12-02T15:03:00.000000000,2026-12-02T15:13:00.000000000,10,Seq2Seq,pm2_5,34.0,36.0351,-2.0351
2026-12-02T15:03:00.000000000,2026-12-02T15:13:00.000000000,10,Seq2Seq,pm10,44.0,46.2423,-2.2423
2026-12-02T15:03:00.000000000,2026-12-02T15:13:00.000000000,10,Seq2Seq,co2,1974.0,1854.2341,119.7659
2026-12-02T15:03:00.000000000,2026-12-02T15:13:00.000000000,10,Seq2Seq,voc,67.0,98.3109,-31.3109
2026-12-02T15:04:00.000000000,2026-12-02T15:14:00.000000000,10,Seq2Seq,pm1,21.0,22.5765,-1.5765
2026-12-02T15:04:00.000000000,2026-12-02T15:14:00.000000000,10,Seq2Seq,pm2_5,34.0,36.0993,-2.0993
2026-12-02T15:04:00.000000000,2026-12-02T15:14:00.000000000,10,Seq2Seq,pm10,44.0,46.2934,-2.2934
2026-12-02T15:04:00.000000000,2026-12-02T15:14:00.000000000,10,Seq2Seq,co2,1912.0,1853.1229,58.8771
2026-12-02T15:04:00.000000000,2026-12-02T15:14:00.000000000,10,Seq2Seq,voc,66.0,100.1615,-34.1615
2026-12-02T15:05:00.000000000,2026-12-02T15:15:00.000000000,10,Seq2Seq,pm1,21.0,22.2493,-1.2493
2026-12-02T15:05:00.000000000,2026-12-02T15:15:00.000000000,10,Seq2Seq,pm2_5,35.0,35.7063,-0.7063
2026-12-02T15:05:00.000000000,2026-12-02T15:15:00.000000000,10,Seq2Seq,pm10,45.0,45.8391,-0.8391
2026-12-02T15:05:00.000000000,2026-12-02T15:15:00.000000000,10,Seq2Seq,co2,1935.0,1861.2985,73.7015
2026-12-02T15:05:00.000000000,2026-12-02T15:15:00.000000000,10,Seq2Seq,voc,60.0,100.1285,-40.1285
2026-12-02T15:06:00.000000000,2026-12-02T15:16:00.000000000,10,Seq2Seq,pm1,21.0,22.1803,-1.1803
2026-12-02T15:06:00.000000000,2026-12-02T15:16:00.000000000,10,Seq2Seq,pm2_5,35.0,35.4927,-0.4927
2026-12-02T15:06:00.000000000,2026-12-02T15:16:00.000000000,10,Seq2Seq,pm10,44.0,45.6095,-1.6095
2026-12-02T15:06:00.000000000,2026-12-02T15:16:00.000000000,10,Seq2Seq,co2,1939.0001,1851.0535,87.9467
2026-12-02T15:06:00.000000000,2026-12-02T15:16:00.000000000,10,Seq2Seq,voc,57.0,102.7271,-45.7271
2026-12-02T15:07:00.000000000,2026-12-02T15:17:00.000000000,10,Seq2Seq,pm1,22.0,22.1997,-0.1997
2026-12-02T15:07:00.000000000,2026-12-02T15:17:00.000000000,10,Seq2Seq,pm2_5,35.0,35.3497,-0.3497
2026-12-02T15:07:00.000000000,2026-12-02T15:17:00.000000000,10,Seq2Seq,pm10,44.0,45.3371,-1.3371
2026-12-02T15:07:00.000000000,2026-12-02T15:17:00.000000000,10,Seq2Seq,co2,1924.0,1851.3324,72.6676
2026-12-02T15:07:00.000000000,2026-12-02T15:17:00.000000000,10,Seq2Seq,voc,55.0,108.005,-53.005
2026-12-02T15:08:00.000000000,2026-12-02T15:18:00.000000000,10,Seq2Seq,pm1,21.0,22.0921,-1.0921
2026-12-02T15:08:00.000000000,2026-12-02T15:18:00.000000000,10,Seq2Seq,pm2_5,34.0,35.3999,-1.3999
2026-12-02T15:08:00.000000000,2026-12-02T15:18:00.000000000,10,Seq2Seq,pm10,44.0,45.179,-1.179
2026-12-02T15:08:00.000000000,2026-12-02T15:18:00.000000000,10,Seq2Seq,co2,1809.0,1849.9821,-40.9821
2026-12-02T15:08:00.000000000,2026-12-02T15:18:00.000000000,10,Seq2Seq,voc,53.0,100.3384,-47.3384
2026-12-02T15:09:00.000000000,2026-12-02T15:19:00.000000000,10,Seq2Seq,pm1,22.0,21.9009,0.0991
2026-12-02T15:09:00.000000000,2026-12-02T15:19:00.000000000,10,Seq2Seq,pm2_5,35.0,35.0059,-0.0059
2026-12-02T15:09:00.000000000,2026-12-02T15:19:00.000000000,10,Seq2Seq,pm10,44.0,44.6834,-0.6834
2026-12-02T15:09:00.000000000,2026-12-02T15:19:00.000000000,10,Seq2Seq,co2,1751.0,1862.8441,-111.8441
2026-12-02T15:09:00.000000000,2026-12-02T15:19:00.000000000,10,Seq2Seq,voc,54.0,103.6367,-49.6367
2026-12-02T15:10:00.000000000,2026-12-02T15:20:00.000000000,10,Seq2Seq,pm1,22.0,21.8311,0.1689
2026-12-02T15:10:00.000000000,2026-12-02T15:20:00.000000000,10,Seq2Seq,pm2_5,35.0,34.9069,0.0931
2026-12-02T15:10:00.000000000,2026-12-02T15:20:00.000000000,10,Seq2Seq,pm10,45.0,44.6229,0.3771
2026-12-02T15:10:00.000000000,2026-12-02T15:20:00.000000000,10,Seq2Seq,co2,1774.0,1859.9673,-85.9673
2026-12-02T15:10:00.000000000,2026-12-02T15:20:00.000000000,10,Seq2Seq,voc,49.0,98.612,-49.612
2026-12-02T15:11:00.000000000,2026-12-02T15:21:00.000000000,10,Seq2Seq,pm1,23.0,21.9896,1.0104
2026-12-02T15:11:00.000000000,2026-12-02T15:21:00.000000000,10,Seq2Seq,pm2_5,37.0,35.1614,1.8386
2026-12-02T15:11:00.000000000,2026-12-02T15:21:00.000000000,10,Seq2Seq,pm10,47.0,44.9618,2.0382
2026-12-02T15:11:00.000000000,2026-12-02T15:21:00.000000000,10,Seq2Seq,co2,1817.0,1887.4202,-70.4202
2026-12-02T15:11:00.000000000,2026-12-02T15:21:00.000000000,10,Seq2Seq,voc,45.0,103.5857,-58.5857
2026-12-02T15:12:00.000000000,2026-12-02T15:22:00.000000000,10,Seq2Seq,pm1,22.0,22.0847,-0.0847
2026-12-02T15:12:00.000000000,2026-12-02T15:22:00.000000000,10,Seq2Seq,pm2_5,36.0,35.4795,0.5205
2026-12-02T15:12:00.000000000,2026-12-02T15:22:00.000000000,10,Seq2Seq,pm10,46.0,45.4333,0.5667
2026-12-02T15:12:00.000000000,2026-12-02T15:22:00.000000000,10,Seq2Seq,co2,1779.0,1905.87,-126.87
2026-12-02T15:12:00.000000000,2026-12-02T15:22:00.000000000,10,Seq2Seq,voc,45.0,100.2921,-55.2921
2026-12-02T15:13:00.000000000,2026-12-02T15:23:00.000000000,10,Seq2Seq,pm1,22.0,21.8113,0.1887
2026-12-02T15:13:00.000000000,2026-12-02T15:23:00.000000000,10,Seq2Seq,pm2_5,36.0,35.0994,0.9006
2026-12-02T15:13:00.000000000,2026-12-02T15:23:00.000000000,10,Seq2Seq,pm10,47.0,45.0374,1.9626
2026-12-02T15:13:00.000000000,2026-12-02T15:23:00.000000000,10,Seq2Seq,co2,1691.0,1913.1012,-222.1012
2026-12-02T15:13:00.000000000,2026-12-02T15:23:00.000000000,10,Seq2Seq,voc,50.0,97.2173,-47.2173
2026-12-02T15:14:00.000000000,2026-12-02T15:24:00.000000000,10,Seq2Seq,pm1,23.0,21.9491,1.0509
2026-12-02T15:14:00.000000000,2026-12-02T15:24:00.000000000,10,Seq2Seq,pm2_5,37.0,35.1517,1.8483
2026-12-02T15:14:00.000000000,2026-12-02T15:24:00.000000000,10,Seq2Seq,pm10,48.0,45.1679,2.8321
2026-12-02T15:14:00.000000000,2026-12-02T15:24:00.000000000,10,Seq2Seq,co2,1687.0,1897.3743,-210.3743
2026-12-02T15:14:00.000000000,2026-12-02T15:24:00.000000000,10,Seq2Seq,voc,49.0,97.4825,-48.4825
2026-12-02T15:15:00.000000000,2026-12-02T15:25:00.000000000,10,Seq2Seq,pm1,23.0,21.8381,1.1619
2026-12-02T15:15:00.000000000,2026-12-02T15:25:00.000000000,10,Seq2Seq,pm2_5,36.0,35.0436,0.9564
2026-12-02T15:15:00.000000000,2026-12-02T15:25:00.000000000,10,Seq2Seq,pm10,47.0,44.9243,2.0757
2026-12-02T15:15:00.000000000,2026-12-02T15:25:00.000000000,10,Seq2Seq,co2,1665.0,1881.0707,-216.0707
2026-12-02T15:15:00.000000000,2026-12-02T15:25:00.000000000,10,Seq2Seq,voc,49.0,93.4027,-44.4027
2026-12-02T15:16:00.000000000,2026-12-02T15:26:00.000000000,10,Seq2Seq,pm1,22.0,21.9673,0.0327
2026-12-02T15:16:00.000000000,2026-12-02T15:26:00.000000000,10,Seq2Seq,pm2_5,35.0,35.2465,-0.2465
2026-12-02T15:16:00.000000000,2026-12-02T15:26:00.000000000,10,Seq2Seq,pm10,45.0,45.2205,-0.2205
2026-12-02T15:16:00.000000000,2026-12-02T15:26:00.000000000,10,Seq2Seq,co2,1625.0,1871.6246,-246.6246
2026-12-02T15:16:00.000000000,2026-12-02T15:26:00.000000000,10,Seq2Seq,voc,52.0,89.5553,-37.5553
2026-12-02T15:17:00.000000000,2026-12-02T15:27:00.000000000,10,Seq2Seq,pm1,21.0,22.0452,-1.0452
2026-12-02T15:17:00.000000000,2026-12-02T15:27:00.000000000,10,Seq2Seq,pm2_5,35.0,35.3131,-0.3131
2026-12-02T15:17:00.000000000,2026-12-02T15:27:00.000000000,10,Seq2Seq,pm10,45.0,45.3384,-0.3384
2026-12-02T15:17:00.000000000,2026-12-02T15:27:00.000000000,10,Seq2Seq,co2,1673.0,1883.0157,-210.0157
2026-12-02T15:17:00.000000000,2026-12-02T15:27:00.000000000,10,Seq2Seq,voc,50.0,89.1714,-39.1714
2026-12-02T15:18:00.000000000,2026-12-02T15:28:00.000000000,10,Seq2Seq,pm1,22.0,22.1666,-0.1666
2026-12-02T15:18:00.000000000,2026-12-02T15:28:00.000000000,10,Seq2Seq,pm2_5,35.0,35.4149,-0.4149
2026-12-02T15:18:00.000000000,2026-12-02T15:28:00.000000000,10,Seq2Seq,pm10,46.0,45.528,0.472
2026-12-02T15:18:00.000000000,2026-12-02T15:28:00.000000000,10,Seq2Seq,co2,1746.0,1882.7343,-136.7343
2026-12-02T15:18:00.000000000,2026-12-02T15:28:00.000000000,10,Seq2Seq,voc,48.0,92.4356,-44.4356
2026-12-02T15:19:00.000000000,2026-12-02T15:29:00.000000000,10,Seq2Seq,pm1,23.0,21.9491,1.0509
2026-12-02T15:19:00.000000000,2026-12-02T15:29:00.000000000,10,Seq2Seq,pm2_5,36.0,35.2453,0.7547
2026-12-02T15:19:00.000000000,2026-12-02T15:29:00.000000000,10,Seq2Seq,pm10,47.0,45.1814,1.8186
2026-12-02T15:19:00.000000000,2026-12-02T15:29:00.000000000,10,Seq2Seq,co2,1796.0,1870.9785,-74.9785
2026-12-02T15:19:00.000000000,2026-12-02T15:29:00.000000000,10,Seq2Seq,voc,47.0,90.8694,-43.8694
2026-12-02T15:20:00.000000000,2026-12-02T15:30:00.000000000,10,Seq2Seq,pm1,23.0,22.1885,0.8115
2026-12-02T15:20:00.000000000,2026-12-02T15:30:00.000000000,10,Seq2Seq,pm2_5,37.0,35.5284,1.4716
2026-12-02T15:20:00.000000000,2026-12-02T15:30:00.000000000,10,Seq2Seq,pm10,47.0,45.6596,1.3404
2026-12-02T15:20:00.000000000,2026-12-02T15:30:00.000000000,10,Seq2Seq,co2,1740.0,1865.9521,-125.9521
2026-12-02T15:20:00.000000000,2026-12-02T15:30:00.000000000,10,Seq2Seq,voc,47.0,93.4957,-46.4957
2026-12-02T15:21:00.000000000,2026-12-02T15:31:00.000000000,10,Seq2Seq,pm1,23.0,22.2545,0.7455
2026-12-02T15:21:00.000000000,2026-12-02T15:31:00.000000000,10,Seq2Seq,pm2_5,37.0,35.7056,1.2944
2026-12-02T15:21:00.000000000,2026-12-02T15:31:00.000000000,10,Seq2Seq,pm10,47.0,45.7096,1.2904
2026-12-02T15:21:00.000000000,2026-12-02T15:31:00.000000000,10,Seq2Seq,co2,1790.0,1847.0675,-57.0675
2026-12-02T15:21:00.000000000,2026-12-02T15:31:00.000000000,10,Seq2Seq,voc,49.0,88.8626,-39.8626
2026-12-02T15:22:00.000000000,2026-12-02T15:32:00.000000000,10,Seq2Seq,pm1,23.0,22.5653,0.4347
2026-12-02T15:22:00.000000000,2026-12-02T15:32:00.000000000,10,Seq2Seq,pm2_5,37.0,36.1474,0.8526
2026-12-02T15:22:00.000000000,2026-12-02T15:32:00.000000000,10,Seq2Seq,pm10,47.0,46.4908,0.5092
2026-12-02T15:22:00.000000000,2026-12-02T15:32:00.000000000,10,Seq2Seq,co2,1744.0,1838.902,-94.902
2026-12-02T15:22:00.000000000,2026-12-02T15:32:00.000000000,10,Seq2Seq,voc,47.0,84.0919,-37.0919
2026-12-02T15:23:00.000000000,2026-12-02T15:33:00.000000000,10,Seq2Seq,pm1,23.0,22.5484,0.4516
2026-12-02T15:23:00.000000000,2026-12-02T15:33:00.000000000,10,Seq2Seq,pm2_5,37.0,36.2082,0.7918
2026-12-02T15:23:00.000000000,2026-12-02T15:33:00.000000000,10,Seq2Seq,pm10,48.0,46.6518,1.3482
2026-12-02T15:23:00.000000000,2026-12-02T15:33:00.000000000,10,Seq2Seq,co2,1702.0,1855.1532,-153.1532
2026-12-02T15:23:00.000000000,2026-12-02T15:33:00.000000000,10,Seq2Seq,voc,46.0,85.3623,-39.3623
2026-12-02T15:24:00.000000000,2026-12-02T15:34:00.000000000,10,Seq2Seq,pm1,23.0,22.7683,0.2317
2026-12-02T15:24:00.000000000,2026-12-02T15:34:00.000000000,10,Seq2Seq,pm2_5,37.0,36.5958,0.4042
2026-12-02T15:24:00.000000000,2026-12-02T15:34:00.000000000,10,Seq2Seq,pm10,48.0,47.2736,0.7264
2026-12-02T15:24:00.000000000,2026-12-02T15:34:00.000000000,10,Seq2Seq,co2,1697.0,1851.9028,-154.9028
2026-12-02T15:24:00.000000000,2026-12-02T15:34:00.000000000,10,Seq2Seq,voc,45.0,93.522,-48.522
2026-12-02T15:25:00.000000000,2026-12-02T15:35:00.000000000,10,Seq2Seq,pm1,23.0,23.0218,-0.0218
2026-12-02T15:25:00.000000000,2026-12-02T15:35:00.000000000,10,Seq2Seq,pm2_5,37.0,36.9346,0.0654
2026-12-02T15:25:00.000000000,2026-12-02T15:35:00.000000000,10,Seq2Seq,pm10,47.0,47.7518,-0.7518
2026-12-02T15:25:00.000000000,2026-12-02T15:35:00.000000000,10,Seq2Seq,co2,1652.0,1841.9419,-189.9419
2026-12-02T15:25:00.000000000,2026-12-02T15:35:00.000000000,10,Seq2Seq,voc,44.0,97.1921,-53.1921
2026-12-02T15:26:00.000000000,2026-12-02T15:36:00.000000000,10,Seq2Seq,pm1,23.0,22.9749,0.0251
2026-12-02T15:26:00.000000000,2026-12-02T15:36:00.000000000,10,Seq2Seq,pm2_5,37.0,36.8582,0.1418
2026-12-02T15:26:00.000000000,2026-12-02T15:36:00.000000000,10,Seq2Seq,pm10,47.0,47.6552,-0.6552
2026-12-02T15:26:00.000000000,2026-12-02T15:36:00.000000000,10,Seq2Seq,co2,1680.0,1831.8247,-151.8247
2026-12-02T15:26:00.000000000,2026-12-02T15:36:00.000000000,10,Seq2Seq,voc,44.0,101.444,-57.444
2026-12-02T15:27:00.000000000,2026-12-02T15:37:00.000000000,10,Seq2Seq,pm1,23.0,22.7677,0.2323
2026-12-02T15:27:00.000000000,2026-12-02T15:37:00.000000000,10,Seq2Seq,pm2_5,37.0,36.5408,0.4592
2026-12-02T15:27:00.000000000,2026-12-02T15:37:00.000000000,10,Seq2Seq,pm10,48.0,47.1602,0.8398
2026-12-02T15:27:00.000000000,2026-12-02T15:37:00.000000000,10,Seq2Seq,co2,1654.0,1804.7842,-150.7842
2026-12-02T15:27:00.000000000,2026-12-02T15:37:00.000000000,10,Seq2Seq,voc,44.0,108.8177,-64.8177
2026-12-02T15:28:00.000000000,2026-12-02T15:38:00.000000000,10,Seq2Seq,pm1,23.0,22.74,0.26
2026-12-02T15:28:00.000000000,2026-12-02T15:38:00.000000000,10,Seq2Seq,pm2_5,38.0,36.5082,1.4918
2026-12-02T15:28:00.000000000,2026-12-02T15:38:00.000000000,10,Seq2Seq,pm10,48.0,46.8487,1.1513
2026-12-02T15:28:00.000000000,2026-12-02T15:38:00.000000000,10,Seq2Seq,co2,1590.0,1764.9232,-174.9232
2026-12-02T15:28:00.000000000,2026-12-02T15:38:00.000000000,10,Seq2Seq,voc,65.0,110.5947,-45.5947
2026-12-02T15:29:00.000000000,2026-12-02T15:39:00.000000000,10,Seq2Seq,pm1,23.0,22.8653,0.1347
2026-12-02T15:29:00.000000000,2026-12-02T15:39:00.000000000,10,Seq2Seq,pm2_5,37.0,36.4876,0.5124
2026-12-02T15:29:00.000000000,2026-12-02T15:39:00.000000000,10,Seq2Seq,pm10,46.0,46.6895,-0.6895
2026-12-02T15:29:00.000000000,2026-12-02T15:39:00.000000000,10,Seq2Seq,co2,1532.0,1738.1027,-206.1027
2026-12-02T15:29:00.000000000,2026-12-02T15:39:00.000000000,10,Seq2Seq,voc,117.0,114.9487,2.0514
2026-12-02T15:30:00.000000000,2026-12-02T15:40:00.000000000,10,Seq2Seq,pm1,23.0,23.0084,-0.0084
2026-12-02T15:30:00.000000000,2026-12-02T15:40:00.000000000,10,Seq2Seq,pm2_5,37.0,36.6727,0.3273
2026-12-02T15:30:00.000000000,2026-12-02T15:40:00.000000000,10,Seq2Seq,pm10,48.0,46.9968,1.0032
2026-12-02T15:30:00.000000000,2026-12-02T15:40:00.000000000,10,Seq2Seq,co2,1530.0,1735.068,-205.068
2026-12-02T15:30:00.000000000,2026-12-02T15:40:00.000000000,10,Seq2Seq,voc,99.0,112.7547,-13.7547
2026-12-02T15:31:00.000000000,2026-12-02T15:41:00.000000000,10,Seq2Seq,pm1,23.0,23.011,-0.011
2026-12-02T15:31:00.000000000,2026-12-02T15:41:00.000000000,10,Seq2Seq,pm2_5,37.0,36.7767,0.2233
2026-12-02T15:31:00.000000000,2026-12-02T15:41:00.000000000,10,Seq2Seq,pm10,47.0,47.2944,-0.2944
2026-12-02T15:31:00.000000000,2026-12-02T15:41:00.000000000,10,Seq2Seq,co2,1601.0,1744.7369,-143.7369
2026-12-02T15:31:00.000000000,2026-12-02T15:41:00.000000000,10,Seq2Seq,voc,74.0,109.3436,-35.3436
2026-12-02T15:32:00.000000000,2026-12-02T15:42:00.000000000,10,Seq2Seq,pm1,23.0,23.0318,-0.0318
2026-12-02T15:32:00.000000000,2026-12-02T15:42:00.000000000,10,Seq2Seq,pm2_5,37.0,36.9027,0.0973
2026-12-02T15:32:00.000000000,2026-12-02T15:42:00.000000000,10,Seq2Seq,pm10,47.0,47.5013,-0.5013
2026-12-02T15:32:00.000000000,2026-12-02T15:42:00.000000000,10,Seq2Seq,co2,1670.0,1764.6733,-94.6733
2026-12-02T15:32:00.000000000,2026-12-02T15:42:00.000000000,10,Seq2Seq,voc,61.0,111.0556,-50.0556
2026-12-02T15:33:00.000000000,2026-12-02T15:43:00.000000000,10,Seq2Seq,pm1,23.0,23.0586,-0.0586
2026-12-02T15:33:00.000000000,2026-12-02T15:43:00.000000000,10,Seq2Seq,pm2_5,37.0,36.9305,0.0695
2026-12-02T15:33:00.000000000,2026-12-02T15:43:00.000000000,10,Seq2Seq,pm10,48.0,47.5786,0.4214
2026-12-02T15:33:00.000000000,2026-12-02T15:43:00.000000000,10,Seq2Seq,co2,1684.0,1769.5713,-85.5713
2026-12-02T15:33:00.000000000,2026-12-02T15:43:00.000000000,10,Seq2Seq,voc,71.0,112.7883,-41.7883
2026-12-02T15:34:00.000000000,2026-12-02T15:44:00.000000000,10,Seq2Seq,pm1,23.0,23.1573,-0.1573
2026-12-02T15:34:00.000000000,2026-12-02T15:44:00.000000000,10,Seq2Seq,pm2_5,37.0,37.1429,-0.1429
2026-12-02T15:34:00.000000000,2026-12-02T15:44:00.000000000,10,Seq2Seq,pm10,49.0,47.8312,1.1688
2026-12-02T15:34:00.000000000,2026-12-02T15:44:00.000000000,10,Seq2Seq,co2,1652.0,1768.9531,-116.9531
2026-12-02T15:34:00.000000000,2026-12-02T15:44:00.000000000,10,Seq2Seq,voc,72.0,114.6181,-42.6181
2026-12-02T15:35:00.000000000,2026-12-02T15:45:00.000000000,10,Seq2Seq,pm1,23.0,23.1642,-0.1642
2026-12-02T15:35:00.000000000,2026-12-02T15:45:00.000000000,10,Seq2Seq,pm2_5,37.0,37.1611,-0.1611
2026-12-02T15:35:00.000000000,2026-12-02T15:45:00.000000000,10,Seq2Seq,pm10,48.0,47.8908,0.1092
2026-12-02T15:35:00.000000000,2026-12-02T15:45:00.000000000,10,Seq2Seq,co2,1647.0,1765.4231,-118.4231
2026-12-02T15:35:00.000000000,2026-12-02T15:45:00.000000000,10,Seq2Seq,voc,64.0,117.1588,-53.1588
2026-12-02T15:36:00.000000000,2026-12-02T15:46:00.000000000,10,Seq2Seq,pm1,23.0,23.2377,-0.2377
2026-12-02T15:36:00.000000000,2026-12-02T15:46:00.000000000,10,Seq2Seq,pm2_5,38.0,37.2274,0.7726
2026-12-02T15:36:00.000000000,2026-12-02T15:46:00.000000000,10,Seq2Seq,pm10,48.0,48.0638,-0.0638
2026-12-02T15:36:00.000000000,2026-12-02T15:46:00.000000000,10,Seq2Seq,co2,1655.0,1767.3837,-112.3837
2026-12-02T15:36:00.000000000,2026-12-02T15:46:00.000000000,10,Seq2Seq,voc,57.0,120.0679,-63.0679
2026-12-02T15:37:00.000000000,2026-12-02T15:47:00.000000000,10,Seq2Seq,pm1,24.0,23.276,0.724
2026-12-02T15:37:00.000000000,2026-12-02T15:47:00.000000000,10,Seq2Seq,pm2_5,37.0,37.3128,-0.3128
2026-12-02T15:37:00.000000000,2026-12-02T15:47:00.000000000,10,Seq2Seq,pm10,48.0,48.1288,-0.1288
2026-12-02T15:37:00.000000000,2026-12-02T15:47:00.000000000,10,Seq2Seq,co2,1727.0,1758.1327,-31.1327
2026-12-02T15:37:00.000000000,2026-12-02T15:47:00.000000000,10,Seq2Seq,voc,52.0,122.7748,-70.7748
2026-12-02T15:38:00.000000000,2026-12-02T15:48:00.000000000,10,Seq2Seq,pm1,23.0,23.3767,-0.3767
2026-12-02T15:38:00.000000000,2026-12-02T15:48:00.000000000,10,Seq2Seq,pm2_5,37.0,37.502,-0.502
2026-12-02T15:38:00.000000000,2026-12-02T15:48:00.000000000,10,Seq2Seq,pm10,47.0,48.3157,-1.3157
2026-12-02T15:38:00.000000000,2026-12-02T15:48:00.000000000,10,Seq2Seq,co2,1636.0,1752.0378,-116.0378
2026-12-02T15:38:00.000000000,2026-12-02T15:48:00.000000000,10,Seq2Seq,voc,51.0,123.843,-72.843
2026-12-02T15:39:00.000000000,2026-12-02T15:49:00.000000000,10,Seq2Seq,pm1,23.0,23.4358,-0.4358
2026-12-02T15:39:00.000000000,2026-12-02T15:49:00.000000000,10,Seq2Seq,pm2_5,37.0,37.5705,-0.5705
2026-12-02T15:39:00.000000000,2026-12-02T15:49:00.000000000,10,Seq2Seq,pm10,49.0,48.5774,0.4226
2026-12-02T15:39:00.000000000,2026-12-02T15:49:00.000000000,10,Seq2Seq,co2,1636.0,1752.0015,-116.0015
2026-12-02T15:39:00.000000000,2026-12-02T15:49:00.000000000,10,Seq2Seq,voc,54.0,135.5056,-81.5056
2026-12-02T15:40:00.000000000,2026-12-02T15:50:00.000000000,10,Seq2Seq,pm1,23.0,23.3835,-0.3835
2026-12-02T15:40:00.000000000,2026-12-02T15:50:00.000000000,10,Seq2Seq,pm2_5,38.0,37.292,0.708
2026-12-02T15:40:00.000000000,2026-12-02T15:50:00.000000000,10,Seq2Seq,pm10,48.0,48.2361,-0.2361
2026-12-02T15:40:00.000000000,2026-12-02T15:50:00.000000000,10,Seq2Seq,co2,1619.0,1773.5317,-154.5317
2026-12-02T15:40:00.000000000,2026-12-02T15:50:00.000000000,10,Seq2Seq,voc,68.0,173.1621,-105.1621
2026-12-02T15:41:00.000000000,2026-12-02T15:51:00.000000000,10,Seq2Seq,pm1,23.0,23.4804,-0.4804
2026-12-02T15:41:00.000000000,2026-12-02T15:51:00.000000000,10,Seq2Seq,pm2_5,37.0,37.505,-0.505
2026-12-02T15:41:00.000000000,2026-12-02T15:51:00.000000000,10,Seq2Seq,pm10,49.0,48.0645,0.9355
2026-12-02T15:41:00.000000000,2026-12-02T15:51:00.000000000,10,Seq2Seq,co2,1651.0,1723.5099,-72.5099
2026-12-02T15:41:00.000000000,2026-12-02T15:51:00.000000000,10,Seq2Seq,voc,73.0,172.6525,-99.6525
2026-12-02T15:42:00.000000000,2026-12-02T15:52:00.000000000,10,Seq2Seq,pm1,23.0,23.4184,-0.4184
2026-12-02T15:42:00.000000000,2026-12-02T15:52:00.000000000,10,Seq2Seq,pm2_5,37.0,37.4051,-0.4051
2026-12-02T15:42:00.000000000,2026-12-02T15:52:00.000000000,10,Seq2Seq,pm10,48.0,47.89,0.11
2026-12-02T15:42:00.000000000,2026-12-02T15:52:00.000000000,10,Seq2Seq,co2,1688.0,1680.8375,7.1625
2026-12-02T15:42:00.000000000,2026-12-02T15:52:00.000000000,10,Seq2Seq,voc,68.0,151.3319,-83.3319
2026-12-02T15:43:00.000000000,2026-12-02T15:53:00.000000000,10,Seq2Seq,pm1,23.0,23.4211,-0.4211
2026-12-02T15:43:00.000000000,2026-12-02T15:53:00.000000000,10,Seq2Seq,pm2_5,37.0,37.4136,-0.4136
2026-12-02T15:43:00.000000000,2026-12-02T15:53:00.000000000,10,Seq2Seq,pm10,48.0,47.9072,0.0928
2026-12-02T15:43:00.000000000,2026-12-02T15:53:00.000000000,10,Seq2Seq,co2,1727.0,1657.6632,69.3368
2026-12-02T15:43:00.000000000,2026-12-02T15:53:00.000000000,10,Seq2Seq,voc,61.0,138.7595,-77.7595
2026-12-02T15:44:00.000000000,2026-12-02T15:54:00.000000000,10,Seq2Seq,pm1,23.0,23.4215,-0.4215
2026-12-02T15:44:00.000000000,2026-12-02T15:54:00.000000000,10,Seq2Seq,pm2_5,37.0,37.452,-0.452
2026-12-02T15:44:00.000000000,2026-12-02T15:54:00.000000000,10,Seq2Seq,pm10,48.0,47.9944,0.0056
2026-12-02T15:44:00.000000000,2026-12-02T15:54:00.000000000,10,Seq2Seq,co2,1700.0,1658.816,41.184
2026-12-02T15:44:00.000000000,2026-12-02T15:54:00.000000000,10,Seq2Seq,voc,57.0,142.7318,-85.7318
2026-12-02T15:45:00.000000000,2026-12-02T15:55:00.000000000,10,Seq2Seq,pm1,23.0,23.3974,-0.3974
2026-12-02T15:45:00.000000000,2026-12-02T15:55:00.000000000,10,Seq2Seq,pm2_5,37.0,37.4288,-0.4288
2026-12-02T15:45:00.000000000,2026-12-02T15:55:00.000000000,10,Seq2Seq,pm10,48.0,47.9443,0.0557
2026-12-02T15:45:00.000000000,2026-12-02T15:55:00.000000000,10,Seq2Seq,co2,1728.0,1663.8879,64.1121
2026-12-02T15:45:00.000000000,2026-12-02T15:55:00.000000000,10,Seq2Seq,voc,55.0,146.9214,-91.9214
2026-12-02T15:46:00.000000000,2026-12-02T15:56:00.000000000,10,Seq2Seq,pm1,23.0,23.2937,-0.2937
2026-12-02T15:46:00.000000000,2026-12-02T15:56:00.000000000,10,Seq2Seq,pm2_5,37.0,37.2547,-0.2547
2026-12-02T15:46:00.000000000,2026-12-02T15:56:00.000000000,10,Seq2Seq,pm10,47.0,47.7733,-0.7733
2026-12-02T15:46:00.000000000,2026-12-02T15:56:00.000000000,10,Seq2Seq,co2,1694.0,1666.2743,27.7257
2026-12-02T15:46:00.000000000,2026-12-02T15:56:00.000000000,10,Seq2Seq,voc,53.0,143.0618,-90.0618
2026-12-02T15:47:00.000000000,2026-12-02T15:57:00.000000000,10,Seq2Seq,pm1,23.0,23.2781,-0.2781
2026-12-02T15:47:00.000000000,2026-12-02T15:57:00.000000000,10,Seq2Seq,pm2_5,37.0,37.2354,-0.2354
2026-12-02T15:47:00.000000000,2026-12-02T15:57:00.000000000,10,Seq2Seq,pm10,48.0,47.8193,0.1807
2026-12-02T15:47:00.000000000,2026-12-02T15:57:00.000000000,10,Seq2Seq,co2,1667.0,1655.6859,11.3141
2026-12-02T15:47:00.000000000,2026-12-02T15:57:00.000000000,10,Seq2Seq,voc,54.0,136.1802,-82.1802
2026-12-02T15:48:00.000000000,2026-12-02T15:58:00.000000000,10,Seq2Seq,pm1,23.0,23.3363,-0.3363
2026-12-02T15:48:00.000000000,2026-12-02T15:58:00.000000000,10,Seq2Seq,pm2_5,37.0,37.1994,-0.1994
2026-12-02T15:48:00.000000000,2026-12-02T15:58:00.000000000,10,Seq2Seq,pm10,48.0,47.7297,0.2703
2026-12-02T15:48:00.000000000,2026-12-02T15:58:00.000000000,10,Seq2Seq,co2,1702.0,1670.3721,31.6279
2026-12-02T15:48:00.000000000,2026-12-02T15:58:00.000000000,10,Seq2Seq,voc,55.0,137.2792,-82.2792
2026-12-02T15:49:00.000000000,2026-12-02T15:59:00.000000000,10,Seq2Seq,pm1,23.0,23.2266,-0.2266
2026-12-02T15:49:00.000000000,2026-12-02T15:59:00.000000000,10,Seq2Seq,pm2_5,36.0,37.1746,-1.1746
2026-12-02T15:49:00.000000000,2026-12-02T15:59:00.000000000,10,Seq2Seq,pm10,48.0,47.7741,0.2259
2026-12-02T15:49:00.000000000,2026-12-02T15:59:00.000000000,10,Seq2Seq,co2,1668.0,1679.2391,-11.2391
2026-12-02T15:49:00.000000000,2026-12-02T15:59:00.000000000,10,Seq2Seq,voc,59.0,133.2683,-74.2683
2026-12-02T15:50:00.000000000,2026-12-02T16:00:00.000000000,10,Seq2Seq,pm1,23.0,23.3259,-0.3259
2026-12-02T15:50:00.000000000,2026-12-02T16:00:00.000000000,10,Seq2Seq,pm2_5,37.0,37.4201,-0.4201
2026-12-02T15:50:00.000000000,2026-12-02T16:00:00.000000000,10,Seq2Seq,pm10,48.0,48.043,-0.043
2026-12-02T15:50:00.000000000,2026-12-02T16:00:00.000000000,10,Seq2Seq,co2,1673.0,1682.3571,-9.3571
2026-12-02T15:50:00.000000000,2026-12-02T16:00:00.000000000,10,Seq2Seq,voc,62.0,137.9662,-75.9662
2026-12-02T15:51:00.000000000,2026-12-02T16:01:00.000000000,10,Seq2Seq,pm1,23.0,23.3661,-0.3661
2026-12-02T15:51:00.000000000,2026-12-02T16:01:00.000000000,10,Seq2Seq,pm2_5,37.0,37.4329,-0.4329
2026-12-02T15:51:00.000000000,2026-12-02T16:01:00.000000000,10,Seq2Seq,pm10,47.0,48.2611,-1.2611
2026-12-02T15:51:00.000000000,2026-12-02T16:01:00.000000000,10,Seq2Seq,co2,1726.0,1699.7635,26.2365
2026-12-02T15:51:00.000000000,2026-12-02T16:01:00.000000000,10,Seq2Seq,voc,63.0,144.5835,-81.5835
2026-12-02T15:52:00.000000000,2026-12-02T16:02:00.000000000,10,Seq2Seq,pm1,23.0,23.387,-0.387
2026-12-02T15:52:00.000000000,2026-12-02T16:02:00.000000000,10,Seq2Seq,pm2_5,37.0,37.4398,-0.4398
2026-12-02T15:52:00.000000000,2026-12-02T16:02:00.000000000,10,Seq2Seq,pm10,48.0,48.0725,-0.0725
2026-12-02T15:52:00.000000000,2026-12-02T16:02:00.000000000,10,Seq2Seq,co2,1704.0,1704.2123,-0.2123
2026-12-02T15:52:00.000000000,2026-12-02T16:02:00.000000000,10,Seq2Seq,voc,64.0,152.5705,-88.5705
2026-12-02T15:53:00.000000000,2026-12-02T16:03:00.000000000,10,Seq2Seq,pm1,23.0,23.3485,-0.3485
2026-12-02T15:53:00.000000000,2026-12-02T16:03:00.000000000,10,Seq2Seq,pm2_5,37.0,37.322,-0.322
2026-12-02T15:53:00.000000000,2026-12-02T16:03:00.000000000,10,Seq2Seq,pm10,47.0,47.9847,-0.9847
2026-12-02T15:53:00.000000000,2026-12-02T16:03:00.000000000,10,Seq2Seq,co2,1644.0,1697.873,-53.873
2026-12-02T15:53:00.000000000,2026-12-02T16:03:00.000000000,10,Seq2Seq,voc,72.0,151.248,-79.248
2026-12-02T15:54:00.000000000,2026-12-02T16:04:00.000000000,10,Seq2Seq,pm1,23.0,23.3495,-0.3495
2026-12-02T15:54:00.000000000,2026-12-02T16:04:00.000000000,10,Seq2Seq,pm2_5,37.0,37.2922,-0.2922
2026-12-02T15:54:00.000000000,2026-12-02T16:04:00.000000000,10,Seq2Seq,pm10,48.0,47.9269,0.0731
2026-12-02T15:54:00.000000000,2026-12-02T16:04:00.000000000,10,Seq2Seq,co2,1609.0,1686.0959,-77.0959
2026-12-02T15:54:00.000000000,2026-12-02T16:04:00.000000000,10,Seq2Seq,voc,82.0,146.638,-64.638
2026-12-02T15:55:00.000000000,2026-12-02T16:05:00.000000000,10,Seq2Seq,pm1,23.0,23.3739,-0.3739
2026-12-02T15:55:00.000000000,2026-12-02T16:05:00.000000000,10,Seq2Seq,pm2_5,37.0,37.3509,-0.3509
2026-12-02T15:55:00.000000000,2026-12-02T16:05:00.000000000,10,Seq2Seq,pm10,48.0,48.023,-0.023
2026-12-02T15:55:00.000000000,2026-12-02T16:05:00.000000000,10,Seq2Seq,co2,1610.0,1689.9254,-79.9254
2026-12-02T15:55:00.000000000,2026-12-02T16:05:00.000000000,10,Seq2Seq,voc,87.0,142.9739,-55.9739
2026-12-02T15:56:00.000000000,2026-12-02T16:06:00.000000000,10,Seq2Seq,pm1,23.0,23.3918,-0.3918
2026-12-02T15:56:00.000000000,2026-12-02T16:06:00.000000000,10,Seq2Seq,pm2_5,38.0,37.4223,0.5777
2026-12-02T15:56:00.000000000,2026-12-02T16:06:00.000000000,10,Seq2Seq,pm10,49.0,48.1313,0.8687
2026-12-02T15:56:00.000000000,2026-12-02T16:06:00.000000000,10,Seq2Seq,co2,1668.0,1700.7789,-32.7789
2026-12-02T15:56:00.000000000,2026-12-02T16:06:00.000000000,10,Seq2Seq,voc,95.0,141.2487,-46.2487
2026-12-02T15:57:00.000000000,2026-12-02T16:07:00.000000000,10,Seq2Seq,pm1,24.0,23.3545,0.6455
2026-12-02T15:57:00.000000000,2026-12-02T16:07:00.000000000,10,Seq2Seq,pm2_5,38.0,37.3348,0.6652
2026-12-02T15:57:00.000000000,2026-12-02T16:07:00.000000000,10,Seq2Seq,pm10,50.0,48.0596,1.9404
2026-12-02T15:57:00.000000000,2026-12-02T16:07:00.000000000,10,Seq2Seq,co2,1592.0,1709.2708,-117.2708
2026-12-02T15:57:00.000000000,2026-12-02T16:07:00.000000000,10,Seq2Seq,voc,152.0,139.7446,12.2554
2026-12-02T15:58:00.000000000,2026-12-02T16:08:00.000000000,10,Seq2Seq,pm1,23.0,23.3616,-0.3616
2026-12-02T15:58:00.000000000,2026-12-02T16:08:00.000000000,10,Seq2Seq,pm2_5,38.0,37.3939,0.6061
2026-12-02T15:58:00.000000000,2026-12-02T16:08:00.000000000,10,Seq2Seq,pm10,49.0,48.0571,0.9429
2026-12-02T15:58:00.000000000,2026-12-02T16:08:00.000000000,10,Seq2Seq,co2,1626.0,1705.2847,-79.2847
2026-12-02T15:58:00.000000000,2026-12-02T16:08:00.000000000,10,Seq2Seq,voc,151.0,140.1186,10.8814
2026-12-02T15:59:00.000000000,2026-12-02T16:09:00.000000000,10,Seq2Seq,pm1,23.0,23.3425,-0.3425
2026-12-02T15:59:00.000000000,2026-12-02T16:09:00.000000000,10,Seq2Seq,pm2_5,37.0,37.3692,-0.3692
2026-12-02T15:59:00.000000000,2026-12-02T16:09:00.000000000,10,Seq2Seq,pm10,48.0,48.0274,-0.0274
2026-12-02T15:59:00.000000000,2026-12-02T16:09:00.000000000,10,Seq2Seq,co2,1653.0,1709.754,-56.754
2026-12-02T15:59:00.000000000,2026-12-02T16:09:00.000000000,10,Seq2Seq,voc,115.0,140.1982,-25.1982
2026-12-02T16:00:00.000000000,2026-12-02T16:10:00.000000000,10,Seq2Seq,pm1,23.0,23.2938,-0.2938
2026-12-02T16:00:00.000000000,2026-12-02T16:10:00.000000000,10,Seq2Seq,pm2_5,37.0,37.2435,-0.2435
2026-12-02T16:00:00.000000000,2026-12-02T16:10:00.000000000,10,Seq2Seq,pm10,48.0,47.8168,0.1832
2026-12-02T16:00:00.000000000,2026-12-02T16:10:00.000000000,10,Seq2Seq,co2,1627.0,1713.225,-86.225
2026-12-02T16:00:00.000000000,2026-12-02T16:10:00.000000000,10,Seq2Seq,voc,109.0,144.6734,-35.6734
2026-12-02T16:01:00.000000000,2026-12-02T16:11:00.000000000,10,Seq2Seq,pm1,23.0,23.3665,-0.3665
2026-12-02T16:01:00.000000000,2026-12-02T16:11:00.000000000,10,Seq2Seq,pm2_5,36.0,37.3849,-1.3849
2026-12-02T16:01:00.000000000,2026-12-02T16:11:00.000000000,10,Seq2Seq,pm10,47.0,48.142,-1.142
2026-12-02T16:01:00.000000000,2026-12-02T16:11:00.000000000,10,Seq2Seq,co2,1654.0,1710.9045,-56.9045
2026-12-02T16:01:00.000000000,2026-12-02T16:11:00.000000000,10,Seq2Seq,voc,118.0,145.7189,-27.7189
2026-12-02T16:02:00.000000000,2026-12-02T16:12:00.000000000,10,Seq2Seq,pm1,23.0,23.3781,-0.3781
2026-12-02T16:02:00.000000000,2026-12-02T16:12:00.000000000,10,Seq2Seq,pm2_5,37.0,37.3557,-0.3557
2026-12-02T16:02:00.000000000,2026-12-02T16:12:00.000000000,10,Seq2Seq,pm10,48.0,48.1023,-0.1023
2026-12-02T16:02:00.000000000,2026-12-02T16:12:00.000000000,10,Seq2Seq,co2,1632.0,1719.8447,-87.8447
2026-12-02T16:02:00.000000000,2026-12-02T16:12:00.000000000,10,Seq2Seq,voc,239.0,145.1154,93.8846
2026-12-02T16:03:00.000000000,2026-12-02T16:13:00.000000000,10,Seq2Seq,pm1,23.0,23.4404,-0.4404
2026-12-02T16:03:00.000000000,2026-12-02T16:13:00.000000000,10,Seq2Seq,pm2_5,37.0,37.4945,-0.4945
2026-12-02T16:03:00.000000000,2026-12-02T16:13:00.000000000,10,Seq2Seq,pm10,47.0,48.2338,-1.2338
2026-12-02T16:03:00.000000000,2026-12-02T16:13:00.000000000,10,Seq2Seq,co2,1608.0,1719.5367,-111.5367
2026-12-02T16:03:00.000000000,2026-12-02T16:13:00.000000000,10,Seq2Seq,voc,200.0,145.3223,54.6777
2026-12-02T16:04:00.000000000,2026-12-02T16:14:00.000000000,10,Seq2Seq,pm1,23.0,23.4234,-0.4234
2026-12-02T16:04:00.000000000,2026-12-02T16:14:00.000000000,10,Seq2Seq,pm2_5,36.0,37.4541,-1.4541
2026-12-02T16:04:00.000000000,2026-12-02T16:14:00.000000000,10,Seq2Seq,pm10,46.0,48.2501,-2.2501
2026-12-02T16:04:00.000000000,2026-12-02T16:14:00.000000000,10,Seq2Seq,co2,1647.0,1730.2,-83.2
2026-12-02T16:04:00.000000000,2026-12-02T16:14:00.000000000,10,Seq2Seq,voc,153.0,149.1651,3.8349
2026-12-02T16:05:00.000000000,2026-12-02T16:15:00.000000000,10,Seq2Seq,pm1,23.0,23.4366,-0.4366
2026-12-02T16:05:00.000000000,2026-12-02T16:15:00.000000000,10,Seq2Seq,pm2_5,36.0,37.5411,-1.5411
2026-12-02T16:05:00.000000000,2026-12-02T16:15:00.000000000,10,Seq2Seq,pm10,47.0,48.2687,-1.2687
2026-12-02T16:05:00.000000000,2026-12-02T16:15:00.000000000,10,Seq2Seq,co2,1725.0,1722.8771,2.1229
2026-12-02T16:05:00.000000000,2026-12-02T16:15:00.000000000,10,Seq2Seq,voc,123.0,155.0767,-32.0767
2026-12-02T16:06:00.000000000,2026-12-02T16:16:00.000000000,10,Seq2Seq,pm1,22.0,23.4079,-1.4079
2026-12-02T16:06:00.000000000,2026-12-02T16:16:00.000000000,10,Seq2Seq,pm2_5,36.0,37.4739,-1.4739
2026-12-02T16:06:00.000000000,2026-12-02T16:16:00.000000000,10,Seq2Seq,pm10,46.0,48.1449,-2.1449
2026-12-02T16:06:00.000000000,2026-12-02T16:16:00.000000000,10,Seq2Seq,co2,1685.0,1713.0924,-28.0924
2026-12-02T16:06:00.000000000,2026-12-02T16:16:00.000000000,10,Seq2Seq,voc,103.0,158.2008,-55.2008
2026-12-02T16:07:00.000000000,2026-12-02T16:17:00.000000000,10,Seq2Seq,pm1,22.0,23.5109,-1.5109
2026-12-02T16:07:00.000000000,2026-12-02T16:17:00.000000000,10,Seq2Seq,pm2_5,36.0,37.6429,-1.6429
2026-12-02T16:07:00.000000000,2026-12-02T16:17:00.000000000,10,Seq2Seq,pm10,46.0,48.4446,-2.4446
2026-12-02T16:07:00.000000000,2026-12-02T16:17:00.000000000,10,Seq2Seq,co2,1685.0,1702.3004,-17.3004
2026-12-02T16:07:00.000000000,2026-12-02T16:17:00.000000000,10,Seq2Seq,voc,103.0,160.5052,-57.5052
2026-12-02T16:08:00.000000000,2026-12-02T16:18:00.000000000,10,Seq2Seq,pm1,22.0,23.6996,-1.6996
2026-12-02T16:08:00.000000000,2026-12-02T16:18:00.000000000,10,Seq2Seq,pm2_5,36.0,37.8165,-1.8165
2026-12-02T16:08:00.000000000,2026-12-02T16:18:00.000000000,10,Seq2Seq,pm10,47.0,48.9301,-1.9301
2026-12-02T16:08:00.000000000,2026-12-02T16:18:00.000000000,10,Seq2Seq,co2,1685.0,1724.3102,-39.3102
2026-12-02T16:08:00.000000000,2026-12-02T16:18:00.000000000,10,Seq2Seq,voc,81.0,198.1058,-117.1058
2026-12-02T16:09:00.000000000,2026-12-02T16:19:00.000000000,10,Seq2Seq,pm1,23.0,23.6379,-0.6379
2026-12-02T16:09:00.000000000,2026-12-02T16:19:00.000000000,10,Seq2Seq,pm2_5,36.0,37.8218,-1.8218
2026-12-02T16:09:00.000000000,2026-12-02T16:19:00.000000000,10,Seq2Seq,pm10,47.0,48.6949,-1.6949
2026-12-02T16:09:00.000000000,2026-12-02T16:19:00.000000000,10,Seq2Seq,co2,1655.0,1726.1113,-71.1113
2026-12-02T16:09:00.000000000,2026-12-02T16:19:00.000000000,10,Seq2Seq,voc,78.0,199.8825,-121.8825
2026-12-02T16:10:00.000000000,2026-12-02T16:20:00.000000000,10,Seq2Seq,pm1,23.0,23.5557,-0.5557
2026-12-02T16:10:00.000000000,2026-12-02T16:20:00.000000000,10,Seq2Seq,pm2_5,36.0,37.5943,-1.5943
2026-12-02T16:10:00.000000000,2026-12-02T16:20:00.000000000,10,Seq2Seq,pm10,48.0,48.2292,-0.2292
2026-12-02T16:10:00.000000000,2026-12-02T16:20:00.000000000,10,Seq2Seq,co2,1677.0,1690.333,-13.333
2026-12-02T16:10:00.000000000,2026-12-02T16:20:00.000000000,10,Seq2Seq,voc,84.0,180.0213,-96.0213
2026-12-02T16:11:00.000000000,2026-12-02T16:21:00.000000000,10,Seq2Seq,pm1,23.0,23.4699,-0.4699
2026-12-02T16:11:00.000000000,2026-12-02T16:21:00.000000000,10,Seq2Seq,pm2_5,37.0,37.4833,-0.4833
2026-12-02T16:11:00.000000000,2026-12-02T16:21:00.000000000,10,Seq2Seq,pm10,48.0,48.1178,-0.1178
2026-12-02T16:11:00.000000000,2026-12-02T16:21:00.000000000,10,Seq2Seq,co2,1732.0,1654.0532,77.9468
2026-12-02T16:11:00.000000000,2026-12-02T16:21:00.000000000,10,Seq2Seq,voc,264.0,168.9994,95.0006
2026-12-02T16:12:00.000000000,2026-12-02T16:22:00.000000000,10,Seq2Seq,pm1,23.0,23.3513,-0.3513
2026-12-02T16:12:00.000000000,2026-12-02T16:22:00.000000000,10,Seq2Seq,pm2_5,36.0,37.2226,-1.2226
2026-12-02T16:12:00.000000000,2026-12-02T16:22:00.000000000,10,Seq2Seq,pm10,47.0,47.7293,-0.7293
2026-12-02T16:12:00.000000000,2026-12-02T16:22:00.000000000,10,Seq2Seq,co2,1713.0,1651.8777,61.1223
2026-12-02T16:12:00.000000000,2026-12-02T16:22:00.000000000,10,Seq2Seq,voc,489.0,175.2701,313.7299
2026-12-02T16:13:00.000000000,2026-12-02T16:23:00.000000000,10,Seq2Seq,pm1,23.0,23.3993,-0.3993
2026-12-02T16:13:00.000000000,2026-12-02T16:23:00.000000000,10,Seq2Seq,pm2_5,36.0,37.1542,-1.1542
2026-12-02T16:13:00.000000000,2026-12-02T16:23:00.000000000,10,Seq2Seq,pm10,48.0,48.0341,-0.0341
2026-12-02T16:13:00.000000000,2026-12-02T16:23:00.000000000,10,Seq2Seq,co2,1677.0,1677.7631,-0.7631
2026-12-02T16:13:00.000000000,2026-12-02T16:23:00.000000000,10,Seq2Seq,voc,499.0,247.7215,251.2785
2026-12-02T16:14:00.000000000,2026-12-02T16:24:00.000000000,10,Seq2Seq,pm1,23.0,23.4609,-0.4609
2026-12-02T16:14:00.000000000,2026-12-02T16:24:00.000000000,10,Seq2Seq,pm2_5,36.0,37.0716,-1.0716
2026-12-02T16:14:00.000000000,2026-12-02T16:24:00.000000000,10,Seq2Seq,pm10,47.0,47.3929,-0.3929
2026-12-02T16:14:00.000000000,2026-12-02T16:24:00.000000000,10,Seq2Seq,co2,1661.0,1660.6748,0.3252
2026-12-02T16:14:00.000000000,2026-12-02T16:24:00.000000000,10,Seq2Seq,voc,499.0,246.0589,252.9411
2026-12-02T16:15:00.000000000,2026-12-02T16:25:00.000000000,10,Seq2Seq,pm1,23.0,23.2258,-0.2258
2026-12-02T16:15:00.000000000,2026-12-02T16:25:00.000000000,10,Seq2Seq,pm2_5,37.0,36.7473,0.2527
2026-12-02T16:15:00.000000000,2026-12-02T16:25:00.000000000,10,Seq2Seq,pm10,47.0,46.7919,0.2081
2026-12-02T16:15:00.000000000,2026-12-02T16:25:00.000000000,10,Seq2Seq,co2,1700.0,1599.1719,100.8281
2026-12-02T16:15:00.000000000,2026-12-02T16:25:00.000000000,10,Seq2Seq,voc,499.0,206.7471,292.2529
2026-12-02T16:16:00.000000000,2026-12-02T16:26:00.000000000,10,Seq2Seq,pm1,23.0,23.1045,-0.1045
2026-12-02T16:16:00.000000000,2026-12-02T16:26:00.000000000,10,Seq2Seq,pm2_5,37.0,36.6175,0.3825
2026-12-02T16:16:00.000000000,2026-12-02T16:26:00.000000000,10,Seq2Seq,pm10,47.0,46.5867,0.4133
2026-12-02T16:16:00.000000000,2026-12-02T16:26:00.000000000,10,Seq2Seq,co2,1701.0,1553.5841,147.4159
2026-12-02T16:16:00.000000000,2026-12-02T16:26:00.000000000,10,Seq2Seq,voc,499.0,178.161,320.839
2026-12-02T16:17:00.000000000,2026-12-02T16:27:00.000000000,10,Seq2Seq,pm1,22.0,22.8689,-0.8689
2026-12-02T16:17:00.000000000,2026-12-02T16:27:00.000000000,10,Seq2Seq,pm2_5,36.0,36.3418,-0.3418
2026-12-02T16:17:00.000000000,2026-12-02T16:27:00.000000000,10,Seq2Seq,pm10,46.0,46.2606,-0.2606
2026-12-02T16:17:00.000000000,2026-12-02T16:27:00.000000000,10,Seq2Seq,co2,1708.0,1549.4985,158.5015
2026-12-02T16:17:00.000000000,2026-12-02T16:27:00.000000000,10,Seq2Seq,voc,499.0,159.0839,339.9161
2026-12-02T16:18:00.000000000,2026-12-02T16:28:00.000000000,10,Seq2Seq,pm1,23.0,22.8414,0.1586
2026-12-02T16:18:00.000000000,2026-12-02T16:28:00.000000000,10,Seq2Seq,pm2_5,36.0,36.2894,-0.2894
2026-12-02T16:18:00.000000000,2026-12-02T16:28:00.000000000,10,Seq2Seq,pm10,46.0,46.2551,-0.2551
2026-12-02T16:18:00.000000000,2026-12-02T16:28:00.000000000,10,Seq2Seq,co2,1736.0,1564.6,171.4
2026-12-02T16:18:00.000000000,2026-12-02T16:28:00.000000000,10,Seq2Seq,voc,498.0,158.4076,339.5924
2026-12-02T16:19:00.000000000,2026-12-02T16:29:00.000000000,10,Seq2Seq,pm1,22.0,22.8479,-0.8479
2026-12-02T16:19:00.000000000,2026-12-02T16:29:00.000000000,10,Seq2Seq,pm2_5,36.0,36.3039,-0.3039
2026-12-02T16:19:00.000000000,2026-12-02T16:29:00.000000000,10,Seq2Seq,pm10,47.0,46.152,0.848
2026-12-02T16:19:00.000000000,2026-12-02T16:29:00.000000000,10,Seq2Seq,co2,1734.0,1573.1266,160.8734
2026-12-02T16:19:00.000000000,2026-12-02T16:29:00.000000000,10,Seq2Seq,voc,497.0,147.9266,349.0734
2026-12-02T16:20:00.000000000,2026-12-02T16:30:00.000000000,10,Seq2Seq,pm1,23.0,22.9198,0.0802
2026-12-02T16:20:00.000000000,2026-12-02T16:30:00.000000000,10,Seq2Seq,pm2_5,37.0,36.3579,0.6421
2026-12-02T16:20:00.000000000,2026-12-02T16:30:00.000000000,10,Seq2Seq,pm10,47.0,46.4352,0.5648
2026-12-02T16:20:00.000000000,2026-12-02T16:30:00.000000000,10,Seq2Seq,co2,1662.0,1594.7002,67.2998
2026-12-02T16:20:00.000000000,2026-12-02T16:30:00.000000000,10,Seq2Seq,voc,496.0,144.8428,351.1572
2026-12-02T16:21:00.000000000,2026-12-02T16:31:00.000000000,10,Seq2Seq,pm1,23.0,22.9572,0.0428
2026-12-02T16:21:00.000000000,2026-12-02T16:31:00.000000000,10,Seq2Seq,pm2_5,37.0,36.5852,0.4148
2026-12-02T16:21:00.000000000,2026-12-02T16:31:00.000000000,10,Seq2Seq,pm10,46.0,46.7778,-0.7778
2026-12-02T16:21:00.000000000,2026-12-02T16:31:00.000000000,10,Seq2Seq,co2,1671.0,1622.8242,48.1758
2026-12-02T16:21:00.000000000,2026-12-02T16:31:00.000000000,10,Seq2Seq,voc,495.0,145.1255,349.8745
2026-12-02T16:22:00.000000000,2026-12-02T16:32:00.000000000,10,Seq2Seq,pm1,23.0,22.9459,0.0541
2026-12-02T16:22:00.000000000,2026-12-02T16:32:00.000000000,10,Seq2Seq,pm2_5,37.0,36.3438,0.6562
2026-12-02T16:22:00.000000000,2026-12-02T16:32:00.000000000,10,Seq2Seq,pm10,47.0,47.1266,-0.1266
2026-12-02T16:22:00.000000000,2026-12-02T16:32:00.000000000,10,Seq2Seq,co2,1780.0,1707.6316,72.3684
2026-12-02T16:22:00.000000000,2026-12-02T16:32:00.000000000,10,Seq2Seq,voc,493.0,250.4616,242.5384
2026-12-02T16:23:00.000000000,2026-12-02T16:33:00.000000000,10,Seq2Seq,pm1,23.0,22.8546,0.1454
2026-12-02T16:23:00.000000000,2026-12-02T16:33:00.000000000,10,Seq2Seq,pm2_5,37.0,35.7787,1.2213
2026-12-02T16:23:00.000000000,2026-12-02T16:33:00.000000000,10,Seq2Seq,pm10,47.0,46.179,0.821
2026-12-02T16:23:00.000000000,2026-12-02T16:33:00.000000000,10,Seq2Seq,co2,1766.0,1770.9462,-4.9462
2026-12-02T16:23:00.000000000,2026-12-02T16:33:00.000000000,10,Seq2Seq,voc,493.0,376.5309,116.4691
2026-12-02T16:24:00.000000000,2026-12-02T16:34:00.000000000,10,Seq2Seq,pm1,23.0,23.0156,-0.0156
2026-12-02T16:24:00.000000000,2026-12-02T16:34:00.000000000,10,Seq2Seq,pm2_5,37.0,35.9292,1.0708
2026-12-02T16:24:00.000000000,2026-12-02T16:34:00.000000000,10,Seq2Seq,pm10,48.0,46.173,1.827
2026-12-02T16:24:00.000000000,2026-12-02T16:34:00.000000000,10,Seq2Seq,co2,1731.0,1722.2865,8.7135
2026-12-02T16:24:00.000000000,2026-12-02T16:34:00.000000000,10,Seq2Seq,voc,493.0,397.2652,95.7348
2026-12-02T16:25:00.000000000,2026-12-02T16:36:00.000000000,10,Seq2Seq,pm1,23.0,22.992,0.008
2026-12-02T16:25:00.000000000,2026-12-02T16:36:00.000000000,10,Seq2Seq,pm2_5,38.0,35.8748,2.1252
2026-12-02T16:25:00.000000000,2026-12-02T16:36:00.000000000,10,Seq2Seq,pm10,47.0,46.2001,0.7999
2026-12-02T16:25:00.000000000,2026-12-02T16:36:00.000000000,10,Seq2Seq,co2,1648.0,1614.2415,33.7585
2026-12-02T16:25:00.000000000,2026-12-02T16:36:00.000000000,10,Seq2Seq,voc,492.0,379.2189,112.7811
2026-12-02T16:26:00.000000000,2026-12-02T16:37:00.000000000,10,Seq2Seq,pm1,23.0,23.1127,-0.1127
2026-12-02T16:26:00.000000000,2026-12-02T16:37:00.000000000,10,Seq2Seq,pm2_5,37.0,36.0417,0.9583
2026-12-02T16:26:00.000000000,2026-12-02T16:37:00.000000000,10,Seq2Seq,pm10,47.0,46.4147,0.5853
2026-12-02T16:26:00.000000000,2026-12-02T16:37:00.000000000,10,Seq2Seq,co2,1651.0,1535.1074,115.8926
2026-12-02T16:26:00.000000000,2026-12-02T16:37:00.000000000,10,Seq2Seq,voc,492.0,365.1797,126.8203
2026-12-02T16:27:00.000000000,2026-12-02T16:38:00.000000000,10,Seq2Seq,pm1,23.0,23.2036,-0.2036
2026-12-02T16:27:00.000000000,2026-12-02T16:38:00.000000000,10,Seq2Seq,pm2_5,37.0,36.0732,0.9268
2026-12-02T16:27:00.000000000,2026-12-02T16:38:00.000000000,10,Seq2Seq,pm10,48.0,46.3878,1.6122
2026-12-02T16:27:00.000000000,2026-12-02T16:38:00.000000000,10,Seq2Seq,co2,1611.0,1487.7942,123.2058
2026-12-02T16:27:00.000000000,2026-12-02T16:38:00.000000000,10,Seq2Seq,voc,490.0,359.3997,130.6003
2026-12-02T16:28:00.000000000,2026-12-02T16:39:00.000000000,10,Seq2Seq,pm1,23.0,23.0469,-0.0469
2026-12-02T16:28:00.000000000,2026-12-02T16:39:00.000000000,10,Seq2Seq,pm2_5,37.0,35.7617,1.2383
2026-12-02T16:28:00.000000000,2026-12-02T16:39:00.000000000,10,Seq2Seq,pm10,47.0,45.8853,1.1147
2026-12-02T16:28:00.000000000,2026-12-02T16:39:00.000000000,10,Seq2Seq,co2,1605.0,1463.0049,141.9951
2026-12-02T16:28:00.000000000,2026-12-02T16:39:00.000000000,10,Seq2Seq,voc,481.0,352.3648,128.6352
2026-12-02T16:29:00.000000000,2026-12-02T16:40:00.000000000,10,Seq2Seq,pm1,23.0,23.1273,-0.1273
2026-12-02T16:29:00.000000000,2026-12-02T16:40:00.000000000,10,Seq2Seq,pm2_5,37.0,35.7367,1.2633
2026-12-02T16:29:00.000000000,2026-12-02T16:40:00.000000000,10,Seq2Seq,pm10,47.0,45.8933,1.1067
2026-12-02T16:29:00.000000000,2026-12-02T16:40:00.000000000,10,Seq2Seq,co2,1666.0,1429.2349,236.7651
2026-12-02T16:29:00.000000000,2026-12-02T16:40:00.000000000,10,Seq2Seq,voc,482.0,355.856,126.144
2026-12-02T16:30:00.000000000,2026-12-02T16:41:00.000000000,10,Seq2Seq,pm1,23.0,22.9808,0.0192
2026-12-02T16:30:00.000000000,2026-12-02T16:41:00.000000000,10,Seq2Seq,pm2_5,37.0,35.6325,1.3675
2026-12-02T16:30:00.000000000,2026-12-02T16:41:00.000000000,10,Seq2Seq,pm10,48.0,45.5703,2.4297
2026-12-02T16:30:00.000000000,2026-12-02T16:41:00.000000000,10,Seq2Seq,co2,1633.0,1412.3011,220.6989
2026-12-02T16:30:00.000000000,2026-12-02T16:41:00.000000000,10,Seq2Seq,voc,477.0,344.3383,132.6617
2026-12-02T16:31:00.000000000,2026-12-02T16:42:00.000000000,10,Seq2Seq,pm1,23.0,23.0559,-0.0559
2026-12-02T16:31:00.000000000,2026-12-02T16:42:00.000000000,10,Seq2Seq,pm2_5,37.0,35.668,1.332
2026-12-02T16:31:00.000000000,2026-12-02T16:42:00.000000000,10,Seq2Seq,pm10,47.0,45.7954,1.2046
2026-12-02T16:31:00.000000000,2026-12-02T16:42:00.000000000,10,Seq2Seq,co2,1626.0,1396.4113,229.5887
2026-12-02T16:31:00.000000000,2026-12-02T16:42:00.000000000,10,Seq2Seq,voc,471.0,345.0785,125.9215
2026-12-02T16:32:00.000000000,2026-12-02T16:43:00.000000000,10,Seq2Seq,pm1,23.0,22.9819,0.0181
2026-12-02T16:32:00.000000000,2026-12-02T16:43:00.000000000,10,Seq2Seq,pm2_5,37.0,35.583,1.417
2026-12-02T16:32:00.000000000,2026-12-02T16:43:00.000000000,10,Seq2Seq,pm10,48.0,45.5864,2.4136
2026-12-02T16:32:00.000000000,2026-12-02T16:43:00.000000000,10,Seq2Seq,co2,1676.0,1387.8732,288.1268
2026-12-02T16:32:00.000000000,2026-12-02T16:43:00.000000000,10,Seq2Seq,voc,472.0,341.5461,130.4539
2026-12-02T16:33:00.000000000,2026-12-02T16:44:00.000000000,10,Seq2Seq,pm1,23.0,23.0778,-0.0778
2026-12-02T16:33:00.000000000,2026-12-02T16:44:00.000000000,10,Seq2Seq,pm2_5,37.0,35.6898,1.3102
2026-12-02T16:33:00.000000000,2026-12-02T16:44:00.000000000,10,Seq2Seq,pm10,48.0,45.7405,2.2595
2026-12-02T16:33:00.000000000,2026-12-02T16:44:00.000000000,10,Seq2Seq,co2,1558.0,1382.4275,175.5725
2026-12-02T16:33:00.000000000,2026-12-02T16:44:00.000000000,10,Seq2Seq,voc,466.0,341.3711,124.6289
2026-12-02T16:34:00.000000000,2026-12-02T16:45:00.000000000,10,Seq2Seq,pm1,23.0,23.1659,-0.1659
2026-12-02T16:34:00.000000000,2026-12-02T16:45:00.000000000,10,Seq2Seq,pm2_5,37.0,35.7633,1.2367
2026-12-02T16:34:00.000000000,2026-12-02T16:45:00.000000000,10,Seq2Seq,pm10,48.0,45.9251,2.0749
2026-12-02T16:34:00.000000000,2026-12-02T16:45:00.000000000,10,Seq2Seq,co2,1568.0,1388.407,179.593
2026-12-02T16:34:00.000000000,2026-12-02T16:45:00.000000000,10,Seq2Seq,voc,454.0,342.6977,111.3023
2026-12-02T16:36:00.000000000,2026-12-02T16:46:00.000000000,10,Seq2Seq,pm1,23.0,23.223,-0.223
2026-12-02T16:36:00.000000000,2026-12-02T16:46:00.000000000,10,Seq2Seq,pm2_5,37.0,35.9153,1.0847
2026-12-02T16:36:00.000000000,2026-12-02T16:46:00.000000000,10,Seq2Seq,pm10,48.0,46.1276,1.8724
2026-12-02T16:36:00.000000000,2026-12-02T16:46:00.000000000,10,Seq2Seq,co2,1582.0,1394.1671,187.8329
2026-12-02T16:36:00.000000000,2026-12-02T16:46:00.000000000,10,Seq2Seq,voc,438.0,343.5273,94.4727
2026-12-02T16:37:00.000000000,2026-12-02T16:47:00.000000000,10,Seq2Seq,pm1,23.0,23.2266,-0.2266
2026-12-02T16:37:00.000000000,2026-12-02T16:47:00.000000000,10,Seq2Seq,pm2_5,37.0,36.0289,0.9711
2026-12-02T16:37:00.000000000,2026-12-02T16:47:00.000000000,10,Seq2Seq,pm10,47.0,46.3826,0.6174
2026-12-02T16:37:00.000000000,2026-12-02T16:47:00.000000000,10,Seq2Seq,co2,1580.0,1398.4249,181.5751
2026-12-02T16:37:00.000000000,2026-12-02T16:47:00.000000000,10,Seq2Seq,voc,416.0,340.1122,75.8878
2026-12-02T16:38:00.000000000,2026-12-02T16:48:00.000000000,10,Seq2Seq,pm1,23.0,23.1949,-0.1949
2026-12-02T16:38:00.000000000,2026-12-02T16:48:00.000000000,10,Seq2Seq,pm2_5,37.0,35.9225,1.0775
2026-12-02T16:38:00.000000000,2026-12-02T16:48:00.000000000,10,Seq2Seq,pm10,48.0,46.1351,1.8649
2026-12-02T16:38:00.000000000,2026-12-02T16:48:00.000000000,10,Seq2Seq,co2,1571.0,1399.2069,171.7931
2026-12-02T16:38:00.000000000,2026-12-02T16:48:00.000000000,10,Seq2Seq,voc,395.0,342.8986,52.1014
2026-12-02T16:39:00.000000000,2026-12-02T16:49:00.000000000,10,Seq2Seq,pm1,23.0,23.1993,-0.1993
2026-12-02T16:39:00.000000000,2026-12-02T16:49:00.000000000,10,Seq2Seq,pm2_5,36.0,35.9342,0.0658
2026-12-02T16:39:00.000000000,2026-12-02T16:49:00.000000000,10,Seq2Seq,pm10,46.0,46.1452,-0.1452
2026-12-02T16:39:00.000000000,2026-12-02T16:49:00.000000000,10,Seq2Seq,co2,1562.0,1386.844,175.156
2026-12-02T16:39:00.000000000,2026-12-02T16:49:00.000000000,10,Seq2Seq,voc,385.0,340.9144,44.0856
2026-12-02T16:40:00.000000000,2026-12-02T16:50:00.000000000,10,Seq2Seq,pm1,23.0,23.2219,-0.2219
2026-12-02T16:40:00.000000000,2026-12-02T16:50:00.000000000,10,Seq2Seq,pm2_5,37.0,35.9237,1.0763
2026-12-02T16:40:00.000000000,2026-12-02T16:50:00.000000000,10,Seq2Seq,pm10,47.0,46.1309,0.8691
2026-12-02T16:40:00.000000000,2026-12-02T16:50:00.000000000,10,Seq2Seq,co2,1484.0,1376.2677,107.7323
2026-12-02T16:40:00.000000000,2026-12-02T16:50:00.000000000,10,Seq2Seq,voc,364.0,338.6084,25.3916
2026-12-02T16:41:00.000000000,2026-12-02T16:51:00.000000000,10,Seq2Seq,pm1,23.0,23.2723,-0.2723
2026-12-02T16:41:00.000000000,2026-12-02T16:51:00.000000000,10,Seq2Seq,pm2_5,37.0,36.0093,0.9907
2026-12-02T16:41:00.000000000,2026-12-02T16:51:00.000000000,10,Seq2Seq,pm10,47.0,46.2193,0.7807
2026-12-02T16:41:00.000000000,2026-12-02T16:51:00.000000000,10,Seq2Seq,co2,1460.0,1372.2804,87.7196
2026-12-02T16:41:00.000000000,2026-12-02T16:51:00.000000000,10,Seq2Seq,voc,342.0,338.6341,3.3659
2026-12-02T16:42:00.000000000,2026-12-02T16:52:00.000000000,10,Seq2Seq,pm1,23.0,23.3169,-0.3169
2026-12-02T16:42:00.000000000,2026-12-02T16:52:00.000000000,10,Seq2Seq,pm2_5,37.0,36.0733,0.9267
2026-12-02T16:42:00.000000000,2026-12-02T16:52:00.000000000,10,Seq2Seq,pm10,47.0,46.2431,0.7569
2026-12-02T16:42:00.000000000,2026-12-02T16:52:00.000000000,10,Seq2Seq,co2,1528.0,1369.9829,158.0171
2026-12-02T16:42:00.000000000,2026-12-02T16:52:00.000000000,10,Seq2Seq,voc,325.0,337.162,-12.162
2026-12-02T16:43:00.000000000,2026-12-02T16:53:00.000000000,10,Seq2Seq,pm1,23.0,23.2373,-0.2373
2026-12-02T16:43:00.000000000,2026-12-02T16:53:00.000000000,10,Seq2Seq,pm2_5,37.0,35.9776,1.0224
2026-12-02T16:43:00.000000000,2026-12-02T16:53:00.000000000,10,Seq2Seq,pm10,47.0,46.1232,0.8768
2026-12-02T16:43:00.000000000,2026-12-02T16:53:00.000000000,10,Seq2Seq,co2,1587.0,1367.0127,219.9873
2026-12-02T16:43:00.000000000,2026-12-02T16:53:00.000000000,10,Seq2Seq,voc,309.0,333.4125,-24.4125
2026-12-02T16:44:00.000000000,2026-12-02T16:54:00.000000000,10,Seq2Seq,pm1,23.0,23.2754,-0.2754
2026-12-02T16:44:00.000000000,2026-12-02T16:54:00.000000000,10,Seq2Seq,pm2_5,36.0,36.0643,-0.0643
2026-12-02T16:44:00.000000000,2026-12-02T16:54:00.000000000,10,Seq2Seq,pm10,46.0,46.1981,-0.1981
2026-12-02T16:44:00.000000000,2026-12-02T16:54:00.000000000,10,Seq2Seq,co2,1566.0,1366.962,199.038
2026-12-02T16:44:00.000000000,2026-12-02T16:54:00.000000000,10,Seq2Seq,voc,300.0,333.5074,-33.5074
2026-12-02T16:45:00.000000000,2026-12-02T16:55:00.000000000,10,Seq2Seq,pm1,23.0,23.2602,-0.2602
2026-12-02T16:45:00.000000000,2026-12-02T16:55:00.000000000,10,Seq2Seq,pm2_5,37.0,36.0212,0.9788
2026-12-02T16:45:00.000000000,2026-12-02T16:55:00.000000000,10,Seq2Seq,pm10,48.0,46.1481,1.8519
2026-12-02T16:45:00.000000000,2026-12-02T16:55:00.000000000,10,Seq2Seq,co2,1579.0,1364.2935,214.7065
2026-12-02T16:45:00.000000000,2026-12-02T16:55:00.000000000,10,Seq2Seq,voc,290.0,332.2329,-42.2329
2026-12-02T16:46:00.000000000,2026-12-02T16:56:00.000000000,10,Seq2Seq,pm1,23.0,23.2356,-0.2356
2026-12-02T16:46:00.000000000,2026-12-02T16:56:00.000000000,10,Seq2Seq,pm2_5,36.0,36.0175,-0.0175
2026-12-02T16:46:00.000000000,2026-12-02T16:56:00.000000000,10,Seq2Seq,pm10,47.0,46.0847,0.9153
2026-12-02T16:46:00.000000000,2026-12-02T16:56:00.000000000,10,Seq2Seq,co2,1549.0,1353.3788,195.6212
2026-12-02T16:46:00.000000000,2026-12-02T16:56:00.000000000,10,Seq2Seq,voc,280.0,327.2658,-47.2658
2026-12-02T16:47:00.000000000,2026-12-02T16:57:00.000000000,10,Seq2Seq,pm1,23.0,23.2419,-0.2419
2026-12-02T16:47:00.000000000,2026-12-02T16:57:00.000000000,10,Seq2Seq,pm2_5,37.0,36.008,0.992
2026-12-02T16:47:00.000000000,2026-12-02T16:57:00.000000000,10,Seq2Seq,pm10,47.0,46.0595,0.9405
2026-12-02T16:47:00.000000000,2026-12-02T16:57:00.000000000,10,Seq2Seq,co2,1527.0,1345.1599,181.8401
2026-12-02T16:47:00.000000000,2026-12-02T16:57:00.000000000,10,Seq2Seq,voc,272.0,318.9435,-46.9435
2026-12-02T16:48:00.000000000,2026-12-02T16:58:00.000000000,10,Seq2Seq,pm1,23.0,23.2265,-0.2265
2026-12-02T16:48:00.000000000,2026-12-02T16:58:00.000000000,10,Seq2Seq,pm2_5,37.0,35.9688,1.0312
2026-12-02T16:48:00.000000000,2026-12-02T16:58:00.000000000,10,Seq2Seq,pm10,47.0,45.9915,1.0085
2026-12-02T16:48:00.000000000,2026-12-02T16:58:00.000000000,10,Seq2Seq,co2,1472.0,1340.4207,131.5793
2026-12-02T16:48:00.000000000,2026-12-02T16:58:00.000000000,10,Seq2Seq,voc,260.0,308.3802,-48.3802
2026-12-02T16:49:00.000000000,2026-12-02T16:59:00.000000000,10,Seq2Seq,pm1,23.0,23.2546,-0.2546
2026-12-02T16:49:00.000000000,2026-12-02T16:59:00.000000000,10,Seq2Seq,pm2_5,37.0,36.0691,0.9309
2026-12-02T16:49:00.000000000,2026-12-02T16:59:00.000000000,10,Seq2Seq,pm10,47.0,46.0315,0.9685
2026-12-02T16:49:00.000000000,2026-12-02T16:59:00.000000000,10,Seq2Seq,co2,1413.0,1336.262,76.738
2026-12-02T16:49:00.000000000,2026-12-02T16:59:00.000000000,10,Seq2Seq,voc,240.0,297.3511,-57.3511
2026-12-02T16:50:00.000000000,2026-12-02T17:00:00.000000000,10,Seq2Seq,pm1,23.0,23.1027,-0.1027
2026-12-02T16:50:00.000000000,2026-12-02T17:00:00.000000000,10,Seq2Seq,pm2_5,37.0,35.812,1.188
2026-12-02T16:50:00.000000000,2026-12-02T17:00:00.000000000,10,Seq2Seq,pm10,48.0,45.718,2.282
2026-12-02T16:50:00.000000000,2026-12-02T17:00:00.000000000,10,Seq2Seq,co2,1387.0,1346.3782,40.6218
2026-12-02T16:50:00.000000000,2026-12-02T17:00:00.000000000,10,Seq2Seq,voc,229.0,293.2665,-64.2665
2026-12-02T16:51:00.000000000,2026-12-02T17:01:00.000000000,10,Seq2Seq,pm1,23.0,23.1411,-0.1411
2026-12-02T16:51:00.000000000,2026-12-02T17:01:00.000000000,10,Seq2Seq,pm2_5,37.0,36.0062,0.9938
2026-12-02T16:51:00.000000000,2026-12-02T17:01:00.000000000,10,Seq2Seq,pm10,48.0,45.9005,2.0995
2026-12-02T16:51:00.000000000,2026-12-02T17:01:00.000000000,10,Seq2Seq,co2,1360.0,1335.5963,24.4037
2026-12-02T16:51:00.000000000,2026-12-02T17:01:00.000000000,10,Seq2Seq,voc,208.0,281.4546,-73.4546
2026-12-02T16:52:00.000000000,2026-12-02T17:02:00.000000000,10,Seq2Seq,pm1,23.0,23.0817,-0.0817
2026-12-02T16:52:00.000000000,2026-12-02T17:02:00.000000000,10,Seq2Seq,pm2_5,36.0,35.9704,0.0296
2026-12-02T16:52:00.000000000,2026-12-02T17:02:00.000000000,10,Seq2Seq,pm10,47.0,45.7395,1.2605
2026-12-02T16:52:00.000000000,2026-12-02T17:02:00.000000000,10,Seq2Seq,co2,1326.0,1332.2441,-6.2441
2026-12-02T16:52:00.000000000,2026-12-02T17:02:00.000000000,10,Seq2Seq,voc,195.0,268.6165,-73.6165
2026-12-02T16:53:00.000000000,2026-12-02T17:03:00.000000000,10,Seq2Seq,pm1,23.0,23.0694,-0.0694
2026-12-02T16:53:00.000000000,2026-12-02T17:03:00.000000000,10,Seq2Seq,pm2_5,36.0,35.9689,0.0311
2026-12-02T16:53:00.000000000,2026-12-02T17:03:00.000000000,10,Seq2Seq,pm10,47.0,45.7246,1.2754
2026-12-02T16:53:00.000000000,2026-12-02T17:03:00.000000000,10,Seq2Seq,co2,1361.0,1334.298,26.702
2026-12-02T16:53:00.000000000,2026-12-02T17:03:00.000000000,10,Seq2Seq,voc,193.0,259.5225,-66.5225
2026-12-02T16:54:00.000000000,2026-12-02T17:04:00.000000000,10,Seq2Seq,pm1,23.0,23.1318,-0.1318
2026-12-02T16:54:00.000000000,2026-12-02T17:04:00.000000000,10,Seq2Seq,pm2_5,37.0,36.0378,0.9622
2026-12-02T16:54:00.000000000,2026-12-02T17:04:00.000000000,10,Seq2Seq,pm10,47.0,45.843,1.157
2026-12-02T16:54:00.000000000,2026-12-02T17:04:00.000000000,10,Seq2Seq,co2,1329.0,1346.4012,-17.4012
2026-12-02T16:54:00.000000000,2026-12-02T17:04:00.000000000,10,Seq2Seq,voc,182.0,253.2419,-71.2419
2026-12-02T16:55:00.000000000,2026-12-02T17:05:00.000000000,10,Seq2Seq,pm1,24.0,23.1116,0.8884
2026-12-02T16:55:00.000000000,2026-12-02T17:05:00.000000000,10,Seq2Seq,pm2_5,38.0,35.953,2.047
2026-12-02T16:55:00.000000000,2026-12-02T17:05:00.000000000,10,Seq2Seq,pm10,48.0,45.7452,2.2548
2026-12-02T16:55:00.000000000,2026-12-02T17:05:00.000000000,10,Seq2Seq,co2,1343.0,1367.9769,-24.9769
2026-12-02T16:55:00.000000000,2026-12-02T17:05:00.000000000,10,Seq2Seq,voc,177.0,254.0406,-77.0406
2026-12-02T16:56:00.000000000,2026-12-02T17:06:00.000000000,10,Seq2Seq,pm1,24.0,23.1958,0.8042
2026-12-02T16:56:00.000000000,2026-12-02T17:06:00.000000000,10,Seq2Seq,pm2_5,38.0,36.298,1.702
2026-12-02T16:56:00.000000000,2026-12-02T17:06:00.000000000,10,Seq2Seq,pm10,49.0,46.2006,2.7994
2026-12-02T16:56:00.000000000,2026-12-02T17:06:00.000000000,10,Seq2Seq,co2,1351.0,1378.3002,-27.3002
2026-12-02T16:56:00.000000000,2026-12-02T17:06:00.000000000,10,Seq2Seq,voc,168.0,247.625,-79.625
2026-12-02T16:57:00.000000000,2026-12-02T17:07:00.000000000,10,Seq2Seq,pm1,24.0,23.1138,0.8862
2026-12-02T16:57:00.000000000,2026-12-02T17:07:00.000000000,10,Seq2Seq,pm2_5,38.0,36.1516,1.8484
2026-12-02T16:57:00.000000000,2026-12-02T17:07:00.000000000,10,Seq2Seq,pm10,48.0,46.0011,1.9989
2026-12-02T16:57:00.000000000,2026-12-02T17:07:00.000000000,10,Seq2Seq,co2,1307.0,1403.6829,-96.6829
2026-12-02T16:57:00.000000000,2026-12-02T17:07:00.000000000,10,Seq2Seq,voc,162.0,245.1605,-83.1605
2026-12-02T16:58:00.000000000,2026-12-02T17:08:00.000000000,10,Seq2Seq,pm1,24.0,23.1389,0.8611
2026-12-02T16:58:00.000000000,2026-12-02T17:08:00.000000000,10,Seq2Seq,pm2_5,38.0,36.3469,1.6531
2026-12-02T16:58:00.000000000,2026-12-02T17:08:00.000000000,10,Seq2Seq,pm10,48.0,46.3466,1.6534
2026-12-02T16:58:00.000000000,2026-12-02T17:08:00.000000000,10,Seq2Seq,co2,1328.0,1411.9259,-83.9259
2026-12-02T16:58:00.000000000,2026-12-02T17:08:00.000000000,10,Seq2Seq,voc,153.0,239.0393,-86.0393
2026-12-02T16:59:00.000000000,2026-12-02T17:09:00.000000000,10,Seq2Seq,pm1,24.0,23.138,0.862
2026-12-02T16:59:00.000000000,2026-12-02T17:09:00.000000000,10,Seq2Seq,pm2_5,38.0,36.3955,1.6045
2026-12-02T16:59:00.000000000,2026-12-02T17:09:00.000000000,10,Seq2Seq,pm10,48.0,46.3128,1.6872
2026-12-02T16:59:00.000000000,2026-12-02T17:09:00.000000000,10,Seq2Seq,co2,1330.0,1420.5956,-90.5956
2026-12-02T16:59:00.000000000,2026-12-02T17:09:00.000000000,10,Seq2Seq,voc,148.0,232.4413,-84.4413
2026-12-02T17:00:00.000000000,2026-12-02T17:10:00.000000000,10,Seq2Seq,pm1,24.0,23.1295,0.8705
2026-12-02T17:00:00.000000000,2026-12-02T17:10:00.000000000,10,Seq2Seq,pm2_5,38.0,36.4453,1.5547
2026-12-02T17:00:00.000000000,2026-12-02T17:10:00.000000000,10,Seq2Seq,pm10,49.0,46.3089,2.6911
2026-12-02T17:00:00.000000000,2026-12-02T17:10:00.000000000,10,Seq2Seq,co2,1290.0,1420.0557,-130.0557
2026-12-02T17:00:00.000000000,2026-12-02T17:10:00.000000000,10,Seq2Seq,voc,141.0,221.8932,-80.8932
2026-12-02T17:01:00.000000000,2026-12-02T17:11:00.000000000,10,Seq2Seq,pm1,24.0,23.1499,0.8501
2026-12-02T17:01:00.000000000,2026-12-02T17:11:00.000000000,10,Seq2Seq,pm2_5,38.0,36.5649,1.4351
2026-12-02T17:01:00.000000000,2026-12-02T17:11:00.000000000,10,Seq2Seq,pm10,49.0,46.4242,2.5758
2026-12-02T17:01:00.000000000,2026-12-02T17:11:00.000000000,10,Seq2Seq,co2,1294.0,1418.892,-124.892
2026-12-02T17:01:00.000000000,2026-12-02T17:11:00.000000000,10,Seq2Seq,voc,134.0,214.1123,-80.1123
2026-12-02T17:02:00.000000000,2026-12-02T17:12:00.000000000,10,Seq2Seq,pm1,24.0,23.1527,0.8473
2026-12-02T17:02:00.000000000,2026-12-02T17:12:00.000000000,10,Seq2Seq,pm2_5,38.0,36.6072,1.3928
2026-12-02T17:02:00.000000000,2026-12-02T17:12:00.000000000,10,Seq2Seq,pm10,48.0,46.4579,1.5421
2026-12-02T17:02:00.000000000,2026-12-02T17:12:00.000000000,10,Seq2Seq,co2,1298.0,1418.3685,-120.3685
2026-12-02T17:02:00.000000000,2026-12-02T17:12:00.000000000,10,Seq2Seq,voc,127.0,203.3475,-76.3475
2026-12-02T17:03:00.000000000,2026-12-02T17:13:00.000000000,10,Seq2Seq,pm1,24.0,23.0857,0.9143
2026-12-02T17:03:00.000000000,2026-12-02T17:13:00.000000000,10,Seq2Seq,pm2_5,38.0,36.4801,1.5199
2026-12-02T17:03:00.000000000,2026-12-02T17:13:00.000000000,10,Seq2Seq,pm10,49.0,46.2682,2.7318
2026-12-02T17:03:00.000000000,2026-12-02T17:13:00.000000000,10,Seq2Seq,co2,1285.0,1422.0726,-137.0726
2026-12-02T17:03:00.000000000,2026-12-02T17:13:00.000000000,10,Seq2Seq,voc,124.0,197.586,-73.586
2026-12-02T17:04:00.000000000,2026-12-02T17:14:00.000000000,10,Seq2Seq,pm1,24.0,23.0939,0.9061
2026-12-02T17:04:00.000000000,2026-12-02T17:14:00.000000000,10,Seq2Seq,pm2_5,37.0,36.5468,0.4532
2026-12-02T17:04:00.000000000,2026-12-02T17:14:00.000000000,10,Seq2Seq,pm10,48.0,46.3756,1.6244
2026-12-02T17:04:00.000000000,2026-12-02T17:14:00.000000000,10,Seq2Seq,co2,1308.0,1419.5828,-111.5828
2026-12-02T17:04:00.000000000,2026-12-02T17:14:00.000000000,10,Seq2Seq,voc,121.0,196.7393,-75.7393
2026-12-02T17:05:00.000000000,2026-12-02T17:15:00.000000000,10,Seq2Seq,pm1,24.0,23.1184,0.8816
2026-12-02T17:05:00.000000000,2026-12-02T17:15:00.000000000,10,Seq2Seq,pm2_5,38.0,36.6391,1.3609
2026-12-02T17:05:00.000000000,2026-12-02T17:15:00.000000000,10,Seq2Seq,pm10,48.0,46.4735,1.5265
2026-12-02T17:05:00.000000000,2026-12-02T17:15:00.000000000,10,Seq2Seq,co2,1308.0,1412.8141,-104.8141
2026-12-02T17:05:00.000000000,2026-12-02T17:15:00.000000000,10,Seq2Seq,voc,120.0,188.525,-68.525
2026-12-02T17:06:00.000000000,2026-12-02T17:16:00.000000000,10,Seq2Seq,pm1,24.0,23.2525,0.7475
2026-12-02T17:06:00.000000000,2026-12-02T17:16:00.000000000,10,Seq2Seq,pm2_5,38.0,36.8469,1.1531
2026-12-02T17:06:00.000000000,2026-12-02T17:16:00.000000000,10,Seq2Seq,pm10,48.0,46.8161,1.1839
2026-12-02T17:06:00.000000000,2026-12-02T17:16:00.000000000,10,Seq2Seq,co2,1309.0,1414.0558,-105.0558
2026-12-02T17:06:00.000000000,2026-12-02T17:16:00.000000000,10,Seq2Seq,voc,112.0,184.7214,-72.7214
2026-12-02T17:07:00.000000000,2026-12-02T17:17:00.000000000,10,Seq2Seq,pm1,24.0,23.2731,0.7269
2026-12-02T17:07:00.000000000,2026-12-02T17:17:00.000000000,10,Seq2Seq,pm2_5,38.0,36.9939,1.0061
2026-12-02T17:07:00.000000000,2026-12-02T17:17:00.000000000,10,Seq2Seq,pm10,48.0,46.9291,1.0709
2026-12-02T17:07:00.000000000,2026-12-02T17:17:00.000000000,10,Seq2Seq,co2,1321.0,1429.1615,-108.1615
2026-12-02T17:07:00.000000000,2026-12-02T17:17:00.000000000,10,Seq2Seq,voc,109.0,178.4736,-69.4736
2026-12-02T17:08:00.000000000,2026-12-02T17:18:00.000000000,10,Seq2Seq,pm1,24.0,23.2791,0.7209
2026-12-02T17:08:00.000000000,2026-12-02T17:18:00.000000000,10,Seq2Seq,pm2_5,38.0,37.0439,0.9561
2026-12-02T17:08:00.000000000,2026-12-02T17:18:00.000000000,10,Seq2Seq,pm10,48.0,47.1184,0.8816
2026-12-02T17:08:00.000000000,2026-12-02T17:18:00.000000000,10,Seq2Seq,co2,1300.0,1445.1952,-145.1952
2026-12-02T17:08:00.000000000,2026-12-02T17:18:00.000000000,10,Seq2Seq,voc,105.0,176.6238,-71.6238
2026-12-02T17:09:00.000000000,2026-12-02T17:19:00.000000000,10,Seq2Seq,pm1,24.0,23.3176,0.6824
2026-12-02T17:09:00.000000000,2026-12-02T17:19:00.000000000,10,Seq2Seq,pm2_5,38.0,37.1769,0.8231
2026-12-02T17:09:00.000000000,2026-12-02T17:19:00.000000000,10,Seq2Seq,pm10,47.0,47.2229,-0.2229
2026-12-02T17:09:00.000000000,2026-12-02T17:19:00.000000000,10,Seq2Seq,co2,1271.0,1449.6832,-178.6832
2026-12-02T17:09:00.000000000,2026-12-02T17:19:00.000000000,10,Seq2Seq,voc,100.0,174.1089,-74.1089
2026-12-02T17:10:00.000000000,2026-12-02T17:20:00.000000000,10,Seq2Seq,pm1,24.0,23.349,0.651
2026-12-02T17:10:00.000000000,2026-12-02T17:20:00.000000000,10,Seq2Seq,pm2_5,38.0,37.2614,0.7386
2026-12-02T17:10:00.000000000,2026-12-02T17:20:00.000000000,10,Seq2Seq,pm10,48.0,47.3245,0.6755
2026-12-02T17:10:00.000000000,2026-12-02T17:20:00.000000000,10,Seq2Seq,co2,1304.0,1453.2565,-149.2565
2026-12-02T17:10:00.000000000,2026-12-02T17:20:00.000000000,10,Seq2Seq,voc,101.0,172.8057,-71.8057
2026-12-02T17:11:00.000000000,2026-12-02T17:21:00.000000000,10,Seq2Seq,pm1,23.0,23.3714,-0.3714
2026-12-02T17:11:00.000000000,2026-12-02T17:21:00.000000000,10,Seq2Seq,pm2_5,38.0,37.357,0.643
2026-12-02T17:11:00.000000000,2026-12-02T17:21:00.000000000,10,Seq2Seq,pm10,49.0,47.377,1.623
2026-12-02T17:11:00.000000000,2026-12-02T17:21:00.000000000,10,Seq2Seq,co2,1288.0,1451.2625,-163.2625
2026-12-02T17:11:00.000000000,2026-12-02T17:21:00.000000000,10,Seq2Seq,voc,100.0,171.9734,-71.9734
2026-12-02T17:12:00.000000000,2026-12-02T17:22:00.000000000,10,Seq2Seq,pm1,23.0,23.3578,-0.3578
2026-12-02T17:12:00.000000000,2026-12-02T17:22:00.000000000,10,Seq2Seq,pm2_5,38.0,37.3888,0.6112
2026-12-02T17:12:00.000000000,2026-12-02T17:22:00.000000000,10,Seq2Seq,pm10,48.0,47.4222,0.5778
2026-12-02T17:12:00.000000000,2026-12-02T17:22:00.000000000,10,Seq2Seq,co2,1292.0,1454.1136,-162.1136
2026-12-02T17:12:00.000000000,2026-12-02T17:22:00.000000000,10,Seq2Seq,voc,98.0,169.6589,-71.6589
2026-12-02T17:13:00.000000000,2026-12-02T17:23:00.000000000,10,Seq2Seq,pm1,24.0,23.3204,0.6796
2026-12-02T17:13:00.000000000,2026-12-02T17:23:00.000000000,10,Seq2Seq,pm2_5,39.0,37.3205,1.6795
2026-12-02T17:13:00.000000000,2026-12-02T17:23:00.000000000,10,Seq2Seq,pm10,50.0,47.3627,2.6373
2026-12-02T17:13:00.000000000,2026-12-02T17:23:00.000000000,10,Seq2Seq,co2,1315.0,1456.2833,-141.2833
2026-12-02T17:13:00.000000000,2026-12-02T17:23:00.000000000,10,Seq2Seq,voc,95.0,166.9871,-71.9871
2026-12-02T17:14:00.000000000,2026-12-02T17:24:00.000000000,10,Seq2Seq,pm1,24.0,23.3414,0.6586
2026-12-02T17:14:00.000000000,2026-12-02T17:24:00.000000000,10,Seq2Seq,pm2_5,38.0,37.4036,0.5964
2026-12-02T17:14:00.000000000,2026-12-02T17:24:00.000000000,10,Seq2Seq,pm10,49.0,47.4031,1.5969
2026-12-02T17:14:00.000000000,2026-12-02T17:24:00.000000000,10,Seq2Seq,co2,1297.0,1452.1327,-155.1327
2026-12-02T17:14:00.000000000,2026-12-02T17:24:00.000000000,10,Seq2Seq,voc,90.0,166.8394,-76.8394
2026-12-02T17:15:00.000000000,2026-12-02T17:25:00.000000000,10,Seq2Seq,pm1,24.0,23.2673,0.7327
2026-12-02T17:15:00.000000000,2026-12-02T17:25:00.000000000,10,Seq2Seq,pm2_5,38.0,37.2498,0.7502
2026-12-02T17:15:00.000000000,2026-12-02T17:25:00.000000000,10,Seq2Seq,pm10,50.0,47.1429,2.8571
2026-12-02T17:15:00.000000000,2026-12-02T17:25:00.000000000,10,Seq2Seq,co2,1303.0,1463.5647,-160.5647
2026-12-02T17:15:00.000000000,2026-12-02T17:25:00.000000000,10,Seq2Seq,voc,87.0,168.5109,-81.5109
2026-12-02T17:16:00.000000000,2026-12-02T17:26:00.000000000,10,Seq2Seq,pm1,24.0,23.2799,0.7201
2026-12-02T17:16:00.000000000,2026-12-02T17:26:00.000000000,10,Seq2Seq,pm2_5,38.0,37.2963,0.7037
2026-12-02T17:16:00.000000000,2026-12-02T17:26:00.000000000,10,Seq2Seq,pm10,49.0,47.3272,1.6728
2026-12-02T17:16:00.000000000,2026-12-02T17:26:00.000000000,10,Seq2Seq,co2,1311.0,1450.6965,-139.6965
2026-12-02T17:16:00.000000000,2026-12-02T17:26:00.000000000,10,Seq2Seq,voc,84.0,167.5161,-83.5161
2026-12-02T17:17:00.000000000,2026-12-02T17:27:00.000000000,10,Seq2Seq,pm1,24.0,23.2525,0.7475
2026-12-02T17:17:00.000000000,2026-12-02T17:27:00.000000000,10,Seq2Seq,pm2_5,38.0,37.2661,0.7339
2026-12-02T17:17:00.000000000,2026-12-02T17:27:00.000000000,10,Seq2Seq,pm10,48.0,47.1555,0.8445
2026-12-02T17:17:00.000000000,2026-12-02T17:27:00.000000000,10,Seq2Seq,co2,1266.0,1449.5863,-183.5863
2026-12-02T17:17:00.000000000,2026-12-02T17:27:00.000000000,10,Seq2Seq,voc,85.0,163.3031,-78.3031
2026-12-02T17:18:00.000000000,2026-12-02T17:28:00.000000000,10,Seq2Seq,pm1,24.0,23.2335,0.7665
2026-12-02T17:18:00.000000000,2026-12-02T17:28:00.000000000,10,Seq2Seq,pm2_5,38.0,37.2604,0.7396
2026-12-02T17:18:00.000000000,2026-12-02T17:28:00.000000000,10,Seq2Seq,pm10,48.0,47.1509,0.8491
2026-12-02T17:18:00.000000000,2026-12-02T17:28:00.000000000,10,Seq2Seq,co2,1277.0,1452.7937,-175.7937
2026-12-02T17:18:00.000000000,2026-12-02T17:28:00.000000000,10,Seq2Seq,voc,83.0,161.2602,-78.2602
2026-12-02T17:19:00.000000000,2026-12-02T17:29:00.000000000,10,Seq2Seq,pm1,24.0,23.2212,0.7788
2026-12-02T17:19:00.000000000,2026-12-02T17:29:00.000000000,10,Seq2Seq,pm2_5,38.0,37.2503,0.7497
2026-12-02T17:19:00.000000000,2026-12-02T17:29:00.000000000,10,Seq2Seq,pm10,49.0,47.1254,1.8746
2026-12-02T17:19:00.000000000,2026-12-02T17:29:00.000000000,10,Seq2Seq,co2,1303.0,1455.1667,-152.1667
2026-12-02T17:19:00.000000000,2026-12-02T17:29:00.000000000,10,Seq2Seq,voc,80.0,159.9814,-79.9814
2026-12-02T17:20:00.000000000,2026-12-02T17:30:00.000000000,10,Seq2Seq,pm1,24.0,23.177,0.823
2026-12-02T17:20:00.000000000,2026-12-02T17:30:00.000000000,10,Seq2Seq,pm2_5,37.0,37.1736,-0.1736
2026-12-02T17:20:00.000000000,2026-12-02T17:30:00.000000000,10,Seq2Seq,pm10,48.0,47.0298,0.9702
2026-12-02T17:20:00.000000000,2026-12-02T17:30:00.000000000,10,Seq2Seq,co2,1328.0,1457.0288,-129.0288
2026-12-02T17:20:00.000000000,2026-12-02T17:30:00.000000000,10,Seq2Seq,voc,80.0,158.1194,-78.1194
2026-12-02T17:21:00.000000000,2026-12-02T17:31:00.000000000,10,Seq2Seq,pm1,24.0,23.1669,0.8331
2026-12-02T17:21:00.000000000,2026-12-02T17:31:00.000000000,10,Seq2Seq,pm2_5,38.0,37.2311,0.7689
2026-12-02T17:21:00.000000000,2026-12-02T17:31:00.000000000,10,Seq2Seq,pm10,48.0,47.0212,0.9788
2026-12-02T17:21:00.000000000,2026-12-02T17:31:00.000000000,10,Seq2Seq,co2,1267.0,1452.9271,-185.9271
2026-12-02T17:21:00.000000000,2026-12-02T17:31:00.000000000,10,Seq2Seq,voc,79.0,158.1348,-79.1348
2026-12-02T17:22:00.000000000,2026-12-02T17:32:00.000000000,10,Seq2Seq,pm1,24.0,23.068,0.932
2026-12-02T17:22:00.000000000,2026-12-02T17:32:00.000000000,10,Seq2Seq,pm2_5,38.0,37.2012,0.7988
2026-12-02T17:22:00.000000000,2026-12-02T17:32:00.000000000,10,Seq2Seq,pm10,49.0,46.8545,2.1455
2026-12-02T17:22:00.000000000,2026-12-02T17:32:00.000000000,10,Seq2Seq,co2,1245.0,1457.4982,-212.4982
2026-12-02T17:22:00.000000000,2026-12-02T17:32:00.000000000,10,Seq2Seq,voc,79.0,154.5575,-75.5575
2026-12-02T17:23:00.000000000,2026-12-02T17:33:00.000000000,10,Seq2Seq,pm1,24.0,23.0563,0.9437
2026-12-02T17:23:00.000000000,2026-12-02T17:33:00.000000000,10,Seq2Seq,pm2_5,38.0,37.0857,0.9143
2026-12-02T17:23:00.000000000,2026-12-02T17:33:00.000000000,10,Seq2Seq,pm10,49.0,46.7994,2.2006
2026-12-02T17:23:00.000000000,2026-12-02T17:33:00.000000000,10,Seq2Seq,co2,1258.0,1465.2482,-207.2482
2026-12-02T17:23:00.000000000,2026-12-02T17:33:00.000000000,10,Seq2Seq,voc,76.0,156.3945,-80.3945
2026-12-02T17:24:00.000000000,2026-12-02T17:34:00.000000000,10,Seq2Seq,pm1,24.0,23.2062,0.7938
2026-12-02T17:24:00.000000000,2026-12-02T17:34:00.000000000,10,Seq2Seq,pm2_5,39.0,37.2674,1.7326
2026-12-02T17:24:00.000000000,2026-12-02T17:34:00.000000000,10,Seq2Seq,pm10,49.0,47.1723,1.8277
2026-12-02T17:24:00.000000000,2026-12-02T17:34:00.000000000,10,Seq2Seq,co2,1265.0,1456.5414,-191.5414
2026-12-02T17:24:00.000000000,2026-12-02T17:34:00.000000000,10,Seq2Seq,voc,74.0,155.7934,-81.7934
2026-12-02T17:25:00.000000000,2026-12-02T17:35:00.000000000,10,Seq2Seq,pm1,24.0,23.1167,0.8833
2026-12-02T17:25:00.000000000,2026-12-02T17:35:00.000000000,10,Seq2Seq,pm2_5,38.0,37.138,0.862
2026-12-02T17:25:00.000000000,2026-12-02T17:35:00.000000000,10,Seq2Seq,pm10,49.0,46.9828,2.0172
2026-12-02T17:25:00.000000000,2026-12-02T17:35:00.000000000,10,Seq2Seq,co2,1275.0,1476.7924,-201.7924
2026-12-02T17:25:00.000000000,2026-12-02T17:35:00.000000000,10,Seq2Seq,voc,73.0,152.1834,-79.1834
2026-12-02T17:26:00.000000000,2026-12-02T17:36:00.000000000,10,Seq2Seq,pm1,24.0,23.142,0.858
2026-12-02T17:26:00.000000000,2026-12-02T17:36:00.000000000,10,Seq2Seq,pm2_5,39.0,37.2657,1.7343
2026-12-02T17:26:00.000000000,2026-12-02T17:36:00.000000000,10,Seq2Seq,pm10,50.0,47.2275,2.7725
2026-12-02T17:26:00.000000000,2026-12-02T17:36:00.000000000,10,Seq2Seq,co2,1276.0,1474.4224,-198.4224
2026-12-02T17:26:00.000000000,2026-12-02T17:36:00.000000000,10,Seq2Seq,voc,75.0,151.397,-76.397
2026-12-02T17:27:00.000000000,2026-12-02T17:37:00.000000000,10,Seq2Seq,pm1,24.0,23.1285,0.8715
2026-12-02T17:27:00.000000000,2026-12-02T17:37:00.000000000,10,Seq2Seq,pm2_5,39.0,37.2188,1.7812
2026-12-02T17:27:00.000000000,2026-12-02T17:37:00.000000000,10,Seq2Seq,pm10,49.0,47.2447,1.7553
2026-12-02T17:27:00.000000000,2026-12-02T17:37:00.000000000,10,Seq2Seq,co2,1271.0,1482.4084,-211.4084
2026-12-02T17:27:00.000000000,2026-12-02T17:37:00.000000000,10,Seq2Seq,voc,75.0,149.3085,-74.3085
2026-12-02T17:28:00.000000000,2026-12-02T17:38:00.000000000,10,Seq2Seq,pm1,23.0,23.1307,-0.1307
2026-12-02T17:28:00.000000000,2026-12-02T17:38:00.000000000,10,Seq2Seq,pm2_5,38.0,37.1846,0.8154
2026-12-02T17:28:00.000000000,2026-12-02T17:38:00.000000000,10,Seq2Seq,pm10,48.0,47.2299,0.7701
2026-12-02T17:28:00.000000000,2026-12-02T17:38:00.000000000,10,Seq2Seq,co2,1260.0,1485.2383,-225.2383
2026-12-02T17:28:00.000000000,2026-12-02T17:38:00.000000000,10,Seq2Seq,voc,75.0,150.1282,-75.1282
2026-12-02T17:29:00.000000000,2026-12-02T17:39:00.000000000,10,Seq2Seq,pm1,24.0,23.1335,0.8665
2026-12-02T17:29:00.000000000,2026-12-02T17:39:00.000000000,10,Seq2Seq,pm2_5,38.0,37.2151,0.7849
2026-12-02T17:29:00.000000000,2026-12-02T17:39:00.000000000,10,Seq2Seq,pm10,47.0,47.1719,-0.1719
2026-12-02T17:29:00.000000000,2026-12-02T17:39:00.000000000,10,Seq2Seq,co2,1250.0,1480.0907,-230.0907
2026-12-02T17:29:00.000000000,2026-12-02T17:39:00.000000000,10,Seq2Seq,voc,74.0,149.5731,-75.5731
2026-12-02T17:30:00.000000000,2026-12-02T17:40:00.000000000,10,Seq2Seq,pm1,23.0,23.1518,-0.1518
2026-12-02T17:30:00.000000000,2026-12-02T17:40:00.000000000,10,Seq2Seq,pm2_5,36.0,37.2788,-1.2788
2026-12-02T17:30:00.000000000,2026-12-02T17:40:00.000000000,10,Seq2Seq,pm10,47.0,47.188,-0.188
2026-12-02T17:30:00.000000000,2026-12-02T17:40:00.000000000,10,Seq2Seq,co2,1232.0,1474.0178,-242.0178
2026-12-02T17:30:00.000000000,2026-12-02T17:40:00.000000000,10,Seq2Seq,voc,76.0,147.5596,-71.5596
2026-12-02T17:31:00.000000000,2026-12-02T17:41:00.000000000,10,Seq2Seq,pm1,22.0,23.0809,-1.0809
2026-12-02T17:31:00.000000000,2026-12-02T17:41:00.000000000,10,Seq2Seq,pm2_5,36.0,37.1073,-1.1073
2026-12-02T17:31:00.000000000,2026-12-02T17:41:00.000000000,10,Seq2Seq,pm10,46.0,46.9309,-0.9309
2026-12-02T17:31:00.000000000,2026-12-02T17:41:00.000000000,10,Seq2Seq,co2,1170.0,1485.4658,-315.4658
2026-12-02T17:31:00.000000000,2026-12-02T17:41:00.000000000,10,Seq2Seq,voc,78.0,149.5861,-71.5861
2026-12-02T17:32:00.000000000,2026-12-02T17:42:00.000000000,10,Seq2Seq,pm1,21.0,23.1077,-2.1077
2026-12-02T17:32:00.000000000,2026-12-02T17:42:00.000000000,10,Seq2Seq,pm2_5,35.0,37.1561,-2.1561
2026-12-02T17:32:00.000000000,2026-12-02T17:42:00.000000000,10,Seq2Seq,pm10,45.0,47.1243,-2.1243
2026-12-02T17:32:00.000000000,2026-12-02T17:42:00.000000000,10,Seq2Seq,co2,1184.0,1471.5444,-287.5444
2026-12-02T17:32:00.000000000,2026-12-02T17:42:00.000000000,10,Seq2Seq,voc,79.0,148.7332,-69.7332
2026-12-02T17:33:00.000000000,2026-12-02T17:43:00.000000000,10,Seq2Seq,pm1,21.0,23.112,-2.112
2026-12-02T17:33:00.000000000,2026-12-02T17:43:00.000000000,10,Seq2Seq,pm2_5,34.0,37.2341,-3.2341
2026-12-02T17:33:00.000000000,2026-12-02T17:43:00.000000000,10,Seq2Seq,pm10,42.0,47.0981,-5.0981
2026-12-02T17:33:00.000000000,2026-12-02T17:43:00.000000000,10,Seq2Seq,co2,1215.0,1470.2786,-255.2786
2026-12-02T17:33:00.000000000,2026-12-02T17:43:00.000000000,10,Seq2Seq,voc,79.0,147.6616,-68.6616
2026-12-02T17:34:00.000000000,2026-12-02T17:44:00.000000000,10,Seq2Seq,pm1,21.0,23.1096,-2.1096
2026-12-02T17:34:00.000000000,2026-12-02T17:44:00.000000000,10,Seq2Seq,pm2_5,33.0,37.2442,-4.2442
2026-12-02T17:34:00.000000000,2026-12-02T17:44:00.000000000,10,Seq2Seq,pm10,43.0,47.1354,-4.1354
2026-12-02T17:34:00.000000000,2026-12-02T17:44:00.000000000,10,Seq2Seq,co2,1185.0,1474.3973,-289.3973
2026-12-02T17:34:00.000000000,2026-12-02T17:44:00.000000000,10,Seq2Seq,voc,76.0,146.1352,-70.1352
2026-12-02T17:35:00.000000000,2026-12-02T17:45:00.000000000,10,Seq2Seq,pm1,21.0,23.1609,-2.1609
2026-12-02T17:35:00.000000000,2026-12-02T17:45:00.000000000,10,Seq2Seq,pm2_5,33.0,37.3114,-4.3114
2026-12-02T17:35:00.000000000,2026-12-02T17:45:00.000000000,10,Seq2Seq,pm10,42.0,47.3541,-5.3541
2026-12-02T17:35:00.000000000,2026-12-02T17:45:00.000000000,10,Seq2Seq,co2,1137.0,1471.134,-334.134
2026-12-02T17:35:00.000000000,2026-12-02T17:45:00.000000000,10,Seq2Seq,voc,76.0,143.6308,-67.6308
2026-12-02T17:36:00.000000000,2026-12-02T17:46:00.000000000,10,Seq2Seq,pm1,21.0,23.1584,-2.1584
2026-12-02T17:36:00.000000000,2026-12-02T17:46:00.000000000,10,Seq2Seq,pm2_5,33.0,37.3072,-4.3072
2026-12-02T17:36:00.000000000,2026-12-02T17:46:00.000000000,10,Seq2Seq,pm10,42.0,47.1911,-5.1911
2026-12-02T17:36:00.000000000,2026-12-02T17:46:00.000000000,10,Seq2Seq,co2,1161.0,1485.8328,-324.8328
2026-12-02T17:36:00.000000000,2026-12-02T17:46:00.000000000,10,Seq2Seq,voc,76.0,144.9735,-68.9735
2026-12-02T17:37:00.000000000,2026-12-02T17:47:00.000000000,10,Seq2Seq,pm1,21.0,23.2312,-2.2312
2026-12-02T17:37:00.000000000,2026-12-02T17:47:00.000000000,10,Seq2Seq,pm2_5,33.0,37.4772,-4.4772
2026-12-02T17:37:00.000000000,2026-12-02T17:47:00.000000000,10,Seq2Seq,pm10,42.0,47.5726,-5.5726
2026-12-02T17:37:00.000000000,2026-12-02T17:47:00.000000000,10,Seq2Seq,co2,1108.0,1480.9324,-372.9324
2026-12-02T17:37:00.000000000,2026-12-02T17:47:00.000000000,10,Seq2Seq,voc,72.0,145.6403,-73.6403
2026-12-02T17:38:00.000000000,2026-12-02T17:48:00.000000000,10,Seq2Seq,pm1,21.0,23.2405,-2.2405
2026-12-02T17:38:00.000000000,2026-12-02T17:48:00.000000000,10,Seq2Seq,pm2_5,32.0,37.45,-5.45
2026-12-02T17:38:00.000000000,2026-12-02T17:48:00.000000000,10,Seq2Seq,pm10,41.0,47.5485,-6.5485
2026-12-02T17:38:00.000000000,2026-12-02T17:48:00.000000000,10,Seq2Seq,co2,1112.0,1493.8754,-381.8754
2026-12-02T17:38:00.000000000,2026-12-02T17:48:00.000000000,10,Seq2Seq,voc,71.0,146.0828,-75.0828
2026-12-02T17:39:00.000000000,2026-12-02T17:49:00.000000000,10,Seq2Seq,pm1,20.0,23.091,-3.091
2026-12-02T17:39:00.000000000,2026-12-02T17:49:00.000000000,10,Seq2Seq,pm2_5,33.0,37.3011,-4.3011
2026-12-02T17:39:00.000000000,2026-12-02T17:49:00.000000000,10,Seq2Seq,pm10,41.0,47.1195,-6.1195
2026-12-02T17:39:00.000000000,2026-12-02T17:49:00.000000000,10,Seq2Seq,co2,1092.0,1504.6721,-412.6721
2026-12-02T17:39:00.000000000,2026-12-02T17:49:00.000000000,10,Seq2Seq,voc,68.0,145.4867,-77.4867
2026-12-02T17:40:00.000000000,2026-12-02T17:50:00.000000000,10,Seq2Seq,pm1,21.0,23.1899,-2.1899
2026-12-02T17:40:00.000000000,2026-12-02T17:50:00.000000000,10,Seq2Seq,pm2_5,33.0,37.2577,-4.2577
2026-12-02T17:40:00.000000000,2026-12-02T17:50:00.000000000,10,Seq2Seq,pm10,42.0,47.2217,-5.2217
2026-12-02T17:40:00.000000000,2026-12-02T17:50:00.000000000,10,Seq2Seq,co2,1047.0,1496.3939,-449.3939
2026-12-02T17:40:00.000000000,2026-12-02T17:50:00.000000000,10,Seq2Seq,voc,67.0,151.1511,-84.1511
2026-12-02T17:41:00.000000000,2026-12-02T17:51:00.000000000,10,Seq2Seq,pm1,21.0,22.933,-1.933
2026-12-02T17:41:00.000000000,2026-12-02T17:51:00.000000000,10,Seq2Seq,pm2_5,33.0,36.9884,-3.9884
2026-12-02T17:41:00.000000000,2026-12-02T17:51:00.000000000,10,Seq2Seq,pm10,42.0,46.4046,-4.4046
2026-12-02T17:41:00.000000000,2026-12-02T17:51:00.000000000,10,Seq2Seq,co2,1039.0,1494.7052,-455.7052
2026-12-02T17:41:00.000000000,2026-12-02T17:51:00.000000000,10,Seq2Seq,voc,65.0,149.3969,-84.3969
2026-12-02T17:42:00.000000000,2026-12-02T17:52:00.000000000,10,Seq2Seq,pm1,20.0,22.7445,-2.7445
2026-12-02T17:42:00.000000000,2026-12-02T17:52:00.000000000,10,Seq2Seq,pm2_5,33.0,36.7394,-3.7394
2026-12-02T17:42:00.000000000,2026-12-02T17:52:00.000000000,10,Seq2Seq,pm10,41.0,46.0786,-5.0786
2026-12-02T17:42:00.000000000,2026-12-02T17:52:00.000000000,10,Seq2Seq,co2,1070.0,1469.9733,-399.9733
2026-12-02T17:42:00.000000000,2026-12-02T17:52:00.000000000,10,Seq2Seq,voc,66.0,149.1079,-83.1079
2026-12-02T17:43:00.000000000,2026-12-02T17:53:00.000000000,10,Seq2Seq,pm1,22.0,22.4819,-0.4819
2026-12-02T17:43:00.000000000,2026-12-02T17:53:00.000000000,10,Seq2Seq,pm2_5,35.0,36.2905,-1.2905
2026-12-02T17:43:00.000000000,2026-12-02T17:53:00.000000000,10,Seq2Seq,pm10,44.0,45.1775,-1.1775
2026-12-02T17:43:00.000000000,2026-12-02T17:53:00.000000000,10,Seq2Seq,co2,1044.0,1454.6903,-410.6903
2026-12-02T17:43:00.000000000,2026-12-02T17:53:00.000000000,10,Seq2Seq,voc,67.0,146.8563,-79.8563
2026-12-02T17:44:00.000000000,2026-12-02T17:54:00.000000000,10,Seq2Seq,pm1,22.0,22.2098,-0.2098
2026-12-02T17:44:00.000000000,2026-12-02T17:54:00.000000000,10,Seq2Seq,pm2_5,34.0,35.585,-1.585
2026-12-02T17:44:00.000000000,2026-12-02T17:54:00.000000000,10,Seq2Seq,pm10,43.0,44.2365,-1.2365
2026-12-02T17:44:00.000000000,2026-12-02T17:54:00.000000000,10,Seq2Seq,co2,1047.0,1433.2646,-386.2646
2026-12-02T17:44:00.000000000,2026-12-02T17:54:00.000000000,10,Seq2Seq,voc,65.0,147.182,-82.182
2026-12-02T17:45:00.000000000,2026-12-02T17:55:00.000000000,10,Seq2Seq,pm1,21.0,21.9971,-0.9971
2026-12-02T17:45:00.000000000,2026-12-02T17:55:00.000000000,10,Seq2Seq,pm2_5,34.0,35.1941,-1.1941
2026-12-02T17:45:00.000000000,2026-12-02T17:55:00.000000000,10,Seq2Seq,pm10,43.0,43.5145,-0.5145
2026-12-02T17:45:00.000000000,2026-12-02T17:55:00.000000000,10,Seq2Seq,co2,1077.0,1398.8234,-321.8234
2026-12-02T17:45:00.000000000,2026-12-02T17:55:00.000000000,10,Seq2Seq,voc,64.0,139.6945,-75.6945
2026-12-02T17:46:00.000000000,2026-12-02T17:56:00.000000000,10,Seq2Seq,pm1,21.0,21.7386,-0.7386
2026-12-02T17:46:00.000000000,2026-12-02T17:56:00.000000000,10,Seq2Seq,pm2_5,34.0,34.693,-0.693
2026-12-02T17:46:00.000000000,2026-12-02T17:56:00.000000000,10,Seq2Seq,pm10,43.0,42.965,0.035
2026-12-02T17:46:00.000000000,2026-12-02T17:56:00.000000000,10,Seq2Seq,co2,1054.0,1376.6835,-322.6835
2026-12-02T17:46:00.000000000,2026-12-02T17:56:00.000000000,10,Seq2Seq,voc,65.0,131.2626,-66.2626
2026-12-02T17:47:00.000000000,2026-12-02T17:57:00.000000000,10,Seq2Seq,pm1,21.0,21.5395,-0.5395
2026-12-02T17:47:00.000000000,2026-12-02T17:57:00.000000000,10,Seq2Seq,pm2_5,34.0,34.3614,-0.3614
2026-12-02T17:47:00.000000000,2026-12-02T17:57:00.000000000,10,Seq2Seq,pm10,43.0,42.5297,0.4703
2026-12-02T17:47:00.000000000,2026-12-02T17:57:00.000000000,10,Seq2Seq,co2,1036.0,1367.6903,-331.6903
2026-12-02T17:47:00.000000000,2026-12-02T17:57:00.000000000,10,Seq2Seq,voc,65.0,120.0878,-55.0878
2026-12-02T17:48:00.000000000,2026-12-02T17:58:00.000000000,10,Seq2Seq,pm1,20.0,21.3939,-1.3939
2026-12-02T17:48:00.000000000,2026-12-02T17:58:00.000000000,10,Seq2Seq,pm2_5,34.0,34.0952,-0.0952
2026-12-02T17:48:00.000000000,2026-12-02T17:58:00.000000000,10,Seq2Seq,pm10,42.0,42.2437,-0.2437
2026-12-02T17:48:00.000000000,2026-12-02T17:58:00.000000000,10,Seq2Seq,co2,1065.0,1364.4551,-299.4551
2026-12-02T17:48:00.000000000,2026-12-02T17:58:00.000000000,10,Seq2Seq,voc,65.0,108.188,-43.188
2026-12-02T17:49:00.000000000,2026-12-02T17:59:00.000000000,10,Seq2Seq,pm1,21.0,21.165,-0.165
2026-12-02T17:49:00.000000000,2026-12-02T17:59:00.000000000,10,Seq2Seq,pm2_5,33.0,33.6628,-0.6628
2026-12-02T17:49:00.000000000,2026-12-02T17:59:00.000000000,10,Seq2Seq,pm10,43.0,41.7431,1.2569
2026-12-02T17:49:00.000000000,2026-12-02T17:59:00.000000000,10,Seq2Seq,co2,1073.0,1366.7321,-293.7321
2026-12-02T17:49:00.000000000,2026-12-02T17:59:00.000000000,10,Seq2Seq,voc,68.0,102.3357,-34.3357
2026-12-02T17:50:00.000000000,2026-12-02T18:00:00.000000000,10,Seq2Seq,pm1,21.0,20.9907,0.0093
2026-12-02T17:50:00.000000000,2026-12-02T18:00:00.000000000,10,Seq2Seq,pm2_5,32.0,33.4844,-1.4844
2026-12-02T17:50:00.000000000,2026-12-02T18:00:00.000000000,10,Seq2Seq,pm10,41.0,41.5329,-0.5329
2026-12-02T17:50:00.000000000,2026-12-02T18:00:00.000000000,10,Seq2Seq,co2,1078.0,1361.5134,-283.5134
2026-12-02T17:50:00.000000000,2026-12-02T18:00:00.000000000,10,Seq2Seq,voc,72.0,88.2551,-16.2551
2026-12-02T17:51:00.000000000,2026-12-02T18:01:00.000000000,10,Seq2Seq,pm1,21.0,21.0839,-0.0839
2026-12-02T17:51:00.000000000,2026-12-02T18:01:00.000000000,10,Seq2Seq,pm2_5,34.0,33.5403,0.4597
2026-12-02T17:51:00.000000000,2026-12-02T18:01:00.000000000,10,Seq2Seq,pm10,42.0,41.7173,0.2827
2026-12-02T17:51:00.000000000,2026-12-02T18:01:00.000000000,10,Seq2Seq,co2,1098.0,1369.6836,-271.6836
2026-12-02T17:51:00.000000000,2026-12-02T18:01:00.000000000,10,Seq2Seq,voc,71.0,82.7077,-11.7077
2026-12-02T17:52:00.000000000,2026-12-02T18:02:00.000000000,10,Seq2Seq,pm1,21.0,20.9861,0.0139
2026-12-02T17:52:00.000000000,2026-12-02T18:02:00.000000000,10,Seq2Seq,pm2_5,33.0,33.444,-0.444
2026-12-02T17:52:00.000000000,2026-12-02T18:02:00.000000000,10,Seq2Seq,pm10,42.0,41.6648,0.3352
2026-12-02T17:52:00.000000000,2026-12-02T18:02:00.000000000,10,Seq2Seq,co2,1109.0,1380.0222,-271.0222
2026-12-02T17:52:00.000000000,2026-12-02T18:02:00.000000000,10,Seq2Seq,voc,71.0,74.7042,-3.7042
2026-12-02T17:53:00.000000000,2026-12-02T18:03:00.000000000,10,Seq2Seq,pm1,20.0,20.8009,-0.8009
2026-12-02T17:53:00.000000000,2026-12-02T18:03:00.000000000,10,Seq2Seq,pm2_5,32.0,33.1962,-1.1962
2026-12-02T17:53:00.000000000,2026-12-02T18:03:00.000000000,10,Seq2Seq,pm10,39.0,41.3764,-2.3764
2026-12-02T17:53:00.000000000,2026-12-02T18:03:00.000000000,10,Seq2Seq,co2,1117.0,1387.8031,-270.8031
2026-12-02T17:53:00.000000000,2026-12-02T18:03:00.000000000,10,Seq2Seq,voc,73.0,70.285,2.715
2026-12-02T17:54:00.000000000,2026-12-02T18:04:00.000000000,10,Seq2Seq,pm1,21.0,21.2483,-0.2483
2026-12-02T17:54:00.000000000,2026-12-02T18:04:00.000000000,10,Seq2Seq,pm2_5,32.0,33.8762,-1.8762
2026-12-02T17:54:00.000000000,2026-12-02T18:04:00.000000000,10,Seq2Seq,pm10,41.0,42.5838,-1.5838
2026-12-02T17:54:00.000000000,2026-12-02T18:04:00.000000000,10,Seq2Seq,co2,1127.0,1406.5703,-279.5703
2026-12-02T17:54:00.000000000,2026-12-02T18:04:00.000000000,10,Seq2Seq,voc,74.0,65.5139,8.4861
2026-12-02T17:55:00.000000000,2026-12-02T18:05:00.000000000,10,Seq2Seq,pm1,20.0,21.1452,-1.1452
2026-12-02T17:55:00.000000000,2026-12-02T18:05:00.000000000,10,Seq2Seq,pm2_5,33.0,33.8095,-0.8095
2026-12-02T17:55:00.000000000,2026-12-02T18:05:00.000000000,10,Seq2Seq,pm10,41.0,42.4468,-1.4468
2026-12-02T17:55:00.000000000,2026-12-02T18:05:00.000000000,10,Seq2Seq,co2,1117.0,1431.6785,-314.6785
2026-12-02T17:55:00.000000000,2026-12-02T18:05:00.000000000,10,Seq2Seq,voc,73.0,63.3419,9.6581
2026-12-02T17:56:00.000000000,2026-12-02T18:06:00.000000000,10,Seq2Seq,pm1,20.0,21.1639,-1.1639
2026-12-02T17:56:00.000000000,2026-12-02T18:06:00.000000000,10,Seq2Seq,pm2_5,33.0,33.9645,-0.9645
2026-12-02T17:56:00.000000000,2026-12-02T18:06:00.000000000,10,Seq2Seq,pm10,42.0,42.6395,-0.6395
2026-12-02T17:56:00.000000000,2026-12-02T18:06:00.000000000,10,Seq2Seq,co2,1066.0,1436.4326,-370.4326
2026-12-02T17:56:00.000000000,2026-12-02T18:06:00.000000000,10,Seq2Seq,voc,75.0,61.854,13.146
2026-12-02T17:57:00.000000000,2026-12-02T18:07:00.000000000,10,Seq2Seq,pm1,21.0,21.2826,-0.2826
2026-12-02T17:57:00.000000000,2026-12-02T18:07:00.000000000,10,Seq2Seq,pm2_5,32.0,34.0908,-2.0908
2026-12-02T17:57:00.000000000,2026-12-02T18:07:00.000000000,10,Seq2Seq,pm10,40.0,42.7938,-2.7938
2026-12-02T17:57:00.000000000,2026-12-02T18:07:00.000000000,10,Seq2Seq,co2,1051.0,1433.0819,-382.0819
2026-12-02T17:57:00.000000000,2026-12-02T18:07:00.000000000,10,Seq2Seq,voc,74.0,64.7857,9.2143
2026-12-02T17:58:00.000000000,2026-12-02T18:08:00.000000000,10,Seq2Seq,pm1,21.0,21.3599,-0.3599
2026-12-02T17:58:00.000000000,2026-12-02T18:08:00.000000000,10,Seq2Seq,pm2_5,34.0,34.2062,-0.2062
2026-12-02T17:58:00.000000000,2026-12-02T18:08:00.000000000,10,Seq2Seq,pm10,42.0,42.9088,-0.9088
2026-12-02T17:58:00.000000000,2026-12-02T18:08:00.000000000,10,Seq2Seq,co2,1048.0,1431.2538,-383.2538
2026-12-02T17:58:00.000000000,2026-12-02T18:08:00.000000000,10,Seq2Seq,voc,70.0,66.1235,3.8765
2026-12-02T17:59:00.000000000,2026-12-02T18:09:00.000000000,10,Seq2Seq,pm1,21.0,21.2413,-0.2413
2026-12-02T17:59:00.000000000,2026-12-02T18:09:00.000000000,10,Seq2Seq,pm2_5,34.0,34.0492,-0.0492
2026-12-02T17:59:00.000000000,2026-12-02T18:09:00.000000000,10,Seq2Seq,pm10,41.0,42.5887,-1.5887
2026-12-02T17:59:00.000000000,2026-12-02T18:09:00.000000000,10,Seq2Seq,co2,1034.0,1429.2191,-395.2191
2026-12-02T17:59:00.000000000,2026-12-02T18:09:00.000000000,10,Seq2Seq,voc,68.0,65.6823,2.3177
2026-12-02T18:00:00.000000000,2026-12-02T18:10:00.000000000,10,Seq2Seq,pm1,21.0,21.3491,-0.3491
2026-12-02T18:00:00.000000000,2026-12-02T18:10:00.000000000,10,Seq2Seq,pm2_5,34.0,34.0674,-0.0674
2026-12-02T18:00:00.000000000,2026-12-02T18:10:00.000000000,10,Seq2Seq,pm10,42.0,42.6191,-0.6191
2026-12-02T18:00:00.000000000,2026-12-02T18:10:00.000000000,10,Seq2Seq,co2,1029.0,1423.9666,-394.9666
2026-12-02T18:00:00.000000000,2026-12-02T18:10:00.000000000,10,Seq2Seq,voc,71.0,71.7117,-0.7117
2026-12-02T13:15:00.000000000,2026-12-02T13:27:00.000000000,10,CNN_LSTM,pm1,16.0,18.8464,-2.8464
2026-12-02T13:15:00.000000000,2026-12-02T13:27:00.000000000,10,CNN_LSTM,pm2_5,26.0,30.4144,-4.4144
2026-12-02T13:15:00.000000000,2026-12-02T13:27:00.000000000,10,CNN_LSTM,pm10,32.0,41.027,-9.027
2026-12-02T13:15:00.000000000,2026-12-02T13:27:00.000000000,10,CNN_LSTM,co2,2790.0,2685.2988,104.7012
2026-12-02T13:15:00.000000000,2026-12-02T13:27:00.000000000,10,CNN_LSTM,voc,114.0,136.8213,-22.8213
2026-12-02T13:16:00.000000000,2026-12-02T13:28:00.000000000,10,CNN_LSTM,pm1,17.0,18.822,-1.822
2026-12-02T13:16:00.000000000,2026-12-02T13:28:00.000000000,10,CNN_LSTM,pm2_5,27.0,30.3753,-3.3753
2026-12-02T13:16:00.000000000,2026-12-02T13:28:00.000000000,10,CNN_LSTM,pm10,31.0,40.9504,-9.9504
2026-12-02T13:16:00.000000000,2026-12-02T13:28:00.000000000,10,CNN_LSTM,co2,2707.0,2653.7969,53.2031
2026-12-02T13:16:00.000000000,2026-12-02T13:28:00.000000000,10,CNN_LSTM,voc,110.0,132.4768,-22.4768
2026-12-02T13:17:00.000000000,2026-12-02T13:29:00.000000000,10,CNN_LSTM,pm1,17.0,18.7608,-1.7608
2026-12-02T13:17:00.000000000,2026-12-02T13:29:00.000000000,10,CNN_LSTM,pm2_5,26.0,30.4083,-4.4083
2026-12-02T13:17:00.000000000,2026-12-02T13:29:00.000000000,10,CNN_LSTM,pm10,31.0,40.5797,-9.5797
2026-12-02T13:17:00.000000000,2026-12-02T13:29:00.000000000,10,CNN_LSTM,co2,2777.0,2603.6367,173.3633
2026-12-02T13:17:00.000000000,2026-12-02T13:29:00.000000000,10,CNN_LSTM,voc,113.0,130.475,-17.475
2026-12-02T13:18:00.000000000,2026-12-02T13:30:00.000000000,10,CNN_LSTM,pm1,16.0,18.6738,-2.6738
2026-12-02T13:18:00.000000000,2026-12-02T13:30:00.000000000,10,CNN_LSTM,pm2_5,26.0,30.3041,-4.3041
2026-12-02T13:18:00.000000000,2026-12-02T13:30:00.000000000,10,CNN_LSTM,pm10,31.0,40.5225,-9.5225
2026-12-02T13:18:00.000000000,2026-12-02T13:30:00.000000000,10,CNN_LSTM,co2,2766.0,2581.6064,184.3936
2026-12-02T13:18:00.000000000,2026-12-02T13:30:00.000000000,10,CNN_LSTM,voc,108.0,130.1335,-22.1336
2026-12-02T13:19:00.000000000,2026-12-02T13:31:00.000000000,10,CNN_LSTM,pm1,16.0,18.6295,-2.6295
2026-12-02T13:19:00.000000000,2026-12-02T13:31:00.000000000,10,CNN_LSTM,pm2_5,26.0,30.2366,-4.2366
2026-12-02T13:19:00.000000000,2026-12-02T13:31:00.000000000,10,CNN_LSTM,pm10,30.0,40.4558,-10.4558
2026-12-02T13:19:00.000000000,2026-12-02T13:31:00.000000000,10,CNN_LSTM,co2,2705.0,2556.6523,148.3477
2026-12-02T13:19:00.000000000,2026-12-02T13:31:00.000000000,10,CNN_LSTM,voc,108.0,126.4299,-18.4299
2026-12-02T13:21:00.000000000,2026-12-02T13:32:00.000000000,10,CNN_LSTM,pm1,16.0,18.6027,-2.6027
2026-12-02T13:21:00.000000000,2026-12-02T13:32:00.000000000,10,CNN_LSTM,pm2_5,25.0,30.2495,-5.2495
2026-12-02T13:21:00.000000000,2026-12-02T13:32:00.000000000,10,CNN_LSTM,pm10,32.0,40.3434,-8.3434
2026-12-02T13:21:00.000000000,2026-12-02T13:32:00.000000000,10,CNN_LSTM,co2,2767.0,2521.7874,245.2126
2026-12-02T13:21:00.000000000,2026-12-02T13:32:00.000000000,10,CNN_LSTM,voc,107.0,126.1769,-19.1769
2026-12-02T13:22:00.000000000,2026-12-02T13:33:00.000000000,10,CNN_LSTM,pm1,17.0,18.5299,-1.5299
2026-12-02T13:22:00.000000000,2026-12-02T13:33:00.000000000,10,CNN_LSTM,pm2_5,25.0,30.2197,-5.2197
2026-12-02T13:22:00.000000000,2026-12-02T13:33:00.000000000,10,CNN_LSTM,pm10,33.0,40.1177,-7.1177
2026-12-02T13:22:00.000000000,2026-12-02T13:33:00.000000000,10,CNN_LSTM,co2,2759.0,2510.5188,248.4812
2026-12-02T13:22:00.000000000,2026-12-02T13:33:00.000000000,10,CNN_LSTM,voc,114.0,130.3731,-16.3731
2026-12-02T13:24:00.000000000,2026-12-02T13:34:00.000000000,10,CNN_LSTM,pm1,16.0,18.4644,-2.4644
2026-12-02T13:24:00.000000000,2026-12-02T13:34:00.000000000,10,CNN_LSTM,pm2_5,25.0,30.2254,-5.2254
2026-12-02T13:24:00.000000000,2026-12-02T13:34:00.000000000,10,CNN_LSTM,pm10,30.0,39.913,-9.913
2026-12-02T13:24:00.000000000,2026-12-02T13:34:00.000000000,10,CNN_LSTM,co2,2702.0,2517.8828,184.1172
2026-12-02T13:24:00.000000000,2026-12-02T13:34:00.000000000,10,CNN_LSTM,voc,106.0,129.7214,-23.7214
2026-12-02T13:25:00.000000000,2026-12-02T13:35:00.000000000,10,CNN_LSTM,pm1,15.0,18.5324,-3.5324
2026-12-02T13:25:00.000000000,2026-12-02T13:35:00.000000000,10,CNN_LSTM,pm2_5,24.0,30.2816,-6.2816
2026-12-02T13:25:00.000000000,2026-12-02T13:35:00.000000000,10,CNN_LSTM,pm10,29.0,40.1958,-11.1958
2026-12-02T13:25:00.000000000,2026-12-02T13:35:00.000000000,10,CNN_LSTM,co2,2611.0,2515.9543,95.0457
2026-12-02T13:25:00.000000000,2026-12-02T13:35:00.000000000,10,CNN_LSTM,voc,106.0,130.9275,-24.9275
2026-12-02T13:26:00.000000000,2026-12-02T13:36:00.000000000,10,CNN_LSTM,pm1,16.0,18.5601,-2.5601
2026-12-02T13:26:00.000000000,2026-12-02T13:36:00.000000000,10,CNN_LSTM,pm2_5,25.0,30.3083,-5.3083
2026-12-02T13:26:00.000000000,2026-12-02T13:36:00.000000000,10,CNN_LSTM,pm10,30.0,40.2974,-10.2974
2026-12-02T13:26:00.000000000,2026-12-02T13:36:00.000000000,10,CNN_LSTM,co2,2684.0,2514.9307,169.0693
2026-12-02T13:26:00.000000000,2026-12-02T13:36:00.000000000,10,CNN_LSTM,voc,105.0,128.4563,-23.4563
2026-12-02T13:27:00.000000000,2026-12-02T13:37:00.000000000,10,CNN_LSTM,pm1,15.0,18.6652,-3.6652
2026-12-02T13:27:00.000000000,2026-12-02T13:37:00.000000000,10,CNN_LSTM,pm2_5,25.0,30.3823,-5.3823
2026-12-02T13:27:00.000000000,2026-12-02T13:37:00.000000000,10,CNN_LSTM,pm10,29.0,40.4996,-11.4996
2026-12-02T13:27:00.000000000,2026-12-02T13:37:00.000000000,10,CNN_LSTM,co2,2639.0,2510.5894,128.4106
2026-12-02T13:27:00.000000000,2026-12-02T13:37:00.000000000,10,CNN_LSTM,voc,106.0,127.8639,-21.8639
2026-12-02T13:28:00.000000000,2026-12-02T13:38:00.000000000,10,CNN_LSTM,pm1,16.0,18.6782,-2.6782
2026-12-02T13:28:00.000000000,2026-12-02T13:38:00.000000000,10,CNN_LSTM,pm2_5,25.0,30.314,-5.314
2026-12-02T13:28:00.000000000,2026-12-02T13:38:00.000000000,10,CNN_LSTM,pm10,31.0,40.6452,-9.6452
2026-12-02T13:28:00.000000000,2026-12-02T13:38:00.000000000,10,CNN_LSTM,co2,2605.0,2494.3599,110.6401
2026-12-02T13:28:00.000000000,2026-12-02T13:38:00.000000000,10,CNN_LSTM,voc,106.0,125.3704,-19.3704
2026-12-02T13:29:00.000000000,2026-12-02T13:39:00.000000000,10,CNN_LSTM,pm1,15.0,18.6428,-3.6428
2026-12-02T13:29:00.000000000,2026-12-02T13:39:00.000000000,10,CNN_LSTM,pm2_5,25.0,30.332,-5.332
2026-12-02T13:29:00.000000000,2026-12-02T13:39:00.000000000,10,CNN_LSTM,pm10,30.0,40.355,-10.355
2026-12-02T13:29:00.000000000,2026-12-02T13:39:00.000000000,10,CNN_LSTM,co2,2602.0,2478.1646,123.8354
2026-12-02T13:29:00.000000000,2026-12-02T13:39:00.000000000,10,CNN_LSTM,voc,106.0,125.737,-19.737
2026-12-02T13:30:00.000000000,2026-12-02T13:40:00.000000000,10,CNN_LSTM,pm1,15.0,18.6016,-3.6016
2026-12-02T13:30:00.000000000,2026-12-02T13:40:00.000000000,10,CNN_LSTM,pm2_5,25.0,30.1332,-5.1332
2026-12-02T13:30:00.000000000,2026-12-02T13:40:00.000000000,10,CNN_LSTM,pm10,28.0,40.4472,-12.4472
2026-12-02T13:30:00.000000000,2026-12-02T13:40:00.000000000,10,CNN_LSTM,co2,2607.0,2472.4712,134.5288
2026-12-02T13:30:00.000000000,2026-12-02T13:40:00.000000000,10,CNN_LSTM,voc,104.0,125.8361,-21.8361
2026-12-02T13:31:00.000000000,2026-12-02T13:41:00.000000000,10,CNN_LSTM,pm1,16.0,18.4779,-2.4779
2026-12-02T13:31:00.000000000,2026-12-02T13:41:00.000000000,10,CNN_LSTM,pm2_5,25.0,30.1706,-5.1706
2026-12-02T13:31:00.000000000,2026-12-02T13:41:00.000000000,10,CNN_LSTM,pm10,27.0,39.8875,-12.8875
2026-12-02T13:31:00.000000000,2026-12-02T13:41:00.000000000,10,CNN_LSTM,co2,2541.0,2454.2009,86.7991
2026-12-02T13:31:00.000000000,2026-12-02T13:41:00.000000000,10,CNN_LSTM,voc,102.0,126.3078,-24.3079
2026-12-02T13:32:00.000000000,2026-12-02T13:42:00.000000000,10,CNN_LSTM,pm1,16.0,18.4205,-2.4205
2026-12-02T13:32:00.000000000,2026-12-02T13:42:00.000000000,10,CNN_LSTM,pm2_5,25.0,30.1429,-5.1429
2026-12-02T13:32:00.000000000,2026-12-02T13:42:00.000000000,10,CNN_LSTM,pm10,29.0,39.8349,-10.8349
2026-12-02T13:32:00.000000000,2026-12-02T13:42:00.000000000,10,CNN_LSTM,co2,2507.0,2448.9688,58.0312
2026-12-02T13:32:00.000000000,2026-12-02T13:42:00.000000000,10,CNN_LSTM,voc,100.0,127.4099,-27.4099
2026-12-02T13:33:00.000000000,2026-12-02T13:43:00.000000000,10,CNN_LSTM,pm1,15.0,18.4663,-3.4663
2026-12-02T13:33:00.000000000,2026-12-02T13:43:00.000000000,10,CNN_LSTM,pm2_5,24.0,30.1559,-6.1559
2026-12-02T13:33:00.000000000,2026-12-02T13:43:00.000000000,10,CNN_LSTM,pm10,29.0,39.9595,-10.9595
2026-12-02T13:33:00.000000000,2026-12-02T13:43:00.000000000,10,CNN_LSTM,co2,2581.0,2443.3743,137.6257
2026-12-02T13:33:00.000000000,2026-12-02T13:43:00.000000000,10,CNN_LSTM,voc,101.0,126.6929,-25.6929
2026-12-02T13:34:00.000000000,2026-12-02T13:44:00.000000000,10,CNN_LSTM,pm1,15.0,18.4953,-3.4953
2026-12-02T13:34:00.000000000,2026-12-02T13:44:00.000000000,10,CNN_LSTM,pm2_5,25.0,30.1511,-5.1511
2026-12-02T13:34:00.000000000,2026-12-02T13:44:00.000000000,10,CNN_LSTM,pm10,30.0,39.8714,-9.8714
2026-12-02T13:34:00.000000000,2026-12-02T13:44:00.000000000,10,CNN_LSTM,co2,2569.0,2435.1797,133.8203
2026-12-02T13:34:00.000000000,2026-12-02T13:44:00.000000000,10,CNN_LSTM,voc,100.0,123.9843,-23.9843
2026-12-02T13:35:00.000000000,2026-12-02T13:45:00.000000000,10,CNN_LSTM,pm1,16.0,18.4344,-2.4344
2026-12-02T13:35:00.000000000,2026-12-02T13:45:00.000000000,10,CNN_LSTM,pm2_5,25.0,30.1608,-5.1608
2026-12-02T13:35:00.000000000,2026-12-02T13:45:00.000000000,10,CNN_LSTM,pm10,30.0,39.8595,-9.8595
2026-12-02T13:35:00.000000000,2026-12-02T13:45:00.000000000,10,CNN_LSTM,co2,2532.0,2447.9297,84.0703
2026-12-02T13:35:00.000000000,2026-12-02T13:45:00.000000000,10,CNN_LSTM,voc,97.0,125.2363,-28.2363
2026-12-02T13:36:00.000000000,2026-12-02T13:46:00.000000000,10,CNN_LSTM,pm1,17.0,18.4548,-1.4548
2026-12-02T13:36:00.000000000,2026-12-02T13:46:00.000000000,10,CNN_LSTM,pm2_5,25.0,30.2314,-5.2314
2026-12-02T13:36:00.000000000,2026-12-02T13:46:00.000000000,10,CNN_LSTM,pm10,31.0,39.9356,-8.9356
2026-12-02T13:36:00.000000000,2026-12-02T13:46:00.000000000,10,CNN_LSTM,co2,2442.0,2454.5781,-12.5781
2026-12-02T13:36:00.000000000,2026-12-02T13:46:00.000000000,10,CNN_LSTM,voc,96.0,131.4704,-35.4704
2026-12-02T13:37:00.000000000,2026-12-02T13:47:00.000000000,10,CNN_LSTM,pm1,16.0,18.5413,-2.5413
2026-12-02T13:37:00.000000000,2026-12-02T13:47:00.000000000,10,CNN_LSTM,pm2_5,25.0,30.3863,-5.3863
2026-12-02T13:37:00.000000000,2026-12-02T13:47:00.000000000,10,CNN_LSTM,pm10,31.0,40.1224,-9.1224
2026-12-02T13:37:00.000000000,2026-12-02T13:47:00.000000000,10,CNN_LSTM,co2,2421.0,2468.4714,-47.4714
2026-12-02T13:37:00.000000000,2026-12-02T13:47:00.000000000,10,CNN_LSTM,voc,95.0,128.3884,-33.3884
2026-12-02T13:38:00.000000000,2026-12-02T13:48:00.000000000,10,CNN_LSTM,pm1,17.0,18.6223,-1.6223
2026-12-02T13:38:00.000000000,2026-12-02T13:48:00.000000000,10,CNN_LSTM,pm2_5,25.0,30.4377,-5.4377
2026-12-02T13:38:00.000000000,2026-12-02T13:48:00.000000000,10,CNN_LSTM,pm10,31.0,40.548,-9.548
2026-12-02T13:38:00.000000000,2026-12-02T13:48:00.000000000,10,CNN_LSTM,co2,2463.0,2471.5686,-8.5686
2026-12-02T13:38:00.000000000,2026-12-02T13:48:00.000000000,10,CNN_LSTM,voc,96.0,126.3446,-30.3446
2026-12-02T13:39:00.000000000,2026-12-02T13:49:00.000000000,10,CNN_LSTM,pm1,16.0,18.6927,-2.6927
2026-12-02T13:39:00.000000000,2026-12-02T13:49:00.000000000,10,CNN_LSTM,pm2_5,25.0,30.5332,-5.5332
2026-12-02T13:39:00.000000000,2026-12-02T13:49:00.000000000,10,CNN_LSTM,pm10,29.0,40.6178,-11.6178
2026-12-02T13:39:00.000000000,2026-12-02T13:49:00.000000000,10,CNN_LSTM,co2,2443.0,2459.9973,-16.9973
2026-12-02T13:39:00.000000000,2026-12-02T13:49:00.000000000,10,CNN_LSTM,voc,93.0,127.0566,-34.0566
2026-12-02T13:40:00.000000000,2026-12-02T13:50:00.000000000,10,CNN_LSTM,pm1,17.0,18.6695,-1.6695
2026-12-02T13:40:00.000000000,2026-12-02T13:50:00.000000000,10,CNN_LSTM,pm2_5,25.0,30.4829,-5.4829
2026-12-02T13:40:00.000000000,2026-12-02T13:50:00.000000000,10,CNN_LSTM,pm10,30.0,40.6207,-10.6207
2026-12-02T13:40:00.000000000,2026-12-02T13:50:00.000000000,10,CNN_LSTM,co2,2403.0,2470.3838,-67.3838
2026-12-02T13:40:00.000000000,2026-12-02T13:50:00.000000000,10,CNN_LSTM,voc,96.0,126.2542,-30.2542
2026-12-02T13:41:00.000000000,2026-12-02T13:51:00.000000000,10,CNN_LSTM,pm1,16.0,18.64,-2.64
2026-12-02T13:41:00.000000000,2026-12-02T13:51:00.000000000,10,CNN_LSTM,pm2_5,25.0,30.5007,-5.5007
2026-12-02T13:41:00.000000000,2026-12-02T13:51:00.000000000,10,CNN_LSTM,pm10,32.0,40.5068,-8.5068
2026-12-02T13:41:00.000000000,2026-12-02T13:51:00.000000000,10,CNN_LSTM,co2,2392.0,2468.0537,-76.0537
2026-12-02T13:41:00.000000000,2026-12-02T13:51:00.000000000,10,CNN_LSTM,voc,93.0,128.8353,-35.8353
2026-12-02T13:42:00.000000000,2026-12-02T13:52:00.000000000,10,CNN_LSTM,pm1,17.0,18.654,-1.654
2026-12-02T13:42:00.000000000,2026-12-02T13:52:00.000000000,10,CNN_LSTM,pm2_5,26.0,30.4151,-4.4151
2026-12-02T13:42:00.000000000,2026-12-02T13:52:00.000000000,10,CNN_LSTM,pm10,31.0,40.6556,-9.6556
2026-12-02T13:42:00.000000000,2026-12-02T13:52:00.000000000,10,CNN_LSTM,co2,2238.0,2487.344,-249.344
2026-12-02T13:42:00.000000000,2026-12-02T13:52:00.000000000,10,CNN_LSTM,voc,82.0,128.2219,-46.2219
2026-12-02T13:43:00.000000000,2026-12-02T13:53:00.000000000,10,CNN_LSTM,pm1,17.0,18.6911,-1.6911
2026-12-02T13:43:00.000000000,2026-12-02T13:53:00.000000000,10,CNN_LSTM,pm2_5,26.0,30.4031,-4.4031
2026-12-02T13:43:00.000000000,2026-12-02T13:53:00.000000000,10,CNN_LSTM,pm10,34.0,40.6743,-6.6743
2026-12-02T13:43:00.000000000,2026-12-02T13:53:00.000000000,10,CNN_LSTM,co2,2253.0,2468.8535,-215.8535
2026-12-02T13:43:00.000000000,2026-12-02T13:53:00.000000000,10,CNN_LSTM,voc,83.0,125.8736,-42.8736
2026-12-02T13:44:00.000000000,2026-12-02T13:54:00.000000000,10,CNN_LSTM,pm1,17.0,18.6825,-1.6825
2026-12-02T13:44:00.000000000,2026-12-02T13:54:00.000000000,10,CNN_LSTM,pm2_5,27.0,30.4243,-3.4243
2026-12-02T13:44:00.000000000,2026-12-02T13:54:00.000000000,10,CNN_LSTM,pm10,32.0,40.439,-8.439
2026-12-02T13:44:00.000000000,2026-12-02T13:54:00.000000000,10,CNN_LSTM,co2,2355.0,2453.7178,-98.7178
2026-12-02T13:44:00.000000000,2026-12-02T13:54:00.000000000,10,CNN_LSTM,voc,86.0,126.8915,-40.8915
2026-12-02T13:45:00.000000000,2026-12-02T13:55:00.000000000,10,CNN_LSTM,pm1,17.0,18.663,-1.663
2026-12-02T13:45:00.000000000,2026-12-02T13:55:00.000000000,10,CNN_LSTM,pm2_5,26.0,30.4861,-4.4861
2026-12-02T13:45:00.000000000,2026-12-02T13:55:00.000000000,10,CNN_LSTM,pm10,32.0,40.4137,-8.4137
2026-12-02T13:45:00.000000000,2026-12-02T13:55:00.000000000,10,CNN_LSTM,co2,2314.0,2451.4221,-137.4221
2026-12-02T13:45:00.000000000,2026-12-02T13:55:00.000000000,10,CNN_LSTM,voc,86.0,125.4598,-39.4598
2026-12-02T13:46:00.000000000,2026-12-02T13:56:00.000000000,10,CNN_LSTM,pm1,16.0,18.7107,-2.7107
2026-12-02T13:46:00.000000000,2026-12-02T13:56:00.000000000,10,CNN_LSTM,pm2_5,26.0,30.4044,-4.4044
2026-12-02T13:46:00.000000000,2026-12-02T13:56:00.000000000,10,CNN_LSTM,pm10,31.0,40.7179,-9.7179
2026-12-02T13:46:00.000000000,2026-12-02T13:56:00.000000000,10,CNN_LSTM,co2,2291.0,2452.0452,-161.0452
2026-12-02T13:46:00.000000000,2026-12-02T13:56:00.000000000,10,CNN_LSTM,voc,86.0,123.6741,-37.6741
2026-12-02T13:47:00.000000000,2026-12-02T13:57:00.000000000,10,CNN_LSTM,pm1,17.0,18.6928,-1.6928
2026-12-02T13:47:00.000000000,2026-12-02T13:57:00.000000000,10,CNN_LSTM,pm2_5,27.0,30.3046,-3.3046
2026-12-02T13:47:00.000000000,2026-12-02T13:57:00.000000000,10,CNN_LSTM,pm10,34.0,40.6364,-6.6364
2026-12-02T13:47:00.000000000,2026-12-02T13:57:00.000000000,10,CNN_LSTM,co2,2161.0,2430.8716,-269.8716
2026-12-02T13:47:00.000000000,2026-12-02T13:57:00.000000000,10,CNN_LSTM,voc,77.0,121.3437,-44.3437
2026-12-02T13:48:00.000000000,2026-12-02T13:58:00.000000000,10,CNN_LSTM,pm1,17.0,18.6058,-1.6058
2026-12-02T13:48:00.000000000,2026-12-02T13:58:00.000000000,10,CNN_LSTM,pm2_5,27.0,30.2615,-3.2615
2026-12-02T13:48:00.000000000,2026-12-02T13:58:00.000000000,10,CNN_LSTM,pm10,32.0,40.3071,-8.3071
2026-12-02T13:48:00.000000000,2026-12-02T13:58:00.000000000,10,CNN_LSTM,co2,2078.0,2412.9231,-334.9231
2026-12-02T13:48:00.000000000,2026-12-02T13:58:00.000000000,10,CNN_LSTM,voc,74.0,121.1736,-47.1736
2026-12-02T13:49:00.000000000,2026-12-02T13:59:00.000000000,10,CNN_LSTM,pm1,17.0,18.5846,-1.5846
2026-12-02T13:49:00.000000000,2026-12-02T13:59:00.000000000,10,CNN_LSTM,pm2_5,27.0,30.25,-3.25
2026-12-02T13:49:00.000000000,2026-12-02T13:59:00.000000000,10,CNN_LSTM,pm10,35.0,40.2492,-5.2492
2026-12-02T13:49:00.000000000,2026-12-02T13:59:00.000000000,10,CNN_LSTM,co2,1963.0001,2399.4395,-436.4393
2026-12-02T13:49:00.000000000,2026-12-02T13:59:00.000000000,10,CNN_LSTM,voc,64.0,121.9556,-57.9556
2026-12-02T13:50:00.000000000,2026-12-02T14:00:00.000000000,10,CNN_LSTM,pm1,17.0,18.5189,-1.5189
2026-12-02T13:50:00.000000000,2026-12-02T14:00:00.000000000,10,CNN_LSTM,pm2_5,29.0,30.2181,-1.2181
2026-12-02T13:50:00.000000000,2026-12-02T14:00:00.000000000,10,CNN_LSTM,pm10,35.0,40.2909,-5.2909
2026-12-02T13:50:00.000000000,2026-12-02T14:00:00.000000000,10,CNN_LSTM,co2,1903.0,2399.2559,-496.2559
2026-12-02T13:50:00.000000000,2026-12-02T14:00:00.000000000,10,CNN_LSTM,voc,63.0,121.1067,-58.1066
2026-12-02T13:51:00.000000000,2026-12-02T14:01:00.000000000,10,CNN_LSTM,pm1,18.0,18.5344,-0.5344
2026-12-02T13:51:00.000000000,2026-12-02T14:01:00.000000000,10,CNN_LSTM,pm2_5,28.0,30.3006,-2.3006
2026-12-02T13:51:00.000000000,2026-12-02T14:01:00.000000000,10,CNN_LSTM,pm10,36.0,40.2979,-4.2979
2026-12-02T13:51:00.000000000,2026-12-02T14:01:00.000000000,10,CNN_LSTM,co2,1892.0,2369.395,-477.395
2026-12-02T13:51:00.000000000,2026-12-02T14:01:00.000000000,10,CNN_LSTM,voc,58.0,121.9394,-63.9394
2026-12-02T13:52:00.000000000,2026-12-02T14:02:00.000000000,10,CNN_LSTM,pm1,18.0,18.5401,-0.5401
2026-12-02T13:52:00.000000000,2026-12-02T14:02:00.000000000,10,CNN_LSTM,pm2_5,28.0,30.3248,-2.3248
2026-12-02T13:52:00.000000000,2026-12-02T14:02:00.000000000,10,CNN_LSTM,pm10,35.0,40.2803,-5.2803
2026-12-02T13:52:00.000000000,2026-12-02T14:02:00.000000000,10,CNN_LSTM,co2,1786.0,2346.4001,-560.4001
2026-12-02T13:52:00.000000000,2026-12-02T14:02:00.000000000,10,CNN_LSTM,voc,56.0,118.8705,-62.8705
2026-12-02T13:53:00.000000000,2026-12-02T14:03:00.000000000,10,CNN_LSTM,pm1,18.0,18.4864,-0.4864
2026-12-02T13:53:00.000000000,2026-12-02T14:03:00.000000000,10,CNN_LSTM,pm2_5,29.0,30.2515,-1.2515
2026-12-02T13:53:00.000000000,2026-12-02T14:03:00.000000000,10,CNN_LSTM,pm10,37.0,40.096,-3.096
2026-12-02T13:53:00.000000000,2026-12-02T14:03:00.000000000,10,CNN_LSTM,co2,1773.0,2319.9907,-546.9907
2026-12-02T13:53:00.000000000,2026-12-02T14:03:00.000000000,10,CNN_LSTM,voc,53.0,116.8515,-63.8515
2026-12-02T13:54:00.000000000,2026-12-02T14:04:00.000000000,10,CNN_LSTM,pm1,18.0,18.499,-0.499
2026-12-02T13:54:00.000000000,2026-12-02T14:04:00.000000000,10,CNN_LSTM,pm2_5,30.0,30.1281,-0.1281
2026-12-02T13:54:00.000000000,2026-12-02T14:04:00.000000000,10,CNN_LSTM,pm10,37.0,40.268,-3.268
2026-12-02T13:54:00.000000000,2026-12-02T14:04:00.000000000,10,CNN_LSTM,co2,1668.0,2288.374,-620.374
2026-12-02T13:54:00.000000000,2026-12-02T14:04:00.000000000,10,CNN_LSTM,voc,50.0,114.1301,-64.1301
2026-12-02T13:55:00.000000000,2026-12-02T14:05:00.000000000,10,CNN_LSTM,pm1,18.0,18.4801,-0.4801
2026-12-02T13:55:00.000000000,2026-12-02T14:05:00.000000000,10,CNN_LSTM,pm2_5,29.0,30.1912,-1.1912
2026-12-02T13:55:00.000000000,2026-12-02T14:05:00.000000000,10,CNN_LSTM,pm10,37.0,40.0236,-3.0236
2026-12-02T13:55:00.000000000,2026-12-02T14:05:00.000000000,10,CNN_LSTM,co2,1692.0,2257.6648,-565.6648
2026-12-02T13:55:00.000000000,2026-12-02T14:05:00.000000000,10,CNN_LSTM,voc,48.0,113.0225,-65.0225
2026-12-02T13:56:00.000000000,2026-12-02T14:06:00.000000000,10,CNN_LSTM,pm1,19.0,18.3735,0.6265
2026-12-02T13:56:00.000000000,2026-12-02T14:06:00.000000000,10,CNN_LSTM,pm2_5,30.0,29.9896,0.0104
2026-12-02T13:56:00.000000000,2026-12-02T14:06:00.000000000,10,CNN_LSTM,pm10,38.0,39.9388,-1.9388
2026-12-02T13:56:00.000000000,2026-12-02T14:06:00.000000000,10,CNN_LSTM,co2,1565.0,2247.2622,-682.2622
2026-12-02T13:56:00.000000000,2026-12-02T14:06:00.000000000,10,CNN_LSTM,voc,47.0,114.5889,-67.5889
2026-12-02T13:57:00.000000000,2026-12-02T14:07:00.000000000,10,CNN_LSTM,pm1,19.0,18.2732,0.7268
2026-12-02T13:57:00.000000000,2026-12-02T14:07:00.000000000,10,CNN_LSTM,pm2_5,30.0,29.987,0.013
2026-12-02T13:57:00.000000000,2026-12-02T14:07:00.000000000,10,CNN_LSTM,pm10,38.0,39.4882,-1.4882
2026-12-02T13:57:00.000000000,2026-12-02T14:07:00.000000000,10,CNN_LSTM,co2,1606.0,2239.8923,-633.8923
2026-12-02T13:57:00.000000000,2026-12-02T14:07:00.000000000,10,CNN_LSTM,voc,47.0,115.2999,-68.2999
2026-12-02T13:58:00.000000000,2026-12-02T14:08:00.000000000,10,CNN_LSTM,pm1,20.0,18.3345,1.6655
2026-12-02T13:58:00.000000000,2026-12-02T14:08:00.000000000,10,CNN_LSTM,pm2_5,32.0,30.0861,1.9139
2026-12-02T13:58:00.000000000,2026-12-02T14:08:00.000000000,10,CNN_LSTM,pm10,40.0,39.627,0.373
2026-12-02T13:58:00.000000000,2026-12-02T14:08:00.000000000,10,CNN_LSTM,co2,1624.0,2204.9189,-580.9189
2026-12-02T13:58:00.000000000,2026-12-02T14:08:00.000000000,10,CNN_LSTM,voc,47.0,112.8996,-65.8996
2026-12-02T13:59:00.000000000,2026-12-02T14:09:00.000000000,10,CNN_LSTM,pm1,20.0,18.3924,1.6076
2026-12-02T13:59:00.000000000,2026-12-02T14:09:00.000000000,10,CNN_LSTM,pm2_5,32.0,30.0904,1.9096
2026-12-02T13:59:00.000000000,2026-12-02T14:09:00.000000000,10,CNN_LSTM,pm10,40.0,39.9701,0.0299
2026-12-02T13:59:00.000000000,2026-12-02T14:09:00.000000000,10,CNN_LSTM,co2,1629.0,2189.8044,-560.8044
2026-12-02T13:59:00.000000000,2026-12-02T14:09:00.000000000,10,CNN_LSTM,voc,45.0,111.3298,-66.3298
2026-12-02T14:00:00.000000000,2026-12-02T14:10:00.000000000,10,CNN_LSTM,pm1,20.0,18.3079,1.6921
2026-12-02T14:00:00.000000000,2026-12-02T14:10:00.000000000,10,CNN_LSTM,pm2_5,32.0,30.0184,1.9816
2026-12-02T14:00:00.000000000,2026-12-02T14:10:00.000000000,10,CNN_LSTM,pm10,41.0,39.7226,1.2774
2026-12-02T14:00:00.000000000,2026-12-02T14:10:00.000000000,10,CNN_LSTM,co2,1688.0,2144.8208,-456.8208
2026-12-02T14:00:00.000000000,2026-12-02T14:10:00.000000000,10,CNN_LSTM,voc,46.0,108.9998,-62.9998
2026-12-02T14:01:00.000000000,2026-12-02T14:11:00.000000000,10,CNN_LSTM,pm1,20.0,18.3561,1.6439
2026-12-02T14:01:00.000000000,2026-12-02T14:11:00.000000000,10,CNN_LSTM,pm2_5,32.0,30.1114,1.8886
2026-12-02T14:01:00.000000000,2026-12-02T14:11:00.000000000,10,CNN_LSTM,pm10,41.0,39.6875,1.3125
2026-12-02T14:01:00.000000000,2026-12-02T14:11:00.000000000,10,CNN_LSTM,co2,1717.0,2099.6313,-382.6313
2026-12-02T14:01:00.000000000,2026-12-02T14:11:00.000000000,10,CNN_LSTM,voc,51.0,104.5853,-53.5853
2026-12-02T14:02:00.000000000,2026-12-02T14:12:00.000000000,10,CNN_LSTM,pm1,20.0,18.2973,1.7027
2026-12-02T14:02:00.000000000,2026-12-02T14:12:00.000000000,10,CNN_LSTM,pm2_5,31.0,29.9478,1.0522
2026-12-02T14:02:00.000000000,2026-12-02T14:12:00.000000000,10,CNN_LSTM,pm10,39.0,39.7927,-0.7927
2026-12-02T14:02:00.000000000,2026-12-02T14:12:00.000000000,10,CNN_LSTM,co2,1775.0,2058.4656,-283.4656
2026-12-02T14:02:00.000000000,2026-12-02T14:12:00.000000000,10,CNN_LSTM,voc,54.0,103.7816,-49.7816
2026-12-02T14:03:00.000000000,2026-12-02T14:13:00.000000000,10,CNN_LSTM,pm1,20.0,18.1382,1.8618
2026-12-02T14:03:00.000000000,2026-12-02T14:13:00.000000000,10,CNN_LSTM,pm2_5,30.0,29.7347,0.2653
2026-12-02T14:03:00.000000000,2026-12-02T14:13:00.000000000,10,CNN_LSTM,pm10,38.0,39.2896,-1.2896
2026-12-02T14:03:00.000000000,2026-12-02T14:13:00.000000000,10,CNN_LSTM,co2,1752.0,2007.5568,-255.5568
2026-12-02T14:03:00.000000000,2026-12-02T14:13:00.000000000,10,CNN_LSTM,voc,55.0,101.6629,-46.6629
2026-12-02T14:04:00.000000000,2026-12-02T14:14:00.000000000,10,CNN_LSTM,pm1,18.0,18.032,-0.032
2026-12-02T14:04:00.000000000,2026-12-02T14:14:00.000000000,10,CNN_LSTM,pm2_5,29.0,29.6736,-0.6736
2026-12-02T14:04:00.000000000,2026-12-02T14:14:00.000000000,10,CNN_LSTM,pm10,36.0,38.8471,-2.8471
2026-12-02T14:04:00.000000000,2026-12-02T14:14:00.000000000,10,CNN_LSTM,co2,1730.0,1937.5431,-207.5431
2026-12-02T14:04:00.000000000,2026-12-02T14:14:00.000000000,10,CNN_LSTM,voc,55.0,97.5303,-42.5303
2026-12-02T14:05:00.000000000,2026-12-02T14:15:00.000000000,10,CNN_LSTM,pm1,20.0,18.0489,1.9511
2026-12-02T14:05:00.000000000,2026-12-02T14:15:00.000000000,10,CNN_LSTM,pm2_5,32.0,29.6672,2.3328
2026-12-02T14:05:00.000000000,2026-12-02T14:15:00.000000000,10,CNN_LSTM,pm10,40.0,38.8516,1.1484
2026-12-02T14:05:00.000000000,2026-12-02T14:15:00.000000000,10,CNN_LSTM,co2,1735.0,1876.3983,-141.3983
2026-12-02T14:05:00.000000000,2026-12-02T14:15:00.000000000,10,CNN_LSTM,voc,50.0,95.3237,-45.3237
2026-12-02T14:06:00.000000000,2026-12-02T14:16:00.000000000,10,CNN_LSTM,pm1,22.0,17.9134,4.0866
2026-12-02T14:06:00.000000000,2026-12-02T14:16:00.000000000,10,CNN_LSTM,pm2_5,35.0,29.4897,5.5103
2026-12-02T14:06:00.000000000,2026-12-02T14:16:00.000000000,10,CNN_LSTM,pm10,45.0,38.727,6.273
2026-12-02T14:06:00.000000000,2026-12-02T14:16:00.000000000,10,CNN_LSTM,co2,1719.0,1839.9708,-120.9708
2026-12-02T14:06:00.000000000,2026-12-02T14:16:00.000000000,10,CNN_LSTM,voc,46.0,95.2084,-49.2084
2026-12-02T14:07:00.000000000,2026-12-02T14:17:00.000000000,10,CNN_LSTM,pm1,23.0,17.8463,5.1537
2026-12-02T14:07:00.000000000,2026-12-02T14:17:00.000000000,10,CNN_LSTM,pm2_5,36.0,29.4499,6.5501
2026-12-02T14:07:00.000000000,2026-12-02T14:17:00.000000000,10,CNN_LSTM,pm10,47.0,38.3384,8.6616
2026-12-02T14:07:00.000000000,2026-12-02T14:17:00.000000000,10,CNN_LSTM,co2,1734.0,1778.4775,-44.4775
2026-12-02T14:07:00.000000000,2026-12-02T14:17:00.000000000,10,CNN_LSTM,voc,41.0,91.1726,-50.1726
2026-12-02T14:08:00.000000000,2026-12-02T14:18:00.000000000,10,CNN_LSTM,pm1,23.0,17.8307,5.1693
2026-12-02T14:08:00.000000000,2026-12-02T14:18:00.000000000,10,CNN_LSTM,pm2_5,36.0,29.292,6.708
2026-12-02T14:08:00.000000000,2026-12-02T14:18:00.000000000,10,CNN_LSTM,pm10,47.0,38.2436,8.7564
2026-12-02T14:08:00.000000000,2026-12-02T14:18:00.000000000,10,CNN_LSTM,co2,1756.0,1728.5857,27.4143
2026-12-02T14:08:00.000000000,2026-12-02T14:18:00.000000000,10,CNN_LSTM,voc,38.0,90.0334,-52.0334
2026-12-02T14:09:00.000000000,2026-12-02T14:19:00.000000000,10,CNN_LSTM,pm1,22.0,17.8864,4.1136
2026-12-02T14:09:00.000000000,2026-12-02T14:19:00.000000000,10,CNN_LSTM,pm2_5,36.0,29.5185,6.4815
2026-12-02T14:09:00.000000000,2026-12-02T14:19:00.000000000,10,CNN_LSTM,pm10,47.0,38.2586,8.7414
2026-12-02T14:09:00.000000000,2026-12-02T14:19:00.000000000,10,CNN_LSTM,co2,1699.0,1683.4253,15.5747
2026-12-02T14:09:00.000000000,2026-12-02T14:19:00.000000000,10,CNN_LSTM,voc,37.0,85.9824,-48.9824
2026-12-02T14:10:00.000000000,2026-12-02T14:20:00.000000000,10,CNN_LSTM,pm1,23.0,17.89,5.11
2026-12-02T14:10:00.000000000,2026-12-02T14:20:00.000000000,10,CNN_LSTM,pm2_5,36.0,29.39,6.61
2026-12-02T14:10:00.000000000,2026-12-02T14:20:00.000000000,10,CNN_LSTM,pm10,46.0,38.2707,7.7293
2026-12-02T14:10:00.000000000,2026-12-02T14:20:00.000000000,10,CNN_LSTM,co2,1670.0,1643.2969,26.7031
2026-12-02T14:10:00.000000000,2026-12-02T14:20:00.000000000,10,CNN_LSTM,voc,36.0,86.8668,-50.8668
2026-12-02T14:11:00.000000000,2026-12-02T14:21:00.000000000,10,CNN_LSTM,pm1,23.0,17.7273,5.2727
2026-12-02T14:11:00.000000000,2026-12-02T14:21:00.000000000,10,CNN_LSTM,pm2_5,36.0,29.2678,6.7322
2026-12-02T14:11:00.000000000,2026-12-02T14:21:00.000000000,10,CNN_LSTM,pm10,46.0,37.9349,8.0651
2026-12-02T14:11:00.000000000,2026-12-02T14:21:00.000000000,10,CNN_LSTM,co2,1679.0,1584.7097,94.2903
2026-12-02T14:11:00.000000000,2026-12-02T14:21:00.000000000,10,CNN_LSTM,voc,36.0,85.471,-49.471
2026-12-02T14:12:00.000000000,2026-12-02T14:22:00.000000000,10,CNN_LSTM,pm1,24.0,17.5689,6.4311
2026-12-02T14:12:00.000000000,2026-12-02T14:22:00.000000000,10,CNN_LSTM,pm2_5,37.0,28.9929,8.0071
2026-12-02T14:12:00.000000000,2026-12-02T14:22:00.000000000,10,CNN_LSTM,pm10,48.0,37.4005,10.5995
2026-12-02T14:12:00.000000000,2026-12-02T14:22:00.000000000,10,CNN_LSTM,co2,1672.0,1541.9993,130.0007
2026-12-02T14:12:00.000000000,2026-12-02T14:22:00.000000000,10,CNN_LSTM,voc,35.0,84.4431,-49.4431
2026-12-02T14:13:00.000000000,2026-12-02T14:23:00.000000000,10,CNN_LSTM,pm1,24.0,17.4192,6.5808
2026-12-02T14:13:00.000000000,2026-12-02T14:23:00.000000000,10,CNN_LSTM,pm2_5,38.0,28.7603,9.2397
2026-12-02T14:13:00.000000000,2026-12-02T14:23:00.000000000,10,CNN_LSTM,pm10,48.0,37.0264,10.9736
2026-12-02T14:13:00.000000000,2026-12-02T14:23:00.000000000,10,CNN_LSTM,co2,1558.0,1526.6293,31.3707
2026-12-02T14:13:00.000000000,2026-12-02T14:23:00.000000000,10,CNN_LSTM,voc,35.0,85.0766,-50.0766
2026-12-02T14:14:00.000000000,2026-12-02T14:24:00.000000000,10,CNN_LSTM,pm1,24.0,17.245,6.755
2026-12-02T14:14:00.000000000,2026-12-02T14:24:00.000000000,10,CNN_LSTM,pm2_5,37.0,28.562,8.438
2026-12-02T14:14:00.000000000,2026-12-02T14:24:00.000000000,10,CNN_LSTM,pm10,47.0,36.5829,10.4171
2026-12-02T14:14:00.000000000,2026-12-02T14:24:00.000000000,10,CNN_LSTM,co2,1574.0,1519.3087,54.6913
2026-12-02T14:14:00.000000000,2026-12-02T14:24:00.000000000,10,CNN_LSTM,voc,33.0,85.8272,-52.8272
2026-12-02T14:15:00.000000000,2026-12-02T14:25:00.000000000,10,CNN_LSTM,pm1,24.0,17.3718,6.6282
2026-12-02T14:15:00.000000000,2026-12-02T14:25:00.000000000,10,CNN_LSTM,pm2_5,37.0,28.7859,8.2141
2026-12-02T14:15:00.000000000,2026-12-02T14:25:00.000000000,10,CNN_LSTM,pm10,48.0,36.7118,11.2882
2026-12-02T14:15:00.000000000,2026-12-02T14:25:00.000000000,10,CNN_LSTM,co2,1618.0,1547.8425,70.1575
2026-12-02T14:15:00.000000000,2026-12-02T14:25:00.000000000,10,CNN_LSTM,voc,33.0,88.8812,-55.8812
2026-12-02T14:16:00.000000000,2026-12-02T14:26:00.000000000,10,CNN_LSTM,pm1,23.0,17.7799,5.2201
2026-12-02T14:16:00.000000000,2026-12-02T14:26:00.000000000,10,CNN_LSTM,pm2_5,37.0,29.3846,7.6154
2026-12-02T14:16:00.000000000,2026-12-02T14:26:00.000000000,10,CNN_LSTM,pm10,47.0,37.6069,9.3931
2026-12-02T14:16:00.000000000,2026-12-02T14:26:00.000000000,10,CNN_LSTM,co2,1814.0,1571.4071,242.5929
2026-12-02T14:16:00.000000000,2026-12-02T14:26:00.000000000,10,CNN_LSTM,voc,40.0,87.3866,-47.3866
2026-12-02T14:17:00.000000000,2026-12-02T14:27:00.000000000,10,CNN_LSTM,pm1,22.0,18.4793,3.5207
2026-12-02T14:17:00.000000000,2026-12-02T14:27:00.000000000,10,CNN_LSTM,pm2_5,35.0,30.3078,4.6922
2026-12-02T14:17:00.000000000,2026-12-02T14:27:00.000000000,10,CNN_LSTM,pm10,45.0,39.7986,5.2014
2026-12-02T14:17:00.000000000,2026-12-02T14:27:00.000000000,10,CNN_LSTM,co2,1991.9999,1614.1576,377.8423
2026-12-02T14:17:00.000000000,2026-12-02T14:27:00.000000000,10,CNN_LSTM,voc,54.0,89.8578,-35.8578
2026-12-02T14:18:00.000000000,2026-12-02T14:28:00.000000000,10,CNN_LSTM,pm1,21.0,18.6586,2.3414
2026-12-02T14:18:00.000000000,2026-12-02T14:28:00.000000000,10,CNN_LSTM,pm2_5,34.0,30.7343,3.2657
2026-12-02T14:18:00.000000000,2026-12-02T14:28:00.000000000,10,CNN_LSTM,pm10,43.0,40.6746,2.3254
2026-12-02T14:18:00.000000000,2026-12-02T14:28:00.000000000,10,CNN_LSTM,co2,2148.0,1575.0829,572.9171
2026-12-02T14:18:00.000000000,2026-12-02T14:28:00.000000000,10,CNN_LSTM,voc,60.0,91.0556,-31.0556
2026-12-02T14:19:00.000000000,2026-12-02T14:29:00.000000000,10,CNN_LSTM,pm1,21.0,18.4039,2.5961
2026-12-02T14:19:00.000000000,2026-12-02T14:29:00.000000000,10,CNN_LSTM,pm2_5,34.0,30.4268,3.5732
2026-12-02T14:19:00.000000000,2026-12-02T14:29:00.000000000,10,CNN_LSTM,pm10,43.0,40.3238,2.6762
2026-12-02T14:19:00.000000000,2026-12-02T14:29:00.000000000,10,CNN_LSTM,co2,2186.0,1507.1906,678.8094
2026-12-02T14:19:00.000000000,2026-12-02T14:29:00.000000000,10,CNN_LSTM,voc,67.0,96.3298,-29.3298
2026-12-02T14:20:00.000000000,2026-12-02T14:30:00.000000000,10,CNN_LSTM,pm1,21.0,18.2213,2.7787
2026-12-02T14:20:00.000000000,2026-12-02T14:30:00.000000000,10,CNN_LSTM,pm2_5,35.0,30.2534,4.7466
2026-12-02T14:20:00.000000000,2026-12-02T14:30:00.000000000,10,CNN_LSTM,pm10,43.0,39.974,3.026
2026-12-02T14:20:00.000000000,2026-12-02T14:30:00.000000000,10,CNN_LSTM,co2,2289.0,1462.6099,826.3901
2026-12-02T14:20:00.000000000,2026-12-02T14:30:00.000000000,10,CNN_LSTM,voc,78.0,99.7953,-21.7953
2026-12-02T14:21:00.000000000,2026-12-02T14:31:00.000000000,10,CNN_LSTM,pm1,21.0,18.2395,2.7605
2026-12-02T14:21:00.000000000,2026-12-02T14:31:00.000000000,10,CNN_LSTM,pm2_5,34.0,30.2508,3.7492
2026-12-02T14:21:00.000000000,2026-12-02T14:31:00.000000000,10,CNN_LSTM,pm10,44.0,39.7901,4.2099
2026-12-02T14:21:00.000000000,2026-12-02T14:31:00.000000000,10,CNN_LSTM,co2,2390.0,1440.3063,949.6937
2026-12-02T14:21:00.000000000,2026-12-02T14:31:00.000000000,10,CNN_LSTM,voc,79.0,100.6619,-21.6619
2026-12-02T14:22:00.000000000,2026-12-02T14:32:00.000000000,10,CNN_LSTM,pm1,20.0,18.1763,1.8237
2026-12-02T14:22:00.000000000,2026-12-02T14:32:00.000000000,10,CNN_LSTM,pm2_5,33.0,30.1495,2.8505
2026-12-02T14:22:00.000000000,2026-12-02T14:32:00.000000000,10,CNN_LSTM,pm10,42.0,39.7352,2.2648
2026-12-02T14:22:00.000000000,2026-12-02T14:32:00.000000000,10,CNN_LSTM,co2,2454.0,1417.2394,1036.7606
2026-12-02T14:22:00.000000000,2026-12-02T14:32:00.000000000,10,CNN_LSTM,voc,85.0,100.1453,-15.1453
2026-12-02T14:23:00.000000000,2026-12-02T14:33:00.000000000,10,CNN_LSTM,pm1,21.0,18.2957,2.7043
2026-12-02T14:23:00.000000000,2026-12-02T14:33:00.000000000,10,CNN_LSTM,pm2_5,33.0,30.4133,2.5867
2026-12-02T14:23:00.000000000,2026-12-02T14:33:00.000000000,10,CNN_LSTM,pm10,43.0,39.9278,3.0722
2026-12-02T14:23:00.000000000,2026-12-02T14:33:00.000000000,10,CNN_LSTM,co2,2506.0,1411.2927,1094.7073
2026-12-02T14:23:00.000000000,2026-12-02T14:33:00.000000000,10,CNN_LSTM,voc,88.0,99.7484,-11.7484
2026-12-02T14:24:00.000000000,2026-12-02T14:34:00.000000000,10,CNN_LSTM,pm1,21.0,18.4501,2.5499
2026-12-02T14:24:00.000000000,2026-12-02T14:34:00.000000000,10,CNN_LSTM,pm2_5,33.0,30.6824,2.3176
2026-12-02T14:24:00.000000000,2026-12-02T14:34:00.000000000,10,CNN_LSTM,pm10,43.0,40.5692,2.4308
2026-12-02T14:24:00.000000000,2026-12-02T14:34:00.000000000,10,CNN_LSTM,co2,2478.0,1412.2697,1065.7303
2026-12-02T14:24:00.000000000,2026-12-02T14:34:00.000000000,10,CNN_LSTM,voc,88.0,101.2957,-13.2957
2026-12-02T14:25:00.000000000,2026-12-02T14:35:00.000000000,10,CNN_LSTM,pm1,21.0,18.4941,2.5059
2026-12-02T14:25:00.000000000,2026-12-02T14:35:00.000000000,10,CNN_LSTM,pm2_5,33.0,30.7839,2.2161
2026-12-02T14:25:00.000000000,2026-12-02T14:35:00.000000000,10,CNN_LSTM,pm10,43.0,40.8307,2.1693
2026-12-02T14:25:00.000000000,2026-12-02T14:35:00.000000000,10,CNN_LSTM,co2,2605.0,1395.6404,1209.3596
2026-12-02T14:25:00.000000000,2026-12-02T14:35:00.000000000,10,CNN_LSTM,voc,89.0,102.8299,-13.8299
2026-12-02T14:26:00.000000000,2026-12-02T14:36:00.000000000,10,CNN_LSTM,pm1,21.0,18.6195,2.3805
2026-12-02T14:26:00.000000000,2026-12-02T14:36:00.000000000,10,CNN_LSTM,pm2_5,33.0,31.0269,1.9731
2026-12-02T14:26:00.000000000,2026-12-02T14:36:00.000000000,10,CNN_LSTM,pm10,43.0,41.0965,1.9035
2026-12-02T14:26:00.000000000,2026-12-02T14:36:00.000000000,10,CNN_LSTM,co2,2562.0,1381.9496,1180.0504
2026-12-02T14:26:00.000000000,2026-12-02T14:36:00.000000000,10,CNN_LSTM,voc,87.0,108.1896,-21.1896
2026-12-02T14:27:00.000000000,2026-12-02T14:37:00.000000000,10,CNN_LSTM,pm1,21.0,18.7518,2.2482
2026-12-02T14:27:00.000000000,2026-12-02T14:37:00.000000000,10,CNN_LSTM,pm2_5,34.0,31.2324,2.7676
2026-12-02T14:27:00.000000000,2026-12-02T14:37:00.000000000,10,CNN_LSTM,pm10,43.0,41.6362,1.3638
2026-12-02T14:27:00.000000000,2026-12-02T14:37:00.000000000,10,CNN_LSTM,co2,2476.0,1387.1674,1088.8326
2026-12-02T14:27:00.000000000,2026-12-02T14:37:00.000000000,10,CNN_LSTM,voc,90.0,110.3027,-20.3027
2026-12-02T14:28:00.000000000,2026-12-02T14:38:00.000000000,10,CNN_LSTM,pm1,21.0,18.8762,2.1238
2026-12-02T14:28:00.000000000,2026-12-02T14:38:00.000000000,10,CNN_LSTM,pm2_5,33.0,31.4097,1.5903
2026-12-02T14:28:00.000000000,2026-12-02T14:38:00.000000000,10,CNN_LSTM,pm10,42.0,41.9288,0.0712
2026-12-02T14:28:00.000000000,2026-12-02T14:38:00.000000000,10,CNN_LSTM,co2,2493.0,1389.0309,1103.9691
2026-12-02T14:28:00.000000000,2026-12-02T14:38:00.000000000,10,CNN_LSTM,voc,87.0,111.0745,-24.0745
2026-12-02T14:29:00.000000000,2026-12-02T14:39:00.000000000,10,CNN_LSTM,pm1,21.0,18.8504,2.1496
2026-12-02T14:29:00.000000000,2026-12-02T14:39:00.000000000,10,CNN_LSTM,pm2_5,33.0,31.457,1.543
2026-12-02T14:29:00.000000000,2026-12-02T14:39:00.000000000,10,CNN_LSTM,pm10,42.0,41.8953,0.1047
2026-12-02T14:29:00.000000000,2026-12-02T14:39:00.000000000,10,CNN_LSTM,co2,2428.0,1397.1544,1030.8456
2026-12-02T14:29:00.000000000,2026-12-02T14:39:00.000000000,10,CNN_LSTM,voc,89.0,112.6859,-23.6859
2026-12-02T14:30:00.000000000,2026-12-02T14:40:00.000000000,10,CNN_LSTM,pm1,21.0,18.6101,2.3899
2026-12-02T14:30:00.000000000,2026-12-02T14:40:00.000000000,10,CNN_LSTM,pm2_5,34.0,31.0407,2.9593
2026-12-02T14:30:00.000000000,2026-12-02T14:40:00.000000000,10,CNN_LSTM,pm10,44.0,41.1293,2.8707
2026-12-02T14:30:00.000000000,2026-12-02T14:40:00.000000000,10,CNN_LSTM,co2,2392.0,1407.0162,984.9838
2026-12-02T14:30:00.000000000,2026-12-02T14:40:00.000000000,10,CNN_LSTM,voc,86.0,106.7363,-20.7363
2026-12-02T14:31:00.000000000,2026-12-02T14:41:00.000000000,10,CNN_LSTM,pm1,21.0,18.3154,2.6846
2026-12-02T14:31:00.000000000,2026-12-02T14:41:00.000000000,10,CNN_LSTM,pm2_5,34.0,30.4935,3.5065
2026-12-02T14:31:00.000000000,2026-12-02T14:41:00.000000000,10,CNN_LSTM,pm10,41.0,40.295,0.705
2026-12-02T14:31:00.000000000,2026-12-02T14:41:00.000000000,10,CNN_LSTM,co2,2454.0,1417.1656,1036.8344
2026-12-02T14:31:00.000000000,2026-12-02T14:41:00.000000000,10,CNN_LSTM,voc,87.0,100.7304,-13.7304
2026-12-02T14:32:00.000000000,2026-12-02T14:42:00.000000000,10,CNN_LSTM,pm1,21.0,18.068,2.932
2026-12-02T14:32:00.000000000,2026-12-02T14:42:00.000000000,10,CNN_LSTM,pm2_5,34.0,29.9953,4.0047
2026-12-02T14:32:00.000000000,2026-12-02T14:42:00.000000000,10,CNN_LSTM,pm10,43.0,39.4382,3.5618
2026-12-02T14:32:00.000000000,2026-12-02T14:42:00.000000000,10,CNN_LSTM,co2,2386.0,1421.7046,964.2954
2026-12-02T14:32:00.000000000,2026-12-02T14:42:00.000000000,10,CNN_LSTM,voc,82.0,95.4559,-13.4559
2026-12-02T14:33:00.000000000,2026-12-02T14:43:00.000000000,10,CNN_LSTM,pm1,21.0,17.8942,3.1058
2026-12-02T14:33:00.000000000,2026-12-02T14:43:00.000000000,10,CNN_LSTM,pm2_5,34.0,29.6763,4.3237
2026-12-02T14:33:00.000000000,2026-12-02T14:43:00.000000000,10,CNN_LSTM,pm10,44.0,38.8532,5.1468
2026-12-02T14:33:00.000000000,2026-12-02T14:43:00.000000000,10,CNN_LSTM,co2,2332.0,1468.7477,863.2523
2026-12-02T14:33:00.000000000,2026-12-02T14:43:00.000000000,10,CNN_LSTM,voc,75.0,98.0535,-23.0535
2026-12-02T14:34:00.000000000,2026-12-02T14:44:00.000000000,10,CNN_LSTM,pm1,21.0,17.7821,3.2179
2026-12-02T14:34:00.000000000,2026-12-02T14:44:00.000000000,10,CNN_LSTM,pm2_5,34.0,29.4652,4.5348
2026-12-02T14:34:00.000000000,2026-12-02T14:44:00.000000000,10,CNN_LSTM,pm10,43.0,38.3838,4.6162
2026-12-02T14:34:00.000000000,2026-12-02T14:44:00.000000000,10,CNN_LSTM,co2,2271.0,1501.2889,769.7111
2026-12-02T14:34:00.000000000,2026-12-02T14:44:00.000000000,10,CNN_LSTM,voc,71.0,98.2136,-27.2136
2026-12-02T14:35:00.000000000,2026-12-02T14:45:00.000000000,10,CNN_LSTM,pm1,22.0,17.6504,4.3496
2026-12-02T14:35:00.000000000,2026-12-02T14:45:00.000000000,10,CNN_LSTM,pm2_5,35.0,29.1942,5.8058
2026-12-02T14:35:00.000000000,2026-12-02T14:45:00.000000000,10,CNN_LSTM,pm10,43.0,38.0313,4.9687
2026-12-02T14:35:00.000000000,2026-12-02T14:45:00.000000000,10,CNN_LSTM,co2,2158.0,1534.902,623.098
2026-12-02T14:35:00.000000000,2026-12-02T14:45:00.000000000,10,CNN_LSTM,voc,69.0,93.3122,-24.3122
2026-12-02T14:36:00.000000000,2026-12-02T14:46:00.000000000,10,CNN_LSTM,pm1,22.0,17.4229,4.5771
2026-12-02T14:36:00.000000000,2026-12-02T14:46:00.000000000,10,CNN_LSTM,pm2_5,35.0,28.8236,6.1764
2026-12-02T14:36:00.000000000,2026-12-02T14:46:00.000000000,10,CNN_LSTM,pm10,45.0,37.3555,7.6445
2026-12-02T14:36:00.000000000,2026-12-02T14:46:00.000000000,10,CNN_LSTM,co2,2087.0,1552.153,534.847
2026-12-02T14:36:00.000000000,2026-12-02T14:46:00.000000000,10,CNN_LSTM,voc,68.0,91.4671,-23.4671
2026-12-02T14:37:00.000000000,2026-12-02T14:48:00.000000000,10,CNN_LSTM,pm1,22.0,17.3125,4.6875
2026-12-02T14:37:00.000000000,2026-12-02T14:48:00.000000000,10,CNN_LSTM,pm2_5,36.0,28.6583,7.3417
2026-12-02T14:37:00.000000000,2026-12-02T14:48:00.000000000,10,CNN_LSTM,pm10,47.0,37.0068,9.9932
2026-12-02T14:37:00.000000000,2026-12-02T14:48:00.000000000,10,CNN_LSTM,co2,2068.0,1587.1725,480.8275
2026-12-02T14:37:00.000000000,2026-12-02T14:48:00.000000000,10,CNN_LSTM,voc,59.0,90.8477,-31.8477
2026-12-02T14:38:00.000000000,2026-12-02T14:49:00.000000000,10,CNN_LSTM,pm1,22.0,17.1837,4.8163
2026-12-02T14:38:00.000000000,2026-12-02T14:49:00.000000000,10,CNN_LSTM,pm2_5,36.0,28.4841,7.5159
2026-12-02T14:38:00.000000000,2026-12-02T14:49:00.000000000,10,CNN_LSTM,pm10,47.0,36.6533,10.3467
2026-12-02T14:38:00.000000000,2026-12-02T14:49:00.000000000,10,CNN_LSTM,co2,2068.0,1607.8062,460.1938
2026-12-02T14:38:00.000000000,2026-12-02T14:49:00.000000000,10,CNN_LSTM,voc,59.0,89.3093,-30.3093
2026-12-02T14:39:00.000000000,2026-12-02T14:50:00.000000000,10,CNN_LSTM,pm1,23.0,17.1996,5.8004
2026-12-02T14:39:00.000000000,2026-12-02T14:50:00.000000000,10,CNN_LSTM,pm2_5,35.0,28.4249,6.5751
2026-12-02T14:39:00.000000000,2026-12-02T14:50:00.000000000,10,CNN_LSTM,pm10,45.0,36.611,8.389
2026-12-02T14:39:00.000000000,2026-12-02T14:50:00.000000000,10,CNN_LSTM,co2,2110.0,1623.7278,486.2722
2026-12-02T14:39:00.000000000,2026-12-02T14:50:00.000000000,10,CNN_LSTM,voc,66.0,89.034,-23.034
2026-12-02T14:40:00.000000000,2026-12-02T14:51:00.000000000,10,CNN_LSTM,pm1,22.0,17.1095,4.8905
2026-12-02T14:40:00.000000000,2026-12-02T14:51:00.000000000,10,CNN_LSTM,pm2_5,35.0,28.3628,6.6372
2026-12-02T14:40:00.000000000,2026-12-02T14:51:00.000000000,10,CNN_LSTM,pm10,44.0,36.415,7.585
2026-12-02T14:40:00.000000000,2026-12-02T14:51:00.000000000,10,CNN_LSTM,co2,2046.0,1628.26,417.74
2026-12-02T14:40:00.000000000,2026-12-02T14:51:00.000000000,10,CNN_LSTM,voc,67.0,89.0282,-22.0282
2026-12-02T14:41:00.000000000,2026-12-02T14:52:00.000000000,10,CNN_LSTM,pm1,21.0,17.0835,3.9165
2026-12-02T14:41:00.000000000,2026-12-02T14:52:00.000000000,10,CNN_LSTM,pm2_5,34.0,28.3019,5.6981
2026-12-02T14:41:00.000000000,2026-12-02T14:52:00.000000000,10,CNN_LSTM,pm10,43.0,36.2984,6.7016
2026-12-02T14:41:00.000000000,2026-12-02T14:52:00.000000000,10,CNN_LSTM,co2,1998.0,1615.9937,382.0063
2026-12-02T14:41:00.000000000,2026-12-02T14:52:00.000000000,10,CNN_LSTM,voc,67.0,87.6846,-20.6846
2026-12-02T14:42:00.000000000,2026-12-02T14:53:00.000000000,10,CNN_LSTM,pm1,21.0,17.0264,3.9736
2026-12-02T14:42:00.000000000,2026-12-02T14:53:00.000000000,10,CNN_LSTM,pm2_5,34.0,28.2607,5.7393
2026-12-02T14:42:00.000000000,2026-12-02T14:53:00.000000000,10,CNN_LSTM,pm10,43.0,36.2383,6.7617
2026-12-02T14:42:00.000000000,2026-12-02T14:53:00.000000000,10,CNN_LSTM,co2,1961.0001,1626.175,334.8251
2026-12-02T14:42:00.000000000,2026-12-02T14:53:00.000000000,10,CNN_LSTM,voc,66.0,86.8943,-20.8943
2026-12-02T14:43:00.000000000,2026-12-02T14:54:00.000000000,10,CNN_LSTM,pm1,22.0,17.0057,4.9943
2026-12-02T14:43:00.000000000,2026-12-02T14:54:00.000000000,10,CNN_LSTM,pm2_5,35.0,28.2144,6.7856
2026-12-02T14:43:00.000000000,2026-12-02T14:54:00.000000000,10,CNN_LSTM,pm10,44.0,36.2761,7.7239
2026-12-02T14:43:00.000000000,2026-12-02T14:54:00.000000000,10,CNN_LSTM,co2,1946.0,1602.5951,343.4049
2026-12-02T14:43:00.000000000,2026-12-02T14:54:00.000000000,10,CNN_LSTM,voc,68.0,88.7167,-20.7167
2026-12-02T14:44:00.000000000,2026-12-02T14:55:00.000000000,10,CNN_LSTM,pm1,21.0,17.0564,3.9436
2026-12-02T14:44:00.000000000,2026-12-02T14:55:00.000000000,10,CNN_LSTM,pm2_5,34.0,28.2548,5.7452
2026-12-02T14:44:00.000000000,2026-12-02T14:55:00.000000000,10,CNN_LSTM,pm10,44.0,36.3548,7.6452
2026-12-02T14:44:00.000000000,2026-12-02T14:55:00.000000000,10,CNN_LSTM,co2,1899.0,1573.0704,325.9296
2026-12-02T14:44:00.000000000,2026-12-02T14:55:00.000000000,10,CNN_LSTM,voc,63.0,85.7129,-22.7129
2026-12-02T14:45:00.000000000,2026-12-02T14:56:00.000000000,10,CNN_LSTM,pm1,21.0,16.9582,4.0418
2026-12-02T14:45:00.000000000,2026-12-02T14:56:00.000000000,10,CNN_LSTM,pm2_5,35.0,28.14,6.86
2026-12-02T14:45:00.000000000,2026-12-02T14:56:00.000000000,10,CNN_LSTM,pm10,45.0,36.1611,8.8389
2026-12-02T14:45:00.000000000,2026-12-02T14:56:00.000000000,10,CNN_LSTM,co2,1876.0,1560.8901,315.1099
2026-12-02T14:45:00.000000000,2026-12-02T14:56:00.000000000,10,CNN_LSTM,voc,61.0,84.0971,-23.0971
2026-12-02T14:46:00.000000000,2026-12-02T14:57:00.000000000,10,CNN_LSTM,pm1,22.0,16.9744,5.0256
2026-12-02T14:46:00.000000000,2026-12-02T14:57:00.000000000,10,CNN_LSTM,pm2_5,35.0,28.0792,6.9208
2026-12-02T14:46:00.000000000,2026-12-02T14:57:00.000000000,10,CNN_LSTM,pm10,43.0,36.1979,6.8021
2026-12-02T14:46:00.000000000,2026-12-02T14:57:00.000000000,10,CNN_LSTM,co2,1905.0,1538.5579,366.4421
2026-12-02T14:46:00.000000000,2026-12-02T14:57:00.000000000,10,CNN_LSTM,voc,62.0,83.1743,-21.1743
2026-12-02T14:48:00.000000000,2026-12-02T14:58:00.000000000,10,CNN_LSTM,pm1,22.0,17.0739,4.9261
2026-12-02T14:48:00.000000000,2026-12-02T14:58:00.000000000,10,CNN_LSTM,pm2_5,35.0,28.0926,6.9074
2026-12-02T14:48:00.000000000,2026-12-02T14:58:00.000000000,10,CNN_LSTM,pm10,44.0,36.4192,7.5808
2026-12-02T14:48:00.000000000,2026-12-02T14:58:00.000000000,10,CNN_LSTM,co2,1946.0,1502.7715,443.2285
2026-12-02T14:48:00.000000000,2026-12-02T14:58:00.000000000,10,CNN_LSTM,voc,61.0,80.7892,-19.7892
2026-12-02T14:49:00.000000000,2026-12-02T14:59:00.000000000,10,CNN_LSTM,pm1,22.0,17.2146,4.7854
2026-12-02T14:49:00.000000000,2026-12-02T14:59:00.000000000,10,CNN_LSTM,pm2_5,35.0,28.3668,6.6332
2026-12-02T14:49:00.000000000,2026-12-02T14:59:00.000000000,10,CNN_LSTM,pm10,44.0,36.6905,7.3095
2026-12-02T14:49:00.000000000,2026-12-02T14:59:00.000000000,10,CNN_LSTM,co2,1840.0,1472.3236,367.6764
2026-12-02T14:49:00.000000000,2026-12-02T14:59:00.000000000,10,CNN_LSTM,voc,59.0,81.0705,-22.0705
2026-12-02T14:50:00.000000000,2026-12-02T15:00:00.000000000,10,CNN_LSTM,pm1,22.0,17.2299,4.7701
2026-12-02T14:50:00.000000000,2026-12-02T15:00:00.000000000,10,CNN_LSTM,pm2_5,35.0,28.445,6.555
2026-12-02T14:50:00.000000000,2026-12-02T15:00:00.000000000,10,CNN_LSTM,pm10,45.0,36.9249,8.0751
2026-12-02T14:50:00.000000000,2026-12-02T15:00:00.000000000,10,CNN_LSTM,co2,1827.0,1456.3027,370.6973
2026-12-02T14:50:00.000000000,2026-12-02T15:00:00.000000000,10,CNN_LSTM,voc,60.0,82.8872,-22.8872
2026-12-02T14:51:00.000000000,2026-12-02T15:01:00.000000000,10,CNN_LSTM,pm1,21.0,17.3366,3.6634
2026-12-02T14:51:00.000000000,2026-12-02T15:01:00.000000000,10,CNN_LSTM,pm2_5,34.0,28.5615,5.4385
2026-12-02T14:51:00.000000000,2026-12-02T15:01:00.000000000,10,CNN_LSTM,pm10,43.0,37.196,5.804
2026-12-02T14:51:00.000000000,2026-12-02T15:01:00.000000000,10,CNN_LSTM,co2,1873.0,1441.837,431.163
2026-12-02T14:51:00.000000000,2026-12-02T15:01:00.000000000,10,CNN_LSTM,voc,60.0,85.0831,-25.0831
2026-12-02T14:52:00.000000000,2026-12-02T15:02:00.000000000,10,CNN_LSTM,pm1,21.0,17.34,3.66
2026-12-02T14:52:00.000000000,2026-12-02T15:02:00.000000000,10,CNN_LSTM,pm2_5,35.0,28.6668,6.3332
2026-12-02T14:52:00.000000000,2026-12-02T15:02:00.000000000,10,CNN_LSTM,pm10,45.0,37.2774,7.7226
2026-12-02T14:52:00.000000000,2026-12-02T15:02:00.000000000,10,CNN_LSTM,co2,1911.0,1429.5504,481.4496
2026-12-02T14:52:00.000000000,2026-12-02T15:02:00.000000000,10,CNN_LSTM,voc,60.0,85.4554,-25.4554
2026-12-02T14:53:00.000000000,2026-12-02T15:03:00.000000000,10,CNN_LSTM,pm1,22.0,17.3593,4.6407
2026-12-02T14:53:00.000000000,2026-12-02T15:03:00.000000000,10,CNN_LSTM,pm2_5,35.0,28.8615,6.1385
2026-12-02T14:53:00.000000000,2026-12-02T15:03:00.000000000,10,CNN_LSTM,pm10,46.0,37.4525,8.5475
2026-12-02T14:53:00.000000000,2026-12-02T15:03:00.000000000,10,CNN_LSTM,co2,1839.0,1429.9025,409.0975
2026-12-02T14:53:00.000000000,2026-12-02T15:03:00.000000000,10,CNN_LSTM,voc,58.0,85.9673,-27.9673
2026-12-02T14:54:00.000000000,2026-12-02T15:04:00.000000000,10,CNN_LSTM,pm1,21.0,17.3851,3.6149
2026-12-02T14:54:00.000000000,2026-12-02T15:04:00.000000000,10,CNN_LSTM,pm2_5,34.0,28.833,5.167
2026-12-02T14:54:00.000000000,2026-12-02T15:04:00.000000000,10,CNN_LSTM,pm10,44.0,37.3705,6.6295
2026-12-02T14:54:00.000000000,2026-12-02T15:04:00.000000000,10,CNN_LSTM,co2,1928.0,1418.7279,509.2721
2026-12-02T14:54:00.000000000,2026-12-02T15:04:00.000000000,10,CNN_LSTM,voc,58.0,86.1945,-28.1945
2026-12-02T14:55:00.000000000,2026-12-02T15:05:00.000000000,10,CNN_LSTM,pm1,21.0,17.4446,3.5554
2026-12-02T14:55:00.000000000,2026-12-02T15:05:00.000000000,10,CNN_LSTM,pm2_5,34.0,28.8459,5.1541
2026-12-02T14:55:00.000000000,2026-12-02T15:05:00.000000000,10,CNN_LSTM,pm10,43.0,37.4192,5.5808
2026-12-02T14:55:00.000000000,2026-12-02T15:05:00.000000000,10,CNN_LSTM,co2,1950.0,1415.5143,534.4857
2026-12-02T14:55:00.000000000,2026-12-02T15:05:00.000000000,10,CNN_LSTM,voc,58.0,84.912,-26.912
2026-12-02T14:56:00.000000000,2026-12-02T15:06:00.000000000,10,CNN_LSTM,pm1,22.0,17.369,4.631
2026-12-02T14:56:00.000000000,2026-12-02T15:06:00.000000000,10,CNN_LSTM,pm2_5,34.0,28.6569,5.3431
2026-12-02T14:56:00.000000000,2026-12-02T15:06:00.000000000,10,CNN_LSTM,pm10,42.0,37.3682,4.6318
2026-12-02T14:56:00.000000000,2026-12-02T15:06:00.000000000,10,CNN_LSTM,co2,1972.0,1401.9862,570.0138
2026-12-02T14:56:00.000000000,2026-12-02T15:06:00.000000000,10,CNN_LSTM,voc,61.0,81.8691,-20.8691
2026-12-02T14:57:00.000000000,2026-12-02T15:07:00.000000000,10,CNN_LSTM,pm1,21.0,17.3534,3.6466
2026-12-02T14:57:00.000000000,2026-12-02T15:07:00.000000000,10,CNN_LSTM,pm2_5,34.0,28.7184,5.2816
2026-12-02T14:57:00.000000000,2026-12-02T15:07:00.000000000,10,CNN_LSTM,pm10,44.0,37.2335,6.7665
2026-12-02T14:57:00.000000000,2026-12-02T15:07:00.000000000,10,CNN_LSTM,co2,2011.0001,1402.8218,608.1783
2026-12-02T14:57:00.000000000,2026-12-02T15:07:00.000000000,10,CNN_LSTM,voc,61.0,84.2075,-23.2074
2026-12-02T14:58:00.000000000,2026-12-02T15:08:00.000000000,10,CNN_LSTM,pm1,21.0,17.4346,3.5654
2026-12-02T14:58:00.000000000,2026-12-02T15:08:00.000000000,10,CNN_LSTM,pm2_5,33.0,28.6886,4.3114
2026-12-02T14:58:00.000000000,2026-12-02T15:08:00.000000000,10,CNN_LSTM,pm10,43.0,37.4592,5.5408
2026-12-02T14:58:00.000000000,2026-12-02T15:08:00.000000000,10,CNN_LSTM,co2,2038.9999,1415.3732,623.6267
2026-12-02T14:58:00.000000000,2026-12-02T15:08:00.000000000,10,CNN_LSTM,voc,60.0,84.8131,-24.8131
2026-12-02T14:59:00.000000000,2026-12-02T15:09:00.000000000,10,CNN_LSTM,pm1,21.0,17.332,3.668
2026-12-02T14:59:00.000000000,2026-12-02T15:09:00.000000000,10,CNN_LSTM,pm2_5,34.0,28.5828,5.4172
2026-12-02T14:59:00.000000000,2026-12-02T15:09:00.000000000,10,CNN_LSTM,pm10,43.0,37.2116,5.7884
2026-12-02T14:59:00.000000000,2026-12-02T15:09:00.000000000,10,CNN_LSTM,co2,2004.0,1389.4364,614.5636
2026-12-02T14:59:00.000000000,2026-12-02T15:09:00.000000000,10,CNN_LSTM,voc,59.0,83.8594,-24.8594
2026-12-02T15:00:00.000000000,2026-12-02T15:10:00.000000000,10,CNN_LSTM,pm1,22.0,17.2542,4.7458
2026-12-02T15:00:00.000000000,2026-12-02T15:10:00.000000000,10,CNN_LSTM,pm2_5,34.0,28.4979,5.5021
2026-12-02T15:00:00.000000000,2026-12-02T15:10:00.000000000,10,CNN_LSTM,pm10,44.0,37.0051,6.9949
2026-12-02T15:00:00.000000000,2026-12-02T15:10:00.000000000,10,CNN_LSTM,co2,2020.0,1381.4216,638.5784
2026-12-02T15:00:00.000000000,2026-12-02T15:10:00.000000000,10,CNN_LSTM,voc,72.0,82.2238,-10.2238
2026-12-02T15:01:00.000000000,2026-12-02T15:11:00.000000000,10,CNN_LSTM,pm1,22.0,17.2537,4.7463
2026-12-02T15:01:00.000000000,2026-12-02T15:11:00.000000000,10,CNN_LSTM,pm2_5,35.0,28.4888,6.5112
2026-12-02T15:01:00.000000000,2026-12-02T15:11:00.000000000,10,CNN_LSTM,pm10,46.0,36.9286,9.0714
2026-12-02T15:01:00.000000000,2026-12-02T15:11:00.000000000,10,CNN_LSTM,co2,1942.9999,1375.7863,567.2136
2026-12-02T15:01:00.000000000,2026-12-02T15:11:00.000000000,10,CNN_LSTM,voc,78.0,82.2442,-4.2442
2026-12-02T15:02:00.000000000,2026-12-02T15:12:00.000000000,10,CNN_LSTM,pm1,21.0,17.3462,3.6538
2026-12-02T15:02:00.000000000,2026-12-02T15:12:00.000000000,10,CNN_LSTM,pm2_5,34.0,28.5966,5.4034
2026-12-02T15:02:00.000000000,2026-12-02T15:12:00.000000000,10,CNN_LSTM,pm10,44.0,37.221,6.779
2026-12-02T15:02:00.000000000,2026-12-02T15:12:00.000000000,10,CNN_LSTM,co2,1944.9999,1386.9901,558.0098
2026-12-02T15:02:00.000000000,2026-12-02T15:12:00.000000000,10,CNN_LSTM,voc,70.0,85.3583,-15.3583
2026-12-02T15:03:00.000000000,2026-12-02T15:13:00.000000000,10,CNN_LSTM,pm1,22.0,17.4134,4.5866
2026-12-02T15:03:00.000000000,2026-12-02T15:13:00.000000000,10,CNN_LSTM,pm2_5,34.0,28.8096,5.1904
2026-12-02T15:03:00.000000000,2026-12-02T15:13:00.000000000,10,CNN_LSTM,pm10,44.0,37.2995,6.7005
2026-12-02T15:03:00.000000000,2026-12-02T15:13:00.000000000,10,CNN_LSTM,co2,1974.0,1395.1472,578.8528
2026-12-02T15:03:00.000000000,2026-12-02T15:13:00.000000000,10,CNN_LSTM,voc,67.0,85.2183,-18.2183
2026-12-02T15:04:00.000000000,2026-12-02T15:14:00.000000000,10,CNN_LSTM,pm1,21.0,17.5793,3.4207
2026-12-02T15:04:00.000000000,2026-12-02T15:14:00.000000000,10,CNN_LSTM,pm2_5,34.0,28.9827,5.0173
2026-12-02T15:04:00.000000000,2026-12-02T15:14:00.000000000,10,CNN_LSTM,pm10,44.0,37.7497,6.2503
2026-12-02T15:04:00.000000000,2026-12-02T15:14:00.000000000,10,CNN_LSTM,co2,1912.0,1404.1251,507.8749
2026-12-02T15:04:00.000000000,2026-12-02T15:14:00.000000000,10,CNN_LSTM,voc,66.0,84.8869,-18.8869
2026-12-02T15:05:00.000000000,2026-12-02T15:15:00.000000000,10,CNN_LSTM,pm1,21.0,17.5819,3.4181
2026-12-02T15:05:00.000000000,2026-12-02T15:15:00.000000000,10,CNN_LSTM,pm2_5,35.0,28.9953,6.0047
2026-12-02T15:05:00.000000000,2026-12-02T15:15:00.000000000,10,CNN_LSTM,pm10,45.0,37.9496,7.0504
2026-12-02T15:05:00.000000000,2026-12-02T15:15:00.000000000,10,CNN_LSTM,co2,1935.0,1390.6836,544.3164
2026-12-02T15:05:00.000000000,2026-12-02T15:15:00.000000000,10,CNN_LSTM,voc,60.0,87.3744,-27.3744
2026-12-02T15:06:00.000000000,2026-12-02T15:16:00.000000000,10,CNN_LSTM,pm1,21.0,17.4682,3.5318
2026-12-02T15:06:00.000000000,2026-12-02T15:16:00.000000000,10,CNN_LSTM,pm2_5,35.0,28.9635,6.0365
2026-12-02T15:06:00.000000000,2026-12-02T15:16:00.000000000,10,CNN_LSTM,pm10,44.0,37.6052,6.3948
2026-12-02T15:06:00.000000000,2026-12-02T15:16:00.000000000,10,CNN_LSTM,co2,1939.0001,1393.5103,545.4899
2026-12-02T15:06:00.000000000,2026-12-02T15:16:00.000000000,10,CNN_LSTM,voc,57.0,86.1329,-29.1329
2026-12-02T15:07:00.000000000,2026-12-02T15:17:00.000000000,10,CNN_LSTM,pm1,22.0,17.396,4.604
2026-12-02T15:07:00.000000000,2026-12-02T15:17:00.000000000,10,CNN_LSTM,pm2_5,35.0,28.73,6.27
2026-12-02T15:07:00.000000000,2026-12-02T15:17:00.000000000,10,CNN_LSTM,pm10,44.0,37.2671,6.7329
2026-12-02T15:07:00.000000000,2026-12-02T15:17:00.000000000,10,CNN_LSTM,co2,1924.0,1395.2338,528.7662
2026-12-02T15:07:00.000000000,2026-12-02T15:17:00.000000000,10,CNN_LSTM,voc,55.0,84.9262,-29.9262
2026-12-02T15:08:00.000000000,2026-12-02T15:18:00.000000000,10,CNN_LSTM,pm1,21.0,17.2773,3.7227
2026-12-02T15:08:00.000000000,2026-12-02T15:18:00.000000000,10,CNN_LSTM,pm2_5,34.0,28.4634,5.5366
2026-12-02T15:08:00.000000000,2026-12-02T15:18:00.000000000,10,CNN_LSTM,pm10,44.0,36.9461,7.0539
2026-12-02T15:08:00.000000000,2026-12-02T15:18:00.000000000,10,CNN_LSTM,co2,1809.0,1386.546,422.454
2026-12-02T15:08:00.000000000,2026-12-02T15:18:00.000000000,10,CNN_LSTM,voc,53.0,81.8983,-28.8983
2026-12-02T15:09:00.000000000,2026-12-02T15:19:00.000000000,10,CNN_LSTM,pm1,22.0,17.3089,4.6911
2026-12-02T15:09:00.000000000,2026-12-02T15:19:00.000000000,10,CNN_LSTM,pm2_5,35.0,28.4899,6.5101
2026-12-02T15:09:00.000000000,2026-12-02T15:19:00.000000000,10,CNN_LSTM,pm10,44.0,36.9425,7.0575
2026-12-02T15:09:00.000000000,2026-12-02T15:19:00.000000000,10,CNN_LSTM,co2,1751.0,1394.4557,356.5443
2026-12-02T15:09:00.000000000,2026-12-02T15:19:00.000000000,10,CNN_LSTM,voc,54.0,83.565,-29.565
2026-12-02T15:10:00.000000000,2026-12-02T15:20:00.000000000,10,CNN_LSTM,pm1,22.0,17.1987,4.8013
2026-12-02T15:10:00.000000000,2026-12-02T15:20:00.000000000,10,CNN_LSTM,pm2_5,35.0,28.3579,6.6421
2026-12-02T15:10:00.000000000,2026-12-02T15:20:00.000000000,10,CNN_LSTM,pm10,45.0,36.6607,8.3393
2026-12-02T15:10:00.000000000,2026-12-02T15:20:00.000000000,10,CNN_LSTM,co2,1774.0,1409.5853,364.4147
2026-12-02T15:10:00.000000000,2026-12-02T15:20:00.000000000,10,CNN_LSTM,voc,49.0,83.1251,-34.1251
2026-12-02T15:11:00.000000000,2026-12-02T15:21:00.000000000,10,CNN_LSTM,pm1,23.0,17.2172,5.7828
2026-12-02T15:11:00.000000000,2026-12-02T15:21:00.000000000,10,CNN_LSTM,pm2_5,37.0,28.355,8.645
2026-12-02T15:11:00.000000000,2026-12-02T15:21:00.000000000,10,CNN_LSTM,pm10,47.0,36.6448,10.3552
2026-12-02T15:11:00.000000000,2026-12-02T15:21:00.000000000,10,CNN_LSTM,co2,1817.0,1413.4641,403.5359
2026-12-02T15:11:00.000000000,2026-12-02T15:21:00.000000000,10,CNN_LSTM,voc,45.0,81.3493,-36.3493
2026-12-02T15:12:00.000000000,2026-12-02T15:22:00.000000000,10,CNN_LSTM,pm1,22.0,17.3468,4.6532
2026-12-02T15:12:00.000000000,2026-12-02T15:22:00.000000000,10,CNN_LSTM,pm2_5,36.0,28.554,7.446
2026-12-02T15:12:00.000000000,2026-12-02T15:22:00.000000000,10,CNN_LSTM,pm10,46.0,36.9449,9.0551
2026-12-02T15:12:00.000000000,2026-12-02T15:22:00.000000000,10,CNN_LSTM,co2,1779.0,1410.7675,368.2325
2026-12-02T15:12:00.000000000,2026-12-02T15:22:00.000000000,10,CNN_LSTM,voc,45.0,81.7023,-36.7023
2026-12-02T15:13:00.000000000,2026-12-02T15:23:00.000000000,10,CNN_LSTM,pm1,22.0,17.3706,4.6294
2026-12-02T15:13:00.000000000,2026-12-02T15:23:00.000000000,10,CNN_LSTM,pm2_5,36.0,28.6541,7.3459
2026-12-02T15:13:00.000000000,2026-12-02T15:23:00.000000000,10,CNN_LSTM,pm10,47.0,37.2503,9.7497
2026-12-02T15:13:00.000000000,2026-12-02T15:23:00.000000000,10,CNN_LSTM,co2,1691.0,1422.6168,268.3832
2026-12-02T15:13:00.000000000,2026-12-02T15:23:00.000000000,10,CNN_LSTM,voc,50.0,84.1863,-34.1863
2026-12-02T15:14:00.000000000,2026-12-02T15:24:00.000000000,10,CNN_LSTM,pm1,23.0,17.3598,5.6402
2026-12-02T15:14:00.000000000,2026-12-02T15:24:00.000000000,10,CNN_LSTM,pm2_5,37.0,28.6952,8.3048
2026-12-02T15:14:00.000000000,2026-12-02T15:24:00.000000000,10,CNN_LSTM,pm10,48.0,37.0621,10.9379
2026-12-02T15:14:00.000000000,2026-12-02T15:24:00.000000000,10,CNN_LSTM,co2,1687.0,1420.2864,266.7136
2026-12-02T15:14:00.000000000,2026-12-02T15:24:00.000000000,10,CNN_LSTM,voc,49.0,85.8074,-36.8074
2026-12-02T15:15:00.000000000,2026-12-02T15:25:00.000000000,10,CNN_LSTM,pm1,23.0,17.2714,5.7286
2026-12-02T15:15:00.000000000,2026-12-02T15:25:00.000000000,10,CNN_LSTM,pm2_5,36.0,28.4566,7.5434
2026-12-02T15:15:00.000000000,2026-12-02T15:25:00.000000000,10,CNN_LSTM,pm10,47.0,36.9346,10.0654
2026-12-02T15:15:00.000000000,2026-12-02T15:25:00.000000000,10,CNN_LSTM,co2,1665.0,1413.5813,251.4187
2026-12-02T15:15:00.000000000,2026-12-02T15:25:00.000000000,10,CNN_LSTM,voc,49.0,82.9993,-33.9993
2026-12-02T15:16:00.000000000,2026-12-02T15:26:00.000000000,10,CNN_LSTM,pm1,22.0,17.1974,4.8026
2026-12-02T15:16:00.000000000,2026-12-02T15:26:00.000000000,10,CNN_LSTM,pm2_5,35.0,28.4268,6.5732
2026-12-02T15:16:00.000000000,2026-12-02T15:26:00.000000000,10,CNN_LSTM,pm10,45.0,36.7033,8.2967
2026-12-02T15:16:00.000000000,2026-12-02T15:26:00.000000000,10,CNN_LSTM,co2,1625.0,1405.8562,219.1438
2026-12-02T15:16:00.000000000,2026-12-02T15:26:00.000000000,10,CNN_LSTM,voc,52.0,81.7354,-29.7354
2026-12-02T15:17:00.000000000,2026-12-02T15:27:00.000000000,10,CNN_LSTM,pm1,21.0,17.1887,3.8113
2026-12-02T15:17:00.000000000,2026-12-02T15:27:00.000000000,10,CNN_LSTM,pm2_5,35.0,28.3285,6.6715
2026-12-02T15:17:00.000000000,2026-12-02T15:27:00.000000000,10,CNN_LSTM,pm10,45.0,36.7586,8.2414
2026-12-02T15:17:00.000000000,2026-12-02T15:27:00.000000000,10,CNN_LSTM,co2,1673.0,1402.5618,270.4382
2026-12-02T15:17:00.000000000,2026-12-02T15:27:00.000000000,10,CNN_LSTM,voc,50.0,81.4533,-31.4533
2026-12-02T15:18:00.000000000,2026-12-02T15:28:00.000000000,10,CNN_LSTM,pm1,22.0,17.2108,4.7892
2026-12-02T15:18:00.000000000,2026-12-02T15:28:00.000000000,10,CNN_LSTM,pm2_5,35.0,28.3278,6.6722
2026-12-02T15:18:00.000000000,2026-12-02T15:28:00.000000000,10,CNN_LSTM,pm10,46.0,36.7072,9.2928
2026-12-02T15:18:00.000000000,2026-12-02T15:28:00.000000000,10,CNN_LSTM,co2,1746.0,1393.7589,352.2411
2026-12-02T15:18:00.000000000,2026-12-02T15:28:00.000000000,10,CNN_LSTM,voc,48.0,81.155,-33.155
2026-12-02T15:19:00.000000000,2026-12-02T15:29:00.000000000,10,CNN_LSTM,pm1,23.0,17.1728,5.8272
2026-12-02T15:19:00.000000000,2026-12-02T15:29:00.000000000,10,CNN_LSTM,pm2_5,36.0,28.2279,7.7721
2026-12-02T15:19:00.000000000,2026-12-02T15:29:00.000000000,10,CNN_LSTM,pm10,47.0,36.7285,10.2715
2026-12-02T15:19:00.000000000,2026-12-02T15:29:00.000000000,10,CNN_LSTM,co2,1796.0,1379.6453,416.3547
2026-12-02T15:19:00.000000000,2026-12-02T15:29:00.000000000,10,CNN_LSTM,voc,47.0,80.7471,-33.7471
2026-12-02T15:20:00.000000000,2026-12-02T15:30:00.000000000,10,CNN_LSTM,pm1,23.0,17.2515,5.7485
2026-12-02T15:20:00.000000000,2026-12-02T15:30:00.000000000,10,CNN_LSTM,pm2_5,37.0,28.4498,8.5502
2026-12-02T15:20:00.000000000,2026-12-02T15:30:00.000000000,10,CNN_LSTM,pm10,47.0,36.7583,10.2417
2026-12-02T15:20:00.000000000,2026-12-02T15:30:00.000000000,10,CNN_LSTM,co2,1740.0,1394.4114,345.5886
2026-12-02T15:20:00.000000000,2026-12-02T15:30:00.000000000,10,CNN_LSTM,voc,47.0,80.9506,-33.9506
2026-12-02T15:21:00.000000000,2026-12-02T15:31:00.000000000,10,CNN_LSTM,pm1,23.0,17.2605,5.7395
2026-12-02T15:21:00.000000000,2026-12-02T15:31:00.000000000,10,CNN_LSTM,pm2_5,37.0,28.3306,8.6694
2026-12-02T15:21:00.000000000,2026-12-02T15:31:00.000000000,10,CNN_LSTM,pm10,47.0,36.8778,10.1222
2026-12-02T15:21:00.000000000,2026-12-02T15:31:00.000000000,10,CNN_LSTM,co2,1790.0,1383.9116,406.0884
2026-12-02T15:21:00.000000000,2026-12-02T15:31:00.000000000,10,CNN_LSTM,voc,49.0,80.4333,-31.4333
2026-12-02T15:22:00.000000000,2026-12-02T15:32:00.000000000,10,CNN_LSTM,pm1,23.0,17.5565,5.4435
2026-12-02T15:22:00.000000000,2026-12-02T15:32:00.000000000,10,CNN_LSTM,pm2_5,37.0,28.973,8.027
2026-12-02T15:22:00.000000000,2026-12-02T15:32:00.000000000,10,CNN_LSTM,pm10,47.0,37.5169,9.4831
2026-12-02T15:22:00.000000000,2026-12-02T15:32:00.000000000,10,CNN_LSTM,co2,1744.0,1405.0087,338.9913
2026-12-02T15:22:00.000000000,2026-12-02T15:32:00.000000000,10,CNN_LSTM,voc,47.0,83.542,-36.542
2026-12-02T15:23:00.000000000,2026-12-02T15:33:00.000000000,10,CNN_LSTM,pm1,23.0,17.6499,5.3501
2026-12-02T15:23:00.000000000,2026-12-02T15:33:00.000000000,10,CNN_LSTM,pm2_5,37.0,29.0396,7.9604
2026-12-02T15:23:00.000000000,2026-12-02T15:33:00.000000000,10,CNN_LSTM,pm10,48.0,38.145,9.855
2026-12-02T15:23:00.000000000,2026-12-02T15:33:00.000000000,10,CNN_LSTM,co2,1702.0,1396.3003,305.6997
2026-12-02T15:23:00.000000000,2026-12-02T15:33:00.000000000,10,CNN_LSTM,voc,46.0,85.8581,-39.8581
2026-12-02T15:24:00.000000000,2026-12-02T15:34:00.000000000,10,CNN_LSTM,pm1,23.0,17.7719,5.2281
2026-12-02T15:24:00.000000000,2026-12-02T15:34:00.000000000,10,CNN_LSTM,pm2_5,37.0,29.4133,7.5867
2026-12-02T15:24:00.000000000,2026-12-02T15:34:00.000000000,10,CNN_LSTM,pm10,48.0,38.4772,9.5228
2026-12-02T15:24:00.000000000,2026-12-02T15:34:00.000000000,10,CNN_LSTM,co2,1697.0,1390.6143,306.3857
2026-12-02T15:24:00.000000000,2026-12-02T15:34:00.000000000,10,CNN_LSTM,voc,45.0,91.0468,-46.0468
2026-12-02T15:25:00.000000000,2026-12-02T15:35:00.000000000,10,CNN_LSTM,pm1,23.0,17.9948,5.0052
2026-12-02T15:25:00.000000000,2026-12-02T15:35:00.000000000,10,CNN_LSTM,pm2_5,37.0,29.702,7.298
2026-12-02T15:25:00.000000000,2026-12-02T15:35:00.000000000,10,CNN_LSTM,pm10,47.0,38.9721,8.0279
2026-12-02T15:25:00.000000000,2026-12-02T15:35:00.000000000,10,CNN_LSTM,co2,1652.0,1403.7406,248.2594
2026-12-02T15:25:00.000000000,2026-12-02T15:35:00.000000000,10,CNN_LSTM,voc,44.0,93.0742,-49.0742
2026-12-02T15:26:00.000000000,2026-12-02T15:36:00.000000000,10,CNN_LSTM,pm1,23.0,18.0154,4.9846
2026-12-02T15:26:00.000000000,2026-12-02T15:36:00.000000000,10,CNN_LSTM,pm2_5,37.0,29.7434,7.2566
2026-12-02T15:26:00.000000000,2026-12-02T15:36:00.000000000,10,CNN_LSTM,pm10,47.0,39.3004,7.6996
2026-12-02T15:26:00.000000000,2026-12-02T15:36:00.000000000,10,CNN_LSTM,co2,1680.0,1390.3458,289.6542
2026-12-02T15:26:00.000000000,2026-12-02T15:36:00.000000000,10,CNN_LSTM,voc,44.0,92.8319,-48.8319
2026-12-02T15:27:00.000000000,2026-12-02T15:37:00.000000000,10,CNN_LSTM,pm1,23.0,18.0757,4.9243
2026-12-02T15:27:00.000000000,2026-12-02T15:37:00.000000000,10,CNN_LSTM,pm2_5,37.0,29.9744,7.0256
2026-12-02T15:27:00.000000000,2026-12-02T15:37:00.000000000,10,CNN_LSTM,pm10,48.0,39.5639,8.4361
2026-12-02T15:27:00.000000000,2026-12-02T15:37:00.000000000,10,CNN_LSTM,co2,1654.0,1381.6368,272.3632
2026-12-02T15:27:00.000000000,2026-12-02T15:37:00.000000000,10,CNN_LSTM,voc,44.0,98.4247,-54.4247
2026-12-02T15:28:00.000000000,2026-12-02T15:38:00.000000000,10,CNN_LSTM,pm1,23.0,18.0253,4.9747
2026-12-02T15:28:00.000000000,2026-12-02T15:38:00.000000000,10,CNN_LSTM,pm2_5,38.0,29.9669,8.0331
2026-12-02T15:28:00.000000000,2026-12-02T15:38:00.000000000,10,CNN_LSTM,pm10,48.0,39.3688,8.6312
2026-12-02T15:28:00.000000000,2026-12-02T15:38:00.000000000,10,CNN_LSTM,co2,1590.0,1382.634,207.366
2026-12-02T15:28:00.000000000,2026-12-02T15:38:00.000000000,10,CNN_LSTM,voc,65.0,98.1946,-33.1946
2026-12-02T15:29:00.000000000,2026-12-02T15:39:00.000000000,10,CNN_LSTM,pm1,23.0,18.1073,4.8927
2026-12-02T15:29:00.000000000,2026-12-02T15:39:00.000000000,10,CNN_LSTM,pm2_5,37.0,29.9784,7.0216
2026-12-02T15:29:00.000000000,2026-12-02T15:39:00.000000000,10,CNN_LSTM,pm10,46.0,39.3984,6.6016
2026-12-02T15:29:00.000000000,2026-12-02T15:39:00.000000000,10,CNN_LSTM,co2,1532.0,1389.1206,142.8794
2026-12-02T15:29:00.000000000,2026-12-02T15:39:00.000000000,10,CNN_LSTM,voc,117.0,96.7623,20.2377
2026-12-02T15:30:00.000000000,2026-12-02T15:40:00.000000000,10,CNN_LSTM,pm1,23.0,18.2131,4.7869
2026-12-02T15:30:00.000000000,2026-12-02T15:40:00.000000000,10,CNN_LSTM,pm2_5,37.0,30.1158,6.8842
2026-12-02T15:30:00.000000000,2026-12-02T15:40:00.000000000,10,CNN_LSTM,pm10,48.0,39.6737,8.3263
2026-12-02T15:30:00.000000000,2026-12-02T15:40:00.000000000,10,CNN_LSTM,co2,1530.0,1393.8207,136.1793
2026-12-02T15:30:00.000000000,2026-12-02T15:40:00.000000000,10,CNN_LSTM,voc,99.0,96.4959,2.5041
2026-12-02T15:31:00.000000000,2026-12-02T15:41:00.000000000,10,CNN_LSTM,pm1,23.0,18.1934,4.8066
2026-12-02T15:31:00.000000000,2026-12-02T15:41:00.000000000,10,CNN_LSTM,pm2_5,37.0,30.1966,6.8034
2026-12-02T15:31:00.000000000,2026-12-02T15:41:00.000000000,10,CNN_LSTM,pm10,47.0,39.8051,7.1949
2026-12-02T15:31:00.000000000,2026-12-02T15:41:00.000000000,10,CNN_LSTM,co2,1601.0,1397.1909,203.8091
2026-12-02T15:31:00.000000000,2026-12-02T15:41:00.000000000,10,CNN_LSTM,voc,74.0,95.2115,-21.2115
2026-12-02T15:32:00.000000000,2026-12-02T15:42:00.000000000,10,CNN_LSTM,pm1,23.0,18.1515,4.8485
2026-12-02T15:32:00.000000000,2026-12-02T15:42:00.000000000,10,CNN_LSTM,pm2_5,37.0,30.1582,6.8418
2026-12-02T15:32:00.000000000,2026-12-02T15:42:00.000000000,10,CNN_LSTM,pm10,47.0,39.7483,7.2517
2026-12-02T15:32:00.000000000,2026-12-02T15:42:00.000000000,10,CNN_LSTM,co2,1670.0,1388.856,281.144
2026-12-02T15:32:00.000000000,2026-12-02T15:42:00.000000000,10,CNN_LSTM,voc,61.0,96.0046,-35.0046
2026-12-02T15:33:00.000000000,2026-12-02T15:43:00.000000000,10,CNN_LSTM,pm1,23.0,18.156,4.844
2026-12-02T15:33:00.000000000,2026-12-02T15:43:00.000000000,10,CNN_LSTM,pm2_5,37.0,30.1522,6.8478
2026-12-02T15:33:00.000000000,2026-12-02T15:43:00.000000000,10,CNN_LSTM,pm10,48.0,39.748,8.252
2026-12-02T15:33:00.000000000,2026-12-02T15:43:00.000000000,10,CNN_LSTM,co2,1684.0,1384.5261,299.4739
2026-12-02T15:33:00.000000000,2026-12-02T15:43:00.000000000,10,CNN_LSTM,voc,71.0,98.2675,-27.2675
2026-12-02T15:34:00.000000000,2026-12-02T15:44:00.000000000,10,CNN_LSTM,pm1,23.0,18.1474,4.8526
2026-12-02T15:34:00.000000000,2026-12-02T15:44:00.000000000,10,CNN_LSTM,pm2_5,37.0,30.1496,6.8504
2026-12-02T15:34:00.000000000,2026-12-02T15:44:00.000000000,10,CNN_LSTM,pm10,49.0,39.7744,9.2256
2026-12-02T15:34:00.000000000,2026-12-02T15:44:00.000000000,10,CNN_LSTM,co2,1652.0,1381.1754,270.8246
2026-12-02T15:34:00.000000000,2026-12-02T15:44:00.000000000,10,CNN_LSTM,voc,72.0,98.9904,-26.9904
2026-12-02T15:35:00.000000000,2026-12-02T15:45:00.000000000,10,CNN_LSTM,pm1,23.0,18.1974,4.8026
2026-12-02T15:35:00.000000000,2026-12-02T15:45:00.000000000,10,CNN_LSTM,pm2_5,37.0,30.2259,6.7741
2026-12-02T15:35:00.000000000,2026-12-02T15:45:00.000000000,10,CNN_LSTM,pm10,48.0,39.9762,8.0238
2026-12-02T15:35:00.000000000,2026-12-02T15:45:00.000000000,10,CNN_LSTM,co2,1647.0,1377.797,269.203
2026-12-02T15:35:00.000000000,2026-12-02T15:45:00.000000000,10,CNN_LSTM,voc,64.0,99.4936,-35.4936
2026-12-02T15:36:00.000000000,2026-12-02T15:46:00.000000000,10,CNN_LSTM,pm1,23.0,18.247,4.753
2026-12-02T15:36:00.000000000,2026-12-02T15:46:00.000000000,10,CNN_LSTM,pm2_5,38.0,30.3423,7.6577
2026-12-02T15:36:00.000000000,2026-12-02T15:46:00.000000000,10,CNN_LSTM,pm10,48.0,40.1433,7.8567
2026-12-02T15:36:00.000000000,2026-12-02T15:46:00.000000000,10,CNN_LSTM,co2,1655.0,1380.0345,274.9655
2026-12-02T15:36:00.000000000,2026-12-02T15:46:00.000000000,10,CNN_LSTM,voc,57.0,101.1793,-44.1793
2026-12-02T15:37:00.000000000,2026-12-02T15:47:00.000000000,10,CNN_LSTM,pm1,24.0,18.271,5.729
2026-12-02T15:37:00.000000000,2026-12-02T15:47:00.000000000,10,CNN_LSTM,pm2_5,37.0,30.399,6.601
2026-12-02T15:37:00.000000000,2026-12-02T15:47:00.000000000,10,CNN_LSTM,pm10,48.0,40.1866,7.8134
2026-12-02T15:37:00.000000000,2026-12-02T15:47:00.000000000,10,CNN_LSTM,co2,1727.0,1378.9283,348.0717
2026-12-02T15:37:00.000000000,2026-12-02T15:47:00.000000000,10,CNN_LSTM,voc,52.0,101.4537,-49.4537
2026-12-02T15:38:00.000000000,2026-12-02T15:48:00.000000000,10,CNN_LSTM,pm1,23.0,18.3621,4.6379
2026-12-02T15:38:00.000000000,2026-12-02T15:48:00.000000000,10,CNN_LSTM,pm2_5,37.0,30.5188,6.4812
2026-12-02T15:38:00.000000000,2026-12-02T15:48:00.000000000,10,CNN_LSTM,pm10,47.0,40.4162,6.5838
2026-12-02T15:38:00.000000000,2026-12-02T15:48:00.000000000,10,CNN_LSTM,co2,1636.0,1377.1909,258.8091
2026-12-02T15:38:00.000000000,2026-12-02T15:48:00.000000000,10,CNN_LSTM,voc,51.0,101.595,-50.595
2026-12-02T15:39:00.000000000,2026-12-02T15:49:00.000000000,10,CNN_LSTM,pm1,23.0,18.5446,4.4554
2026-12-02T15:39:00.000000000,2026-12-02T15:49:00.000000000,10,CNN_LSTM,pm2_5,37.0,30.8915,6.1085
2026-12-02T15:39:00.000000000,2026-12-02T15:49:00.000000000,10,CNN_LSTM,pm10,49.0,40.9374,8.0626
2026-12-02T15:39:00.000000000,2026-12-02T15:49:00.000000000,10,CNN_LSTM,co2,1636.0,1382.7806,253.2194
2026-12-02T15:39:00.000000000,2026-12-02T15:49:00.000000000,10,CNN_LSTM,voc,54.0,103.5569,-49.5569
2026-12-02T15:40:00.000000000,2026-12-02T15:50:00.000000000,10,CNN_LSTM,pm1,23.0,18.7526,4.2474
2026-12-02T15:40:00.000000000,2026-12-02T15:50:00.000000000,10,CNN_LSTM,pm2_5,38.0,31.1764,6.8236
2026-12-02T15:40:00.000000000,2026-12-02T15:50:00.000000000,10,CNN_LSTM,pm10,48.0,41.3545,6.6455
2026-12-02T15:40:00.000000000,2026-12-02T15:50:00.000000000,10,CNN_LSTM,co2,1619.0,1393.7673,225.2327
2026-12-02T15:40:00.000000000,2026-12-02T15:50:00.000000000,10,CNN_LSTM,voc,68.0,106.4029,-38.4029
2026-12-02T15:41:00.000000000,2026-12-02T15:51:00.000000000,10,CNN_LSTM,pm1,23.0,18.7566,4.2434
2026-12-02T15:41:00.000000000,2026-12-02T15:51:00.000000000,10,CNN_LSTM,pm2_5,37.0,31.4641,5.5359
2026-12-02T15:41:00.000000000,2026-12-02T15:51:00.000000000,10,CNN_LSTM,pm10,49.0,41.6148,7.3852
2026-12-02T15:41:00.000000000,2026-12-02T15:51:00.000000000,10,CNN_LSTM,co2,1651.0,1406.0098,244.9902
2026-12-02T15:41:00.000000000,2026-12-02T15:51:00.000000000,10,CNN_LSTM,voc,73.0,108.3147,-35.3147
2026-12-02T15:42:00.000000000,2026-12-02T15:52:00.000000000,10,CNN_LSTM,pm1,23.0,18.7578,4.2422
2026-12-02T15:42:00.000000000,2026-12-02T15:52:00.000000000,10,CNN_LSTM,pm2_5,37.0,31.4338,5.5662
2026-12-02T15:42:00.000000000,2026-12-02T15:52:00.000000000,10,CNN_LSTM,pm10,48.0,41.8169,6.1831
2026-12-02T15:42:00.000000000,2026-12-02T15:52:00.000000000,10,CNN_LSTM,co2,1688.0,1405.2074,282.7926
2026-12-02T15:42:00.000000000,2026-12-02T15:52:00.000000000,10,CNN_LSTM,voc,68.0,110.6319,-42.6319
2026-12-02T15:43:00.000000000,2026-12-02T15:53:00.000000000,10,CNN_LSTM,pm1,23.0,18.7609,4.2391
2026-12-02T15:43:00.000000000,2026-12-02T15:53:00.000000000,10,CNN_LSTM,pm2_5,37.0,31.3195,5.6805
2026-12-02T15:43:00.000000000,2026-12-02T15:53:00.000000000,10,CNN_LSTM,pm10,48.0,41.7374,6.2626
2026-12-02T15:43:00.000000000,2026-12-02T15:53:00.000000000,10,CNN_LSTM,co2,1727.0,1391.4778,335.5222
2026-12-02T15:43:00.000000000,2026-12-02T15:53:00.000000000,10,CNN_LSTM,voc,61.0,112.6637,-51.6637
2026-12-02T15:44:00.000000000,2026-12-02T15:54:00.000000000,10,CNN_LSTM,pm1,23.0,18.7523,4.2477
2026-12-02T15:44:00.000000000,2026-12-02T15:54:00.000000000,10,CNN_LSTM,pm2_5,37.0,31.1689,5.8311
2026-12-02T15:44:00.000000000,2026-12-02T15:54:00.000000000,10,CNN_LSTM,pm10,48.0,41.5593,6.4407
2026-12-02T15:44:00.000000000,2026-12-02T15:54:00.000000000,10,CNN_LSTM,co2,1700.0,1387.5471,312.4529
2026-12-02T15:44:00.000000000,2026-12-02T15:54:00.000000000,10,CNN_LSTM,voc,57.0,110.4043,-53.4043
2026-12-02T15:45:00.000000000,2026-12-02T15:55:00.000000000,10,CNN_LSTM,pm1,23.0,18.7795,4.2205
2026-12-02T15:45:00.000000000,2026-12-02T15:55:00.000000000,10,CNN_LSTM,pm2_5,37.0,31.2189,5.7811
2026-12-02T15:45:00.000000000,2026-12-02T15:55:00.000000000,10,CNN_LSTM,pm10,48.0,41.6819,6.3181
2026-12-02T15:45:00.000000000,2026-12-02T15:55:00.000000000,10,CNN_LSTM,co2,1728.0,1388.3765,339.6235
2026-12-02T15:45:00.000000000,2026-12-02T15:55:00.000000000,10,CNN_LSTM,voc,55.0,108.6791,-53.6791
2026-12-02T15:46:00.000000000,2026-12-02T15:56:00.000000000,10,CNN_LSTM,pm1,23.0,18.7583,4.2417
2026-12-02T15:46:00.000000000,2026-12-02T15:56:00.000000000,10,CNN_LSTM,pm2_5,37.0,31.2525,5.7475
2026-12-02T15:46:00.000000000,2026-12-02T15:56:00.000000000,10,CNN_LSTM,pm10,47.0,41.749,5.251
2026-12-02T15:46:00.000000000,2026-12-02T15:56:00.000000000,10,CNN_LSTM,co2,1694.0,1391.1444,302.8556
2026-12-02T15:46:00.000000000,2026-12-02T15:56:00.000000000,10,CNN_LSTM,voc,53.0,109.308,-56.308
2026-12-02T15:47:00.000000000,2026-12-02T15:57:00.000000000,10,CNN_LSTM,pm1,23.0,18.7418,4.2582
2026-12-02T15:47:00.000000000,2026-12-02T15:57:00.000000000,10,CNN_LSTM,pm2_5,37.0,31.3055,5.6945
2026-12-02T15:47:00.000000000,2026-12-02T15:57:00.000000000,10,CNN_LSTM,pm10,48.0,41.6359,6.3641
2026-12-02T15:47:00.000000000,2026-12-02T15:57:00.000000000,10,CNN_LSTM,co2,1667.0,1394.5308,272.4692
2026-12-02T15:47:00.000000000,2026-12-02T15:57:00.000000000,10,CNN_LSTM,voc,54.0,110.7814,-56.7814
2026-12-02T15:48:00.000000000,2026-12-02T15:58:00.000000000,10,CNN_LSTM,pm1,23.0,18.7158,4.2842
2026-12-02T15:48:00.000000000,2026-12-02T15:58:00.000000000,10,CNN_LSTM,pm2_5,37.0,31.1176,5.8824
2026-12-02T15:48:00.000000000,2026-12-02T15:58:00.000000000,10,CNN_LSTM,pm10,48.0,41.5364,6.4636
2026-12-02T15:48:00.000000000,2026-12-02T15:58:00.000000000,10,CNN_LSTM,co2,1702.0,1396.3219,305.6781
2026-12-02T15:48:00.000000000,2026-12-02T15:58:00.000000000,10,CNN_LSTM,voc,55.0,109.3912,-54.3912
2026-12-02T15:49:00.000000000,2026-12-02T15:59:00.000000000,10,CNN_LSTM,pm1,23.0,18.7161,4.2839
2026-12-02T15:49:00.000000000,2026-12-02T15:59:00.000000000,10,CNN_LSTM,pm2_5,36.0,31.1181,4.8819
2026-12-02T15:49:00.000000000,2026-12-02T15:59:00.000000000,10,CNN_LSTM,pm10,48.0,41.5938,6.4062
2026-12-02T15:49:00.000000000,2026-12-02T15:59:00.000000000,10,CNN_LSTM,co2,1668.0,1382.0128,285.9872
2026-12-02T15:49:00.000000000,2026-12-02T15:59:00.000000000,10,CNN_LSTM,voc,59.0,112.2163,-53.2163
2026-12-02T15:50:00.000000000,2026-12-02T16:00:00.000000000,10,CNN_LSTM,pm1,23.0,18.7192,4.2808
2026-12-02T15:50:00.000000000,2026-12-02T16:00:00.000000000,10,CNN_LSTM,pm2_5,37.0,31.2149,5.7851
2026-12-02T15:50:00.000000000,2026-12-02T16:00:00.000000000,10,CNN_LSTM,pm10,48.0,41.6226,6.3774
2026-12-02T15:50:00.000000000,2026-12-02T16:00:00.000000000,10,CNN_LSTM,co2,1673.0,1392.4375,280.5625
2026-12-02T15:50:00.000000000,2026-12-02T16:00:00.000000000,10,CNN_LSTM,voc,62.0,110.4007,-48.4007
2026-12-02T15:51:00.000000000,2026-12-02T16:01:00.000000000,10,CNN_LSTM,pm1,23.0,18.9264,4.0736
2026-12-02T15:51:00.000000000,2026-12-02T16:01:00.000000000,10,CNN_LSTM,pm2_5,37.0,31.5068,5.4932
2026-12-02T15:51:00.000000000,2026-12-02T16:01:00.000000000,10,CNN_LSTM,pm10,47.0,42.1698,4.8302
2026-12-02T15:51:00.000000000,2026-12-02T16:01:00.000000000,10,CNN_LSTM,co2,1726.0,1396.9624,329.0376
2026-12-02T15:51:00.000000000,2026-12-02T16:01:00.000000000,10,CNN_LSTM,voc,63.0,112.2172,-49.2172
2026-12-02T15:52:00.000000000,2026-12-02T16:02:00.000000000,10,CNN_LSTM,pm1,23.0,18.9031,4.0969
2026-12-02T15:52:00.000000000,2026-12-02T16:02:00.000000000,10,CNN_LSTM,pm2_5,37.0,31.468,5.532
2026-12-02T15:52:00.000000000,2026-12-02T16:02:00.000000000,10,CNN_LSTM,pm10,48.0,42.1186,5.8814
2026-12-02T15:52:00.000000000,2026-12-02T16:02:00.000000000,10,CNN_LSTM,co2,1704.0,1401.6957,302.3043
2026-12-02T15:52:00.000000000,2026-12-02T16:02:00.000000000,10,CNN_LSTM,voc,64.0,109.8328,-45.8328
2026-12-02T15:53:00.000000000,2026-12-02T16:03:00.000000000,10,CNN_LSTM,pm1,23.0,18.8938,4.1062
2026-12-02T15:53:00.000000000,2026-12-02T16:03:00.000000000,10,CNN_LSTM,pm2_5,37.0,31.5218,5.4782
2026-12-02T15:53:00.000000000,2026-12-02T16:03:00.000000000,10,CNN_LSTM,pm10,47.0,42.2081,4.7919
2026-12-02T15:53:00.000000000,2026-12-02T16:03:00.000000000,10,CNN_LSTM,co2,1644.0,1390.9607,253.0393
2026-12-02T15:53:00.000000000,2026-12-02T16:03:00.000000000,10,CNN_LSTM,voc,72.0,112.3812,-40.3812
2026-12-02T15:54:00.000000000,2026-12-02T16:04:00.000000000,10,CNN_LSTM,pm1,23.0,18.7664,4.2336
2026-12-02T15:54:00.000000000,2026-12-02T16:04:00.000000000,10,CNN_LSTM,pm2_5,37.0,31.3387,5.6613
2026-12-02T15:54:00.000000000,2026-12-02T16:04:00.000000000,10,CNN_LSTM,pm10,48.0,41.8556,6.1444
2026-12-02T15:54:00.000000000,2026-12-02T16:04:00.000000000,10,CNN_LSTM,co2,1609.0,1393.9187,215.0813
2026-12-02T15:54:00.000000000,2026-12-02T16:04:00.000000000,10,CNN_LSTM,voc,82.0,111.5805,-29.5805
2026-12-02T15:55:00.000000000,2026-12-02T16:05:00.000000000,10,CNN_LSTM,pm1,23.0,18.7251,4.2749
2026-12-02T15:55:00.000000000,2026-12-02T16:05:00.000000000,10,CNN_LSTM,pm2_5,37.0,31.2041,5.7959
2026-12-02T15:55:00.000000000,2026-12-02T16:05:00.000000000,10,CNN_LSTM,pm10,48.0,41.7098,6.2902
2026-12-02T15:55:00.000000000,2026-12-02T16:05:00.000000000,10,CNN_LSTM,co2,1610.0,1387.7838,222.2162
2026-12-02T15:55:00.000000000,2026-12-02T16:05:00.000000000,10,CNN_LSTM,voc,87.0,110.4849,-23.4849
2026-12-02T15:56:00.000000000,2026-12-02T16:06:00.000000000,10,CNN_LSTM,pm1,23.0,18.7163,4.2837
2026-12-02T15:56:00.000000000,2026-12-02T16:06:00.000000000,10,CNN_LSTM,pm2_5,38.0,31.1536,6.8464
2026-12-02T15:56:00.000000000,2026-12-02T16:06:00.000000000,10,CNN_LSTM,pm10,49.0,41.6401,7.3599
2026-12-02T15:56:00.000000000,2026-12-02T16:06:00.000000000,10,CNN_LSTM,co2,1668.0,1388.0818,279.9182
2026-12-02T15:56:00.000000000,2026-12-02T16:06:00.000000000,10,CNN_LSTM,voc,95.0,109.4732,-14.4732
2026-12-02T15:57:00.000000000,2026-12-02T16:07:00.000000000,10,CNN_LSTM,pm1,24.0,18.6891,5.3109
2026-12-02T15:57:00.000000000,2026-12-02T16:07:00.000000000,10,CNN_LSTM,pm2_5,38.0,31.0972,6.9028
2026-12-02T15:57:00.000000000,2026-12-02T16:07:00.000000000,10,CNN_LSTM,pm10,50.0,41.5296,8.4704
2026-12-02T15:57:00.000000000,2026-12-02T16:07:00.000000000,10,CNN_LSTM,co2,1592.0,1389.5082,202.4918
2026-12-02T15:57:00.000000000,2026-12-02T16:07:00.000000000,10,CNN_LSTM,voc,152.0,108.6506,43.3494
2026-12-02T15:58:00.000000000,2026-12-02T16:08:00.000000000,10,CNN_LSTM,pm1,23.0,18.6153,4.3847
2026-12-02T15:58:00.000000000,2026-12-02T16:08:00.000000000,10,CNN_LSTM,pm2_5,38.0,30.9998,7.0002
2026-12-02T15:58:00.000000000,2026-12-02T16:08:00.000000000,10,CNN_LSTM,pm10,49.0,41.261,7.739
2026-12-02T15:58:00.000000000,2026-12-02T16:08:00.000000000,10,CNN_LSTM,co2,1626.0,1388.64,237.36
2026-12-02T15:58:00.000000000,2026-12-02T16:08:00.000000000,10,CNN_LSTM,voc,151.0,107.4469,43.5531
2026-12-02T15:59:00.000000000,2026-12-02T16:09:00.000000000,10,CNN_LSTM,pm1,23.0,18.5954,4.4046
2026-12-02T15:59:00.000000000,2026-12-02T16:09:00.000000000,10,CNN_LSTM,pm2_5,37.0,30.9315,6.0685
2026-12-02T15:59:00.000000000,2026-12-02T16:09:00.000000000,10,CNN_LSTM,pm10,48.0,41.2366,6.7634
2026-12-02T15:59:00.000000000,2026-12-02T16:09:00.000000000,10,CNN_LSTM,co2,1653.0,1384.8706,268.1294
2026-12-02T15:59:00.000000000,2026-12-02T16:09:00.000000000,10,CNN_LSTM,voc,115.0,106.2197,8.7803
2026-12-02T16:00:00.000000000,2026-12-02T16:10:00.000000000,10,CNN_LSTM,pm1,23.0,18.5283,4.4717
2026-12-02T16:00:00.000000000,2026-12-02T16:10:00.000000000,10,CNN_LSTM,pm2_5,37.0,30.7971,6.2029
2026-12-02T16:00:00.000000000,2026-12-02T16:10:00.000000000,10,CNN_LSTM,pm10,48.0,41.006,6.994
2026-12-02T16:00:00.000000000,2026-12-02T16:10:00.000000000,10,CNN_LSTM,co2,1627.0,1381.8268,245.1732
2026-12-02T16:00:00.000000000,2026-12-02T16:10:00.000000000,10,CNN_LSTM,voc,109.0,105.1888,3.8112
2026-12-02T16:01:00.000000000,2026-12-02T16:11:00.000000000,10,CNN_LSTM,pm1,23.0,18.58,4.42
2026-12-02T16:01:00.000000000,2026-12-02T16:11:00.000000000,10,CNN_LSTM,pm2_5,36.0,30.9742,5.0258
2026-12-02T16:01:00.000000000,2026-12-02T16:11:00.000000000,10,CNN_LSTM,pm10,47.0,41.1419,5.8581
2026-12-02T16:01:00.000000000,2026-12-02T16:11:00.000000000,10,CNN_LSTM,co2,1654.0,1384.1667,269.8333
2026-12-02T16:01:00.000000000,2026-12-02T16:11:00.000000000,10,CNN_LSTM,voc,118.0,107.2335,10.7665
2026-12-02T16:02:00.000000000,2026-12-02T16:12:00.000000000,10,CNN_LSTM,pm1,23.0,18.6038,4.3962
2026-12-02T16:02:00.000000000,2026-12-02T16:12:00.000000000,10,CNN_LSTM,pm2_5,37.0,30.9728,6.0272
2026-12-02T16:02:00.000000000,2026-12-02T16:12:00.000000000,10,CNN_LSTM,pm10,48.0,41.242,6.758
2026-12-02T16:02:00.000000000,2026-12-02T16:12:00.000000000,10,CNN_LSTM,co2,1632.0,1395.7428,236.2572
2026-12-02T16:02:00.000000000,2026-12-02T16:12:00.000000000,10,CNN_LSTM,voc,239.0,106.367,132.633
2026-12-02T16:03:00.000000000,2026-12-02T16:13:00.000000000,10,CNN_LSTM,pm1,23.0,18.5965,4.4035
2026-12-02T16:03:00.000000000,2026-12-02T16:13:00.000000000,10,CNN_LSTM,pm2_5,37.0,31.0111,5.9889
2026-12-02T16:03:00.000000000,2026-12-02T16:13:00.000000000,10,CNN_LSTM,pm10,47.0,41.1916,5.8084
2026-12-02T16:03:00.000000000,2026-12-02T16:13:00.000000000,10,CNN_LSTM,co2,1608.0,1388.6831,219.3169
2026-12-02T16:03:00.000000000,2026-12-02T16:13:00.000000000,10,CNN_LSTM,voc,200.0,107.0658,92.9342
2026-12-02T16:04:00.000000000,2026-12-02T16:14:00.000000000,10,CNN_LSTM,pm1,23.0,18.6346,4.3654
2026-12-02T16:04:00.000000000,2026-12-02T16:14:00.000000000,10,CNN_LSTM,pm2_5,36.0,31.0161,4.9839
2026-12-02T16:04:00.000000000,2026-12-02T16:14:00.000000000,10,CNN_LSTM,pm10,46.0,41.3184,4.6816
2026-12-02T16:04:00.000000000,2026-12-02T16:14:00.000000000,10,CNN_LSTM,co2,1647.0,1389.8921,257.1079
2026-12-02T16:04:00.000000000,2026-12-02T16:14:00.000000000,10,CNN_LSTM,voc,153.0,107.016,45.984
2026-12-02T16:05:00.000000000,2026-12-02T16:15:00.000000000,10,CNN_LSTM,pm1,23.0,18.6171,4.3829
2026-12-02T16:05:00.000000000,2026-12-02T16:15:00.000000000,10,CNN_LSTM,pm2_5,36.0,31.0427,4.9573
2026-12-02T16:05:00.000000000,2026-12-02T16:15:00.000000000,10,CNN_LSTM,pm10,47.0,41.2017,5.7983
2026-12-02T16:05:00.000000000,2026-12-02T16:15:00.000000000,10,CNN_LSTM,co2,1725.0,1391.448,333.552
2026-12-02T16:05:00.000000000,2026-12-02T16:15:00.000000000,10,CNN_LSTM,voc,123.0,106.6153,16.3847
2026-12-02T16:06:00.000000000,2026-12-02T16:16:00.000000000,10,CNN_LSTM,pm1,22.0,18.6278,3.3722
2026-12-02T16:06:00.000000000,2026-12-02T16:16:00.000000000,10,CNN_LSTM,pm2_5,36.0,31.0539,4.9461
2026-12-02T16:06:00.000000000,2026-12-02T16:16:00.000000000,10,CNN_LSTM,pm10,46.0,41.275,4.725
2026-12-02T16:06:00.000000000,2026-12-02T16:16:00.000000000,10,CNN_LSTM,co2,1685.0,1388.7469,296.2531
2026-12-02T16:06:00.000000000,2026-12-02T16:16:00.000000000,10,CNN_LSTM,voc,103.0,106.0276,-3.0276
2026-12-02T16:07:00.000000000,2026-12-02T16:17:00.000000000,10,CNN_LSTM,pm1,22.0,18.7151,3.2849
2026-12-02T16:07:00.000000000,2026-12-02T16:17:00.000000000,10,CNN_LSTM,pm2_5,36.0,31.2889,4.7111
2026-12-02T16:07:00.000000000,2026-12-02T16:17:00.000000000,10,CNN_LSTM,pm10,46.0,41.5116,4.4884
2026-12-02T16:07:00.000000000,2026-12-02T16:17:00.000000000,10,CNN_LSTM,co2,1685.0,1395.7679,289.2321
2026-12-02T16:07:00.000000000,2026-12-02T16:17:00.000000000,10,CNN_LSTM,voc,103.0,108.164,-5.164
2026-12-02T16:08:00.000000000,2026-12-02T16:18:00.000000000,10,CNN_LSTM,pm1,22.0,18.9246,3.0754
2026-12-02T16:08:00.000000000,2026-12-02T16:18:00.000000000,10,CNN_LSTM,pm2_5,36.0,31.5583,4.4417
2026-12-02T16:08:00.000000000,2026-12-02T16:18:00.000000000,10,CNN_LSTM,pm10,47.0,41.8048,5.1952
2026-12-02T16:08:00.000000000,2026-12-02T16:18:00.000000000,10,CNN_LSTM,co2,1685.0,1408.8358,276.1642
2026-12-02T16:08:00.000000000,2026-12-02T16:18:00.000000000,10,CNN_LSTM,voc,81.0,108.2166,-27.2166
2026-12-02T16:09:00.000000000,2026-12-02T16:19:00.000000000,10,CNN_LSTM,pm1,23.0,19.0994,3.9006
2026-12-02T16:09:00.000000000,2026-12-02T16:19:00.000000000,10,CNN_LSTM,pm2_5,36.0,31.9636,4.0364
2026-12-02T16:09:00.000000000,2026-12-02T16:19:00.000000000,10,CNN_LSTM,pm10,47.0,42.7368,4.2632
2026-12-02T16:09:00.000000000,2026-12-02T16:19:00.000000000,10,CNN_LSTM,co2,1655.0,1412.5448,242.4552
2026-12-02T16:09:00.000000000,2026-12-02T16:19:00.000000000,10,CNN_LSTM,voc,78.0,113.1634,-35.1634
2026-12-02T16:10:00.000000000,2026-12-02T16:20:00.000000000,10,CNN_LSTM,pm1,23.0,19.0596,3.9404
2026-12-02T16:10:00.000000000,2026-12-02T16:20:00.000000000,10,CNN_LSTM,pm2_5,36.0,32.087,3.913
2026-12-02T16:10:00.000000000,2026-12-02T16:20:00.000000000,10,CNN_LSTM,pm10,48.0,42.8373,5.1627
2026-12-02T16:10:00.000000000,2026-12-02T16:20:00.000000000,10,CNN_LSTM,co2,1677.0,1422.9741,254.0259
2026-12-02T16:10:00.000000000,2026-12-02T16:20:00.000000000,10,CNN_LSTM,voc,84.0,116.5531,-32.5531
2026-12-02T16:11:00.000000000,2026-12-02T16:21:00.000000000,10,CNN_LSTM,pm1,23.0,19.0997,3.9003
2026-12-02T16:11:00.000000000,2026-12-02T16:21:00.000000000,10,CNN_LSTM,pm2_5,37.0,31.9033,5.0967
2026-12-02T16:11:00.000000000,2026-12-02T16:21:00.000000000,10,CNN_LSTM,pm10,48.0,42.6223,5.3777
2026-12-02T16:11:00.000000000,2026-12-02T16:21:00.000000000,10,CNN_LSTM,co2,1732.0,1403.2336,328.7664
2026-12-02T16:11:00.000000000,2026-12-02T16:21:00.000000000,10,CNN_LSTM,voc,264.0,120.6706,143.3294
2026-12-02T16:12:00.000000000,2026-12-02T16:22:00.000000000,10,CNN_LSTM,pm1,23.0,19.0118,3.9882
2026-12-02T16:12:00.000000000,2026-12-02T16:22:00.000000000,10,CNN_LSTM,pm2_5,36.0,31.5349,4.4651
2026-12-02T16:12:00.000000000,2026-12-02T16:22:00.000000000,10,CNN_LSTM,pm10,47.0,42.3116,4.6884
2026-12-02T16:12:00.000000000,2026-12-02T16:22:00.000000000,10,CNN_LSTM,co2,1713.0,1396.1433,316.8567
2026-12-02T16:12:00.000000000,2026-12-02T16:22:00.000000000,10,CNN_LSTM,voc,489.0,117.8655,371.1345
2026-12-02T16:13:00.000000000,2026-12-02T16:23:00.000000000,10,CNN_LSTM,pm1,23.0,19.2019,3.7981
2026-12-02T16:13:00.000000000,2026-12-02T16:23:00.000000000,10,CNN_LSTM,pm2_5,36.0,31.997,4.003
2026-12-02T16:13:00.000000000,2026-12-02T16:23:00.000000000,10,CNN_LSTM,pm10,48.0,42.4044,5.5956
2026-12-02T16:13:00.000000000,2026-12-02T16:23:00.000000000,10,CNN_LSTM,co2,1677.0,1417.8969,259.1031
2026-12-02T16:13:00.000000000,2026-12-02T16:23:00.000000000,10,CNN_LSTM,voc,499.0,114.6798,384.3202
2026-12-02T16:14:00.000000000,2026-12-02T16:24:00.000000000,10,CNN_LSTM,pm1,23.0,19.3148,3.6852
2026-12-02T16:14:00.000000000,2026-12-02T16:24:00.000000000,10,CNN_LSTM,pm2_5,36.0,32.4102,3.5898
2026-12-02T16:14:00.000000000,2026-12-02T16:24:00.000000000,10,CNN_LSTM,pm10,47.0,43.4684,3.5316
2026-12-02T16:14:00.000000000,2026-12-02T16:24:00.000000000,10,CNN_LSTM,co2,1661.0,1465.6912,195.3088
2026-12-02T16:14:00.000000000,2026-12-02T16:24:00.000000000,10,CNN_LSTM,voc,499.0,119.4572,379.5428
2026-12-02T16:15:00.000000000,2026-12-02T16:25:00.000000000,10,CNN_LSTM,pm1,23.0,19.1977,3.8023
2026-12-02T16:15:00.000000000,2026-12-02T16:25:00.000000000,10,CNN_LSTM,pm2_5,37.0,32.382,4.618
2026-12-02T16:15:00.000000000,2026-12-02T16:25:00.000000000,10,CNN_LSTM,pm10,47.0,43.2631,3.7369
2026-12-02T16:15:00.000000000,2026-12-02T16:25:00.000000000,10,CNN_LSTM,co2,1700.0,1446.7543,253.2457
2026-12-02T16:15:00.000000000,2026-12-02T16:25:00.000000000,10,CNN_LSTM,voc,499.0,122.3753,376.6247
2026-12-02T16:16:00.000000000,2026-12-02T16:26:00.000000000,10,CNN_LSTM,pm1,23.0,19.1429,3.8571
2026-12-02T16:16:00.000000000,2026-12-02T16:26:00.000000000,10,CNN_LSTM,pm2_5,37.0,32.0015,4.9985
2026-12-02T16:16:00.000000000,2026-12-02T16:26:00.000000000,10,CNN_LSTM,pm10,47.0,42.8855,4.1145
2026-12-02T16:16:00.000000000,2026-12-02T16:26:00.000000000,10,CNN_LSTM,co2,1701.0,1413.0115,287.9885
2026-12-02T16:16:00.000000000,2026-12-02T16:26:00.000000000,10,CNN_LSTM,voc,499.0,123.9623,375.0377
2026-12-02T16:17:00.000000000,2026-12-02T16:27:00.000000000,10,CNN_LSTM,pm1,22.0,19.0296,2.9704
2026-12-02T16:17:00.000000000,2026-12-02T16:27:00.000000000,10,CNN_LSTM,pm2_5,36.0,31.614,4.386
2026-12-02T16:17:00.000000000,2026-12-02T16:27:00.000000000,10,CNN_LSTM,pm10,46.0,42.5597,3.4403
2026-12-02T16:17:00.000000000,2026-12-02T16:27:00.000000000,10,CNN_LSTM,co2,1708.0,1404.7744,303.2256
2026-12-02T16:17:00.000000000,2026-12-02T16:27:00.000000000,10,CNN_LSTM,voc,499.0,122.6605,376.3395
2026-12-02T16:18:00.000000000,2026-12-02T16:28:00.000000000,10,CNN_LSTM,pm1,23.0,18.8633,4.1367
2026-12-02T16:18:00.000000000,2026-12-02T16:28:00.000000000,10,CNN_LSTM,pm2_5,36.0,31.2562,4.7438
2026-12-02T16:18:00.000000000,2026-12-02T16:28:00.000000000,10,CNN_LSTM,pm10,46.0,41.839,4.161
2026-12-02T16:18:00.000000000,2026-12-02T16:28:00.000000000,10,CNN_LSTM,co2,1736.0,1409.6884,326.3116
2026-12-02T16:18:00.000000000,2026-12-02T16:28:00.000000000,10,CNN_LSTM,voc,498.0,118.1741,379.8259
2026-12-02T16:19:00.000000000,2026-12-02T16:29:00.000000000,10,CNN_LSTM,pm1,22.0,18.7048,3.2952
2026-12-02T16:19:00.000000000,2026-12-02T16:29:00.000000000,10,CNN_LSTM,pm2_5,36.0,30.8903,5.1097
2026-12-02T16:19:00.000000000,2026-12-02T16:29:00.000000000,10,CNN_LSTM,pm10,47.0,41.4178,5.5822
2026-12-02T16:19:00.000000000,2026-12-02T16:29:00.000000000,10,CNN_LSTM,co2,1734.0,1405.1493,328.8507
2026-12-02T16:19:00.000000000,2026-12-02T16:29:00.000000000,10,CNN_LSTM,voc,497.0,112.5707,384.4292
2026-12-02T16:20:00.000000000,2026-12-02T16:30:00.000000000,10,CNN_LSTM,pm1,23.0,18.6347,4.3653
2026-12-02T16:20:00.000000000,2026-12-02T16:30:00.000000000,10,CNN_LSTM,pm2_5,37.0,30.7777,6.2223
2026-12-02T16:20:00.000000000,2026-12-02T16:30:00.000000000,10,CNN_LSTM,pm10,47.0,41.1052,5.8948
2026-12-02T16:20:00.000000000,2026-12-02T16:30:00.000000000,10,CNN_LSTM,co2,1662.0,1406.7524,255.2476
2026-12-02T16:20:00.000000000,2026-12-02T16:30:00.000000000,10,CNN_LSTM,voc,496.0,110.1916,385.8084
2026-12-02T16:21:00.000000000,2026-12-02T16:31:00.000000000,10,CNN_LSTM,pm1,23.0,18.5007,4.4993
2026-12-02T16:21:00.000000000,2026-12-02T16:31:00.000000000,10,CNN_LSTM,pm2_5,37.0,30.5656,6.4344
2026-12-02T16:21:00.000000000,2026-12-02T16:31:00.000000000,10,CNN_LSTM,pm10,46.0,40.7751,5.2249
2026-12-02T16:21:00.000000000,2026-12-02T16:31:00.000000000,10,CNN_LSTM,co2,1671.0,1397.7014,273.2986
2026-12-02T16:21:00.000000000,2026-12-02T16:31:00.000000000,10,CNN_LSTM,voc,495.0,106.4457,388.5544
2026-12-02T16:22:00.000000000,2026-12-02T16:32:00.000000000,10,CNN_LSTM,pm1,23.0,19.1253,3.8747
2026-12-02T16:22:00.000000000,2026-12-02T16:32:00.000000000,10,CNN_LSTM,pm2_5,37.0,31.7217,5.2783
2026-12-02T16:22:00.000000000,2026-12-02T16:32:00.000000000,10,CNN_LSTM,pm10,47.0,41.8974,5.1026
2026-12-02T16:22:00.000000000,2026-12-02T16:32:00.000000000,10,CNN_LSTM,co2,1780.0,1458.2468,321.7532
2026-12-02T16:22:00.000000000,2026-12-02T16:32:00.000000000,10,CNN_LSTM,voc,493.0,109.951,383.049
2026-12-02T16:23:00.000000000,2026-12-02T16:33:00.000000000,10,CNN_LSTM,pm1,23.0,20.1302,2.8698
2026-12-02T16:23:00.000000000,2026-12-02T16:33:00.000000000,10,CNN_LSTM,pm2_5,37.0,33.8419,3.1581
2026-12-02T16:23:00.000000000,2026-12-02T16:33:00.000000000,10,CNN_LSTM,pm10,47.0,44.7993,2.2007
2026-12-02T16:23:00.000000000,2026-12-02T16:33:00.000000000,10,CNN_LSTM,co2,1766.0,1563.3856,202.6144
2026-12-02T16:23:00.000000000,2026-12-02T16:33:00.000000000,10,CNN_LSTM,voc,493.0,123.4221,369.5779
2026-12-02T16:24:00.000000000,2026-12-02T16:34:00.000000000,10,CNN_LSTM,pm1,23.0,20.4435,2.5565
2026-12-02T16:24:00.000000000,2026-12-02T16:34:00.000000000,10,CNN_LSTM,pm2_5,37.0,35.0056,1.9944
2026-12-02T16:24:00.000000000,2026-12-02T16:34:00.000000000,10,CNN_LSTM,pm10,48.0,46.8454,1.1546
2026-12-02T16:24:00.000000000,2026-12-02T16:34:00.000000000,10,CNN_LSTM,co2,1731.0,1588.9197,142.0803
2026-12-02T16:24:00.000000000,2026-12-02T16:34:00.000000000,10,CNN_LSTM,voc,493.0,145.8499,347.1501
2026-12-02T16:25:00.000000000,2026-12-02T16:36:00.000000000,10,CNN_LSTM,pm1,23.0,20.3575,2.6425
2026-12-02T16:25:00.000000000,2026-12-02T16:36:00.000000000,10,CNN_LSTM,pm2_5,38.0,34.8976,3.1024
2026-12-02T16:25:00.000000000,2026-12-02T16:36:00.000000000,10,CNN_LSTM,pm10,47.0,46.7467,0.2533
2026-12-02T16:25:00.000000000,2026-12-02T16:36:00.000000000,10,CNN_LSTM,co2,1648.0,1546.8795,101.1205
2026-12-02T16:25:00.000000000,2026-12-02T16:36:00.000000000,10,CNN_LSTM,voc,492.0,148.252,343.748
2026-12-02T16:26:00.000000000,2026-12-02T16:37:00.000000000,10,CNN_LSTM,pm1,23.0,20.1266,2.8734
2026-12-02T16:26:00.000000000,2026-12-02T16:37:00.000000000,10,CNN_LSTM,pm2_5,37.0,34.1963,2.8037
2026-12-02T16:26:00.000000000,2026-12-02T16:37:00.000000000,10,CNN_LSTM,pm10,47.0,46.0281,0.9719
2026-12-02T16:26:00.000000000,2026-12-02T16:37:00.000000000,10,CNN_LSTM,co2,1651.0,1520.667,130.333
2026-12-02T16:26:00.000000000,2026-12-02T16:37:00.000000000,10,CNN_LSTM,voc,492.0,146.678,345.322
2026-12-02T16:27:00.000000000,2026-12-02T16:38:00.000000000,10,CNN_LSTM,pm1,23.0,19.851,3.149
2026-12-02T16:27:00.000000000,2026-12-02T16:38:00.000000000,10,CNN_LSTM,pm2_5,37.0,33.4814,3.5186
2026-12-02T16:27:00.000000000,2026-12-02T16:38:00.000000000,10,CNN_LSTM,pm10,48.0,45.1478,2.8522
2026-12-02T16:27:00.000000000,2026-12-02T16:38:00.000000000,10,CNN_LSTM,co2,1611.0,1501.9202,109.0798
2026-12-02T16:27:00.000000000,2026-12-02T16:38:00.000000000,10,CNN_LSTM,voc,490.0,143.8041,346.1959
2026-12-02T16:28:00.000000000,2026-12-02T16:39:00.000000000,10,CNN_LSTM,pm1,23.0,19.5972,3.4028
2026-12-02T16:28:00.000000000,2026-12-02T16:39:00.000000000,10,CNN_LSTM,pm2_5,37.0,32.9063,4.0937
2026-12-02T16:28:00.000000000,2026-12-02T16:39:00.000000000,10,CNN_LSTM,pm10,47.0,44.4182,2.5818
2026-12-02T16:28:00.000000000,2026-12-02T16:39:00.000000000,10,CNN_LSTM,co2,1605.0,1475.1381,129.8619
2026-12-02T16:28:00.000000000,2026-12-02T16:39:00.000000000,10,CNN_LSTM,voc,481.0,142.0904,338.9096
2026-12-02T16:29:00.000000000,2026-12-02T16:40:00.000000000,10,CNN_LSTM,pm1,23.0,19.4649,3.5351
2026-12-02T16:29:00.000000000,2026-12-02T16:40:00.000000000,10,CNN_LSTM,pm2_5,37.0,32.6449,4.3551
2026-12-02T16:29:00.000000000,2026-12-02T16:40:00.000000000,10,CNN_LSTM,pm10,47.0,43.7343,3.2657
2026-12-02T16:29:00.000000000,2026-12-02T16:40:00.000000000,10,CNN_LSTM,co2,1666.0,1474.8381,191.1619
2026-12-02T16:29:00.000000000,2026-12-02T16:40:00.000000000,10,CNN_LSTM,voc,482.0,138.6278,343.3722
2026-12-02T16:30:00.000000000,2026-12-02T16:41:00.000000000,10,CNN_LSTM,pm1,23.0,19.2446,3.7554
2026-12-02T16:30:00.000000000,2026-12-02T16:41:00.000000000,10,CNN_LSTM,pm2_5,37.0,32.108,4.892
2026-12-02T16:30:00.000000000,2026-12-02T16:41:00.000000000,10,CNN_LSTM,pm10,48.0,43.2198,4.7802
2026-12-02T16:30:00.000000000,2026-12-02T16:41:00.000000000,10,CNN_LSTM,co2,1633.0,1459.6533,173.3467
2026-12-02T16:30:00.000000000,2026-12-02T16:41:00.000000000,10,CNN_LSTM,voc,477.0,134.1793,342.8207
2026-12-02T16:31:00.000000000,2026-12-02T16:42:00.000000000,10,CNN_LSTM,pm1,23.0,19.223,3.777
2026-12-02T16:31:00.000000000,2026-12-02T16:42:00.000000000,10,CNN_LSTM,pm2_5,37.0,32.1576,4.8424
2026-12-02T16:31:00.000000000,2026-12-02T16:42:00.000000000,10,CNN_LSTM,pm10,47.0,42.9538,4.0462
2026-12-02T16:31:00.000000000,2026-12-02T16:42:00.000000000,10,CNN_LSTM,co2,1626.0,1474.7012,151.2988
2026-12-02T16:31:00.000000000,2026-12-02T16:42:00.000000000,10,CNN_LSTM,voc,471.0,131.2031,339.7969
2026-12-02T16:32:00.000000000,2026-12-02T16:43:00.000000000,10,CNN_LSTM,pm1,23.0,19.0802,3.9198
2026-12-02T16:32:00.000000000,2026-12-02T16:43:00.000000000,10,CNN_LSTM,pm2_5,37.0,31.7869,5.2131
2026-12-02T16:32:00.000000000,2026-12-02T16:43:00.000000000,10,CNN_LSTM,pm10,48.0,42.6033,5.3967
2026-12-02T16:32:00.000000000,2026-12-02T16:43:00.000000000,10,CNN_LSTM,co2,1676.0,1477.9406,198.0594
2026-12-02T16:32:00.000000000,2026-12-02T16:43:00.000000000,10,CNN_LSTM,voc,472.0,129.6936,342.3064
2026-12-02T16:33:00.000000000,2026-12-02T16:44:00.000000000,10,CNN_LSTM,pm1,23.0,18.9169,4.0831
2026-12-02T16:33:00.000000000,2026-12-02T16:44:00.000000000,10,CNN_LSTM,pm2_5,37.0,31.5689,5.4311
2026-12-02T16:33:00.000000000,2026-12-02T16:44:00.000000000,10,CNN_LSTM,pm10,48.0,42.0993,5.9007
2026-12-02T16:33:00.000000000,2026-12-02T16:44:00.000000000,10,CNN_LSTM,co2,1558.0,1462.9741,95.0259
2026-12-02T16:33:00.000000000,2026-12-02T16:44:00.000000000,10,CNN_LSTM,voc,466.0,127.9642,338.0358
2026-12-02T16:34:00.000000000,2026-12-02T16:45:00.000000000,10,CNN_LSTM,pm1,23.0,18.8637,4.1363
2026-12-02T16:34:00.000000000,2026-12-02T16:45:00.000000000,10,CNN_LSTM,pm2_5,37.0,31.4281,5.5719
2026-12-02T16:34:00.000000000,2026-12-02T16:45:00.000000000,10,CNN_LSTM,pm10,48.0,41.8528,6.1472
2026-12-02T16:34:00.000000000,2026-12-02T16:45:00.000000000,10,CNN_LSTM,co2,1568.0,1457.5543,110.4457
2026-12-02T16:34:00.000000000,2026-12-02T16:45:00.000000000,10,CNN_LSTM,voc,454.0,126.4654,327.5345
2026-12-02T16:36:00.000000000,2026-12-02T16:46:00.000000000,10,CNN_LSTM,pm1,23.0,18.8805,4.1195
2026-12-02T16:36:00.000000000,2026-12-02T16:46:00.000000000,10,CNN_LSTM,pm2_5,37.0,31.4021,5.5979
2026-12-02T16:36:00.000000000,2026-12-02T16:46:00.000000000,10,CNN_LSTM,pm10,48.0,41.8523,6.1477
2026-12-02T16:36:00.000000000,2026-12-02T16:46:00.000000000,10,CNN_LSTM,co2,1582.0,1457.6746,124.3254
2026-12-02T16:36:00.000000000,2026-12-02T16:46:00.000000000,10,CNN_LSTM,voc,438.0,125.3343,312.6656
2026-12-02T16:37:00.000000000,2026-12-02T16:47:00.000000000,10,CNN_LSTM,pm1,23.0,18.9502,4.0498
2026-12-02T16:37:00.000000000,2026-12-02T16:47:00.000000000,10,CNN_LSTM,pm2_5,37.0,31.5712,5.4288
2026-12-02T16:37:00.000000000,2026-12-02T16:47:00.000000000,10,CNN_LSTM,pm10,47.0,42.0331,4.9669
2026-12-02T16:37:00.000000000,2026-12-02T16:47:00.000000000,10,CNN_LSTM,co2,1580.0,1460.6477,119.3523
2026-12-02T16:37:00.000000000,2026-12-02T16:47:00.000000000,10,CNN_LSTM,voc,416.0,126.8494,289.1506
2026-12-02T16:38:00.000000000,2026-12-02T16:48:00.000000000,10,CNN_LSTM,pm1,23.0,18.8902,4.1098
2026-12-02T16:38:00.000000000,2026-12-02T16:48:00.000000000,10,CNN_LSTM,pm2_5,37.0,31.3525,5.6475
2026-12-02T16:38:00.000000000,2026-12-02T16:48:00.000000000,10,CNN_LSTM,pm10,48.0,41.8535,6.1465
2026-12-02T16:38:00.000000000,2026-12-02T16:48:00.000000000,10,CNN_LSTM,co2,1571.0,1457.9849,113.0151
2026-12-02T16:38:00.000000000,2026-12-02T16:48:00.000000000,10,CNN_LSTM,voc,395.0,124.2929,270.7071
2026-12-02T16:39:00.000000000,2026-12-02T16:49:00.000000000,10,CNN_LSTM,pm1,23.0,18.84,4.16
2026-12-02T16:39:00.000000000,2026-12-02T16:49:00.000000000,10,CNN_LSTM,pm2_5,36.0,31.2929,4.7071
2026-12-02T16:39:00.000000000,2026-12-02T16:49:00.000000000,10,CNN_LSTM,pm10,46.0,41.6002,4.3998
2026-12-02T16:39:00.000000000,2026-12-02T16:49:00.000000000,10,CNN_LSTM,co2,1562.0,1443.6691,118.3309
2026-12-02T16:39:00.000000000,2026-12-02T16:49:00.000000000,10,CNN_LSTM,voc,385.0,124.0203,260.9797
2026-12-02T16:40:00.000000000,2026-12-02T16:50:00.000000000,10,CNN_LSTM,pm1,23.0,18.8623,4.1377
2026-12-02T16:40:00.000000000,2026-12-02T16:50:00.000000000,10,CNN_LSTM,pm2_5,37.0,31.3711,5.6289
2026-12-02T16:40:00.000000000,2026-12-02T16:50:00.000000000,10,CNN_LSTM,pm10,47.0,41.7853,5.2147
2026-12-02T16:40:00.000000000,2026-12-02T16:50:00.000000000,10,CNN_LSTM,co2,1484.0,1446.5204,37.4796
2026-12-02T16:40:00.000000000,2026-12-02T16:50:00.000000000,10,CNN_LSTM,voc,364.0,125.5942,238.4058
2026-12-02T16:41:00.000000000,2026-12-02T16:51:00.000000000,10,CNN_LSTM,pm1,23.0,18.8848,4.1152
2026-12-02T16:41:00.000000000,2026-12-02T16:51:00.000000000,10,CNN_LSTM,pm2_5,37.0,31.3735,5.6265
2026-12-02T16:41:00.000000000,2026-12-02T16:51:00.000000000,10,CNN_LSTM,pm10,47.0,41.7323,5.2677
2026-12-02T16:41:00.000000000,2026-12-02T16:51:00.000000000,10,CNN_LSTM,co2,1460.0,1447.3295,12.6705
2026-12-02T16:41:00.000000000,2026-12-02T16:51:00.000000000,10,CNN_LSTM,voc,342.0,125.1899,216.8101
2026-12-02T16:42:00.000000000,2026-12-02T16:52:00.000000000,10,CNN_LSTM,pm1,23.0,18.8894,4.1106
2026-12-02T16:42:00.000000000,2026-12-02T16:52:00.000000000,10,CNN_LSTM,pm2_5,37.0,31.3376,5.6624
2026-12-02T16:42:00.000000000,2026-12-02T16:52:00.000000000,10,CNN_LSTM,pm10,47.0,41.7473,5.2527
2026-12-02T16:42:00.000000000,2026-12-02T16:52:00.000000000,10,CNN_LSTM,co2,1528.0,1444.738,83.262
2026-12-02T16:42:00.000000000,2026-12-02T16:52:00.000000000,10,CNN_LSTM,voc,325.0,124.7979,200.2021
2026-12-02T16:43:00.000000000,2026-12-02T16:53:00.000000000,10,CNN_LSTM,pm1,23.0,18.924,4.076
2026-12-02T16:43:00.000000000,2026-12-02T16:53:00.000000000,10,CNN_LSTM,pm2_5,37.0,31.4347,5.5653
2026-12-02T16:43:00.000000000,2026-12-02T16:53:00.000000000,10,CNN_LSTM,pm10,47.0,41.892,5.108
2026-12-02T16:43:00.000000000,2026-12-02T16:53:00.000000000,10,CNN_LSTM,co2,1587.0,1447.7871,139.2129
2026-12-02T16:43:00.000000000,2026-12-02T16:53:00.000000000,10,CNN_LSTM,voc,309.0,126.1507,182.8493
2026-12-02T16:44:00.000000000,2026-12-02T16:54:00.000000000,10,CNN_LSTM,pm1,23.0,18.9053,4.0947
2026-12-02T16:44:00.000000000,2026-12-02T16:54:00.000000000,10,CNN_LSTM,pm2_5,36.0,31.3739,4.6261
2026-12-02T16:44:00.000000000,2026-12-02T16:54:00.000000000,10,CNN_LSTM,pm10,46.0,41.7649,4.2351
2026-12-02T16:44:00.000000000,2026-12-02T16:54:00.000000000,10,CNN_LSTM,co2,1566.0,1448.2441,117.7559
2026-12-02T16:44:00.000000000,2026-12-02T16:54:00.000000000,10,CNN_LSTM,voc,300.0,125.1222,174.8778
2026-12-02T16:45:00.000000000,2026-12-02T16:55:00.000000000,10,CNN_LSTM,pm1,23.0,18.8885,4.1115
2026-12-02T16:45:00.000000000,2026-12-02T16:55:00.000000000,10,CNN_LSTM,pm2_5,37.0,31.3443,5.6557
2026-12-02T16:45:00.000000000,2026-12-02T16:55:00.000000000,10,CNN_LSTM,pm10,48.0,41.7759,6.2241
2026-12-02T16:45:00.000000000,2026-12-02T16:55:00.000000000,10,CNN_LSTM,co2,1579.0,1445.5581,133.4419
2026-12-02T16:45:00.000000000,2026-12-02T16:55:00.000000000,10,CNN_LSTM,voc,290.0,124.9996,165.0004
2026-12-02T16:46:00.000000000,2026-12-02T16:56:00.000000000,10,CNN_LSTM,pm1,23.0,18.8939,4.1061
2026-12-02T16:46:00.000000000,2026-12-02T16:56:00.000000000,10,CNN_LSTM,pm2_5,36.0,31.3641,4.6359
2026-12-02T16:46:00.000000000,2026-12-02T16:56:00.000000000,10,CNN_LSTM,pm10,47.0,41.8091,5.1909
2026-12-02T16:46:00.000000000,2026-12-02T16:56:00.000000000,10,CNN_LSTM,co2,1549.0,1447.0458,101.9542
2026-12-02T16:46:00.000000000,2026-12-02T16:56:00.000000000,10,CNN_LSTM,voc,280.0,125.1304,154.8696
2026-12-02T16:47:00.000000000,2026-12-02T16:57:00.000000000,10,CNN_LSTM,pm1,23.0,18.8875,4.1125
2026-12-02T16:47:00.000000000,2026-12-02T16:57:00.000000000,10,CNN_LSTM,pm2_5,37.0,31.3714,5.6286
2026-12-02T16:47:00.000000000,2026-12-02T16:57:00.000000000,10,CNN_LSTM,pm10,47.0,41.8031,5.1969
2026-12-02T16:47:00.000000000,2026-12-02T16:57:00.000000000,10,CNN_LSTM,co2,1527.0,1447.4597,79.5403
2026-12-02T16:47:00.000000000,2026-12-02T16:57:00.000000000,10,CNN_LSTM,voc,272.0,125.7313,146.2687
2026-12-02T16:48:00.000000000,2026-12-02T16:58:00.000000000,10,CNN_LSTM,pm1,23.0,18.9088,4.0912
2026-12-02T16:48:00.000000000,2026-12-02T16:58:00.000000000,10,CNN_LSTM,pm2_5,37.0,31.411,5.589
2026-12-02T16:48:00.000000000,2026-12-02T16:58:00.000000000,10,CNN_LSTM,pm10,47.0,41.89,5.11
2026-12-02T16:48:00.000000000,2026-12-02T16:58:00.000000000,10,CNN_LSTM,co2,1472.0,1448.9409,23.0591
2026-12-02T16:48:00.000000000,2026-12-02T16:58:00.000000000,10,CNN_LSTM,voc,260.0,126.4452,133.5548
2026-12-02T16:49:00.000000000,2026-12-02T16:59:00.000000000,10,CNN_LSTM,pm1,23.0,18.9132,4.0868
2026-12-02T16:49:00.000000000,2026-12-02T16:59:00.000000000,10,CNN_LSTM,pm2_5,37.0,31.3694,5.6306
2026-12-02T16:49:00.000000000,2026-12-02T16:59:00.000000000,10,CNN_LSTM,pm10,47.0,41.8445,5.1555
2026-12-02T16:49:00.000000000,2026-12-02T16:59:00.000000000,10,CNN_LSTM,co2,1413.0,1446.8861,-33.8861
2026-12-02T16:49:00.000000000,2026-12-02T16:59:00.000000000,10,CNN_LSTM,voc,240.0,125.7527,114.2473
2026-12-02T16:50:00.000000000,2026-12-02T17:00:00.000000000,10,CNN_LSTM,pm1,23.0,18.9361,4.0639
2026-12-02T16:50:00.000000000,2026-12-02T17:00:00.000000000,10,CNN_LSTM,pm2_5,37.0,31.3286,5.6714
2026-12-02T16:50:00.000000000,2026-12-02T17:00:00.000000000,10,CNN_LSTM,pm10,48.0,41.9631,6.0369
2026-12-02T16:50:00.000000000,2026-12-02T17:00:00.000000000,10,CNN_LSTM,co2,1387.0,1440.9733,-53.9733
2026-12-02T16:50:00.000000000,2026-12-02T17:00:00.000000000,10,CNN_LSTM,voc,229.0,127.3312,101.6688
2026-12-02T16:51:00.000000000,2026-12-02T17:01:00.000000000,10,CNN_LSTM,pm1,23.0,18.9531,4.0469
2026-12-02T16:51:00.000000000,2026-12-02T17:01:00.000000000,10,CNN_LSTM,pm2_5,37.0,31.4463,5.5537
2026-12-02T16:51:00.000000000,2026-12-02T17:01:00.000000000,10,CNN_LSTM,pm10,48.0,41.8764,6.1236
2026-12-02T16:51:00.000000000,2026-12-02T17:01:00.000000000,10,CNN_LSTM,co2,1360.0,1443.2347,-83.2347
2026-12-02T16:51:00.000000000,2026-12-02T17:01:00.000000000,10,CNN_LSTM,voc,208.0,125.3346,82.6654
2026-12-02T16:52:00.000000000,2026-12-02T17:02:00.000000000,10,CNN_LSTM,pm1,23.0,18.9162,4.0838
2026-12-02T16:52:00.000000000,2026-12-02T17:02:00.000000000,10,CNN_LSTM,pm2_5,36.0,31.389,4.611
2026-12-02T16:52:00.000000000,2026-12-02T17:02:00.000000000,10,CNN_LSTM,pm10,47.0,42.0137,4.9863
2026-12-02T16:52:00.000000000,2026-12-02T17:02:00.000000000,10,CNN_LSTM,co2,1326.0,1443.0354,-117.0354
2026-12-02T16:52:00.000000000,2026-12-02T17:02:00.000000000,10,CNN_LSTM,voc,195.0,124.1779,70.8221
2026-12-02T16:53:00.000000000,2026-12-02T17:03:00.000000000,10,CNN_LSTM,pm1,23.0,18.9109,4.0891
2026-12-02T16:53:00.000000000,2026-12-02T17:03:00.000000000,10,CNN_LSTM,pm2_5,36.0,31.3061,4.6939
2026-12-02T16:53:00.000000000,2026-12-02T17:03:00.000000000,10,CNN_LSTM,pm10,47.0,41.8775,5.1225
2026-12-02T16:53:00.000000000,2026-12-02T17:03:00.000000000,10,CNN_LSTM,co2,1361.0,1434.0385,-73.0385
2026-12-02T16:53:00.000000000,2026-12-02T17:03:00.000000000,10,CNN_LSTM,voc,193.0,123.6407,69.3593
2026-12-02T16:54:00.000000000,2026-12-02T17:04:00.000000000,10,CNN_LSTM,pm1,23.0,18.8393,4.1607
2026-12-02T16:54:00.000000000,2026-12-02T17:04:00.000000000,10,CNN_LSTM,pm2_5,37.0,31.2095,5.7905
2026-12-02T16:54:00.000000000,2026-12-02T17:04:00.000000000,10,CNN_LSTM,pm10,47.0,41.6686,5.3314
2026-12-02T16:54:00.000000000,2026-12-02T17:04:00.000000000,10,CNN_LSTM,co2,1329.0,1434.3274,-105.3274
2026-12-02T16:54:00.000000000,2026-12-02T17:04:00.000000000,10,CNN_LSTM,voc,182.0,122.2338,59.7662
2026-12-02T16:55:00.000000000,2026-12-02T17:05:00.000000000,10,CNN_LSTM,pm1,24.0,18.7991,5.2009
2026-12-02T16:55:00.000000000,2026-12-02T17:05:00.000000000,10,CNN_LSTM,pm2_5,38.0,31.0836,6.9164
2026-12-02T16:55:00.000000000,2026-12-02T17:05:00.000000000,10,CNN_LSTM,pm10,48.0,41.5785,6.4215
2026-12-02T16:55:00.000000000,2026-12-02T17:05:00.000000000,10,CNN_LSTM,co2,1343.0,1429.8756,-86.8756
2026-12-02T16:55:00.000000000,2026-12-02T17:05:00.000000000,10,CNN_LSTM,voc,177.0,121.72,55.28
2026-12-02T16:56:00.000000000,2026-12-02T17:06:00.000000000,10,CNN_LSTM,pm1,24.0,18.8915,5.1085
2026-12-02T16:56:00.000000000,2026-12-02T17:06:00.000000000,10,CNN_LSTM,pm2_5,38.0,31.312,6.688
2026-12-02T16:56:00.000000000,2026-12-02T17:06:00.000000000,10,CNN_LSTM,pm10,49.0,41.7269,7.2731
2026-12-02T16:56:00.000000000,2026-12-02T17:06:00.000000000,10,CNN_LSTM,co2,1351.0,1425.0861,-74.0861
2026-12-02T16:56:00.000000000,2026-12-02T17:06:00.000000000,10,CNN_LSTM,voc,168.0,120.7822,47.2178
2026-12-02T16:57:00.000000000,2026-12-02T17:07:00.000000000,10,CNN_LSTM,pm1,24.0,18.922,5.078
2026-12-02T16:57:00.000000000,2026-12-02T17:07:00.000000000,10,CNN_LSTM,pm2_5,38.0,31.2887,6.7113
2026-12-02T16:57:00.000000000,2026-12-02T17:07:00.000000000,10,CNN_LSTM,pm10,48.0,42.0514,5.9486
2026-12-02T16:57:00.000000000,2026-12-02T17:07:00.000000000,10,CNN_LSTM,co2,1307.0,1431.5441,-124.5441
2026-12-02T16:57:00.000000000,2026-12-02T17:07:00.000000000,10,CNN_LSTM,voc,162.0,120.6279,41.3721
2026-12-02T16:58:00.000000000,2026-12-02T17:08:00.000000000,10,CNN_LSTM,pm1,24.0,18.9811,5.0189
2026-12-02T16:58:00.000000000,2026-12-02T17:08:00.000000000,10,CNN_LSTM,pm2_5,38.0,31.5375,6.4625
2026-12-02T16:58:00.000000000,2026-12-02T17:08:00.000000000,10,CNN_LSTM,pm10,48.0,42.0698,5.9302
2026-12-02T16:58:00.000000000,2026-12-02T17:08:00.000000000,10,CNN_LSTM,co2,1328.0,1428.8541,-100.8541
2026-12-02T16:58:00.000000000,2026-12-02T17:08:00.000000000,10,CNN_LSTM,voc,153.0,122.0207,30.9793
2026-12-02T16:59:00.000000000,2026-12-02T17:09:00.000000000,10,CNN_LSTM,pm1,24.0,18.9186,5.0814
2026-12-02T16:59:00.000000000,2026-12-02T17:09:00.000000000,10,CNN_LSTM,pm2_5,38.0,31.4072,6.5928
2026-12-02T16:59:00.000000000,2026-12-02T17:09:00.000000000,10,CNN_LSTM,pm10,48.0,42.0241,5.9759
2026-12-02T16:59:00.000000000,2026-12-02T17:09:00.000000000,10,CNN_LSTM,co2,1330.0,1434.1522,-104.1522
2026-12-02T16:59:00.000000000,2026-12-02T17:09:00.000000000,10,CNN_LSTM,voc,148.0,119.7719,28.2281
2026-12-02T17:00:00.000000000,2026-12-02T17:10:00.000000000,10,CNN_LSTM,pm1,24.0,18.9316,5.0684
2026-12-02T17:00:00.000000000,2026-12-02T17:10:00.000000000,10,CNN_LSTM,pm2_5,38.0,31.4058,6.5942
2026-12-02T17:00:00.000000000,2026-12-02T17:10:00.000000000,10,CNN_LSTM,pm10,49.0,42.0069,6.9931
2026-12-02T17:00:00.000000000,2026-12-02T17:10:00.000000000,10,CNN_LSTM,co2,1290.0,1427.3687,-137.3687
2026-12-02T17:00:00.000000000,2026-12-02T17:10:00.000000000,10,CNN_LSTM,voc,141.0,120.5543,20.4457
2026-12-02T17:01:00.000000000,2026-12-02T17:11:00.000000000,10,CNN_LSTM,pm1,24.0,18.9335,5.0665
2026-12-02T17:01:00.000000000,2026-12-02T17:11:00.000000000,10,CNN_LSTM,pm2_5,38.0,31.4093,6.5907
2026-12-02T17:01:00.000000000,2026-12-02T17:11:00.000000000,10,CNN_LSTM,pm10,49.0,41.9536,7.0464
2026-12-02T17:01:00.000000000,2026-12-02T17:11:00.000000000,10,CNN_LSTM,co2,1294.0,1423.269,-129.269
2026-12-02T17:01:00.000000000,2026-12-02T17:11:00.000000000,10,CNN_LSTM,voc,134.0,119.5938,14.4062
2026-12-02T17:02:00.000000000,2026-12-02T17:12:00.000000000,10,CNN_LSTM,pm1,24.0,18.9939,5.0061
2026-12-02T17:02:00.000000000,2026-12-02T17:12:00.000000000,10,CNN_LSTM,pm2_5,38.0,31.4943,6.5057
2026-12-02T17:02:00.000000000,2026-12-02T17:12:00.000000000,10,CNN_LSTM,pm10,48.0,42.1831,5.8169
2026-12-02T17:02:00.000000000,2026-12-02T17:12:00.000000000,10,CNN_LSTM,co2,1298.0,1422.1941,-124.1941
2026-12-02T17:02:00.000000000,2026-12-02T17:12:00.000000000,10,CNN_LSTM,voc,127.0,120.0995,6.9005
2026-12-02T17:03:00.000000000,2026-12-02T17:13:00.000000000,10,CNN_LSTM,pm1,24.0,19.008,4.992
2026-12-02T17:03:00.000000000,2026-12-02T17:13:00.000000000,10,CNN_LSTM,pm2_5,38.0,31.4747,6.5253
2026-12-02T17:03:00.000000000,2026-12-02T17:13:00.000000000,10,CNN_LSTM,pm10,49.0,42.1839,6.8161
2026-12-02T17:03:00.000000000,2026-12-02T17:13:00.000000000,10,CNN_LSTM,co2,1285.0,1416.4333,-131.4333
2026-12-02T17:03:00.000000000,2026-12-02T17:13:00.000000000,10,CNN_LSTM,voc,124.0,121.159,2.841
2026-12-02T17:04:00.000000000,2026-12-02T17:14:00.000000000,10,CNN_LSTM,pm1,24.0,19.0333,4.9667
2026-12-02T17:04:00.000000000,2026-12-02T17:14:00.000000000,10,CNN_LSTM,pm2_5,37.0,31.5525,5.4475
2026-12-02T17:04:00.000000000,2026-12-02T17:14:00.000000000,10,CNN_LSTM,pm10,48.0,42.0719,5.9281
2026-12-02T17:04:00.000000000,2026-12-02T17:14:00.000000000,10,CNN_LSTM,co2,1308.0,1408.9568,-100.9568
2026-12-02T17:04:00.000000000,2026-12-02T17:14:00.000000000,10,CNN_LSTM,voc,121.0,121.1291,-0.1291
2026-12-02T17:05:00.000000000,2026-12-02T17:15:00.000000000,10,CNN_LSTM,pm1,24.0,19.0856,4.9144
2026-12-02T17:05:00.000000000,2026-12-02T17:15:00.000000000,10,CNN_LSTM,pm2_5,38.0,31.7147,6.2853
2026-12-02T17:05:00.000000000,2026-12-02T17:15:00.000000000,10,CNN_LSTM,pm10,48.0,42.3093,5.6907
2026-12-02T17:05:00.000000000,2026-12-02T17:15:00.000000000,10,CNN_LSTM,co2,1308.0,1413.7157,-105.7157
2026-12-02T17:05:00.000000000,2026-12-02T17:15:00.000000000,10,CNN_LSTM,voc,120.0,119.8794,0.1206
2026-12-02T17:06:00.000000000,2026-12-02T17:16:00.000000000,10,CNN_LSTM,pm1,24.0,19.228,4.772
2026-12-02T17:06:00.000000000,2026-12-02T17:16:00.000000000,10,CNN_LSTM,pm2_5,38.0,31.9923,6.0077
2026-12-02T17:06:00.000000000,2026-12-02T17:16:00.000000000,10,CNN_LSTM,pm10,48.0,42.6532,5.3468
2026-12-02T17:06:00.000000000,2026-12-02T17:16:00.000000000,10,CNN_LSTM,co2,1309.0,1430.1748,-121.1748
2026-12-02T17:06:00.000000000,2026-12-02T17:16:00.000000000,10,CNN_LSTM,voc,112.0,118.907,-6.907
2026-12-02T17:07:00.000000000,2026-12-02T17:17:00.000000000,10,CNN_LSTM,pm1,24.0,19.2707,4.7293
2026-12-02T17:07:00.000000000,2026-12-02T17:17:00.000000000,10,CNN_LSTM,pm2_5,38.0,32.0499,5.9501
2026-12-02T17:07:00.000000000,2026-12-02T17:17:00.000000000,10,CNN_LSTM,pm10,48.0,42.9869,5.0131
2026-12-02T17:07:00.000000000,2026-12-02T17:17:00.000000000,10,CNN_LSTM,co2,1321.0,1419.0159,-98.0159
2026-12-02T17:07:00.000000000,2026-12-02T17:17:00.000000000,10,CNN_LSTM,voc,109.0,118.2308,-9.2308
2026-12-02T17:08:00.000000000,2026-12-02T17:18:00.000000000,10,CNN_LSTM,pm1,24.0,19.3596,4.6404
2026-12-02T17:08:00.000000000,2026-12-02T17:18:00.000000000,10,CNN_LSTM,pm2_5,38.0,32.2995,5.7005
2026-12-02T17:08:00.000000000,2026-12-02T17:18:00.000000000,10,CNN_LSTM,pm10,48.0,43.3595,4.6405
2026-12-02T17:08:00.000000000,2026-12-02T17:18:00.000000000,10,CNN_LSTM,co2,1300.0,1412.3662,-112.3662
2026-12-02T17:08:00.000000000,2026-12-02T17:18:00.000000000,10,CNN_LSTM,voc,105.0,122.6168,-17.6168
2026-12-02T17:09:00.000000000,2026-12-02T17:19:00.000000000,10,CNN_LSTM,pm1,24.0,19.4154,4.5846
2026-12-02T17:09:00.000000000,2026-12-02T17:19:00.000000000,10,CNN_LSTM,pm2_5,38.0,32.4162,5.5838
2026-12-02T17:09:00.000000000,2026-12-02T17:19:00.000000000,10,CNN_LSTM,pm10,47.0,43.4907,3.5093
2026-12-02T17:09:00.000000000,2026-12-02T17:19:00.000000000,10,CNN_LSTM,co2,1271.0,1412.3837,-141.3837
2026-12-02T17:09:00.000000000,2026-12-02T17:19:00.000000000,10,CNN_LSTM,voc,100.0,124.9344,-24.9344
2026-12-02T17:10:00.000000000,2026-12-02T17:20:00.000000000,10,CNN_LSTM,pm1,24.0,19.4886,4.5114
2026-12-02T17:10:00.000000000,2026-12-02T17:20:00.000000000,10,CNN_LSTM,pm2_5,38.0,32.549,5.451
2026-12-02T17:10:00.000000000,2026-12-02T17:20:00.000000000,10,CNN_LSTM,pm10,48.0,43.6645,4.3355
2026-12-02T17:10:00.000000000,2026-12-02T17:20:00.000000000,10,CNN_LSTM,co2,1304.0,1406.3464,-102.3464
2026-12-02T17:10:00.000000000,2026-12-02T17:20:00.000000000,10,CNN_LSTM,voc,101.0,126.1799,-25.1799
2026-12-02T17:11:00.000000000,2026-12-02T17:21:00.000000000,10,CNN_LSTM,pm1,23.0,19.5648,3.4352
2026-12-02T17:11:00.000000000,2026-12-02T17:21:00.000000000,10,CNN_LSTM,pm2_5,38.0,32.7023,5.2977
2026-12-02T17:11:00.000000000,2026-12-02T17:21:00.000000000,10,CNN_LSTM,pm10,49.0,43.9495,5.0505
2026-12-02T17:11:00.000000000,2026-12-02T17:21:00.000000000,10,CNN_LSTM,co2,1288.0,1404.3766,-116.3766
2026-12-02T17:11:00.000000000,2026-12-02T17:21:00.000000000,10,CNN_LSTM,voc,100.0,127.3609,-27.3609
2026-12-02T17:12:00.000000000,2026-12-02T17:22:00.000000000,10,CNN_LSTM,pm1,23.0,19.6686,3.3314
2026-12-02T17:12:00.000000000,2026-12-02T17:22:00.000000000,10,CNN_LSTM,pm2_5,38.0,32.8947,5.1053
2026-12-02T17:12:00.000000000,2026-12-02T17:22:00.000000000,10,CNN_LSTM,pm10,48.0,44.2924,3.7076
2026-12-02T17:12:00.000000000,2026-12-02T17:22:00.000000000,10,CNN_LSTM,co2,1292.0,1405.5415,-113.5415
2026-12-02T17:12:00.000000000,2026-12-02T17:22:00.000000000,10,CNN_LSTM,voc,98.0,129.0054,-31.0054
2026-12-02T17:13:00.000000000,2026-12-02T17:23:00.000000000,10,CNN_LSTM,pm1,24.0,19.7408,4.2592
2026-12-02T17:13:00.000000000,2026-12-02T17:23:00.000000000,10,CNN_LSTM,pm2_5,39.0,33.0467,5.9533
2026-12-02T17:13:00.000000000,2026-12-02T17:23:00.000000000,10,CNN_LSTM,pm10,50.0,44.5129,5.4871
2026-12-02T17:13:00.000000000,2026-12-02T17:23:00.000000000,10,CNN_LSTM,co2,1315.0,1407.5472,-92.5472
2026-12-02T17:13:00.000000000,2026-12-02T17:23:00.000000000,10,CNN_LSTM,voc,95.0,130.555,-35.555
2026-12-02T17:14:00.000000000,2026-12-02T17:24:00.000000000,10,CNN_LSTM,pm1,24.0,19.7301,4.2699
2026-12-02T17:14:00.000000000,2026-12-02T17:24:00.000000000,10,CNN_LSTM,pm2_5,38.0,33.0702,4.9298
2026-12-02T17:14:00.000000000,2026-12-02T17:24:00.000000000,10,CNN_LSTM,pm10,49.0,44.4798,4.5202
2026-12-02T17:14:00.000000000,2026-12-02T17:24:00.000000000,10,CNN_LSTM,co2,1297.0,1405.8395,-108.8395
2026-12-02T17:14:00.000000000,2026-12-02T17:24:00.000000000,10,CNN_LSTM,voc,90.0,130.5947,-40.5947
2026-12-02T17:15:00.000000000,2026-12-02T17:25:00.000000000,10,CNN_LSTM,pm1,24.0,19.7796,4.2204
2026-12-02T17:15:00.000000000,2026-12-02T17:25:00.000000000,10,CNN_LSTM,pm2_5,38.0,33.0378,4.9622
2026-12-02T17:15:00.000000000,2026-12-02T17:25:00.000000000,10,CNN_LSTM,pm10,50.0,44.6028,5.3972
2026-12-02T17:15:00.000000000,2026-12-02T17:25:00.000000000,10,CNN_LSTM,co2,1303.0,1399.7957,-96.7957
2026-12-02T17:15:00.000000000,2026-12-02T17:25:00.000000000,10,CNN_LSTM,voc,87.0,131.1806,-44.1806
2026-12-02T17:16:00.000000000,2026-12-02T17:26:00.000000000,10,CNN_LSTM,pm1,24.0,19.8382,4.1618
2026-12-02T17:16:00.000000000,2026-12-02T17:26:00.000000000,10,CNN_LSTM,pm2_5,38.0,33.3013,4.6987
2026-12-02T17:16:00.000000000,2026-12-02T17:26:00.000000000,10,CNN_LSTM,pm10,49.0,44.7372,4.2628
2026-12-02T17:16:00.000000000,2026-12-02T17:26:00.000000000,10,CNN_LSTM,co2,1311.0,1403.8546,-92.8546
2026-12-02T17:16:00.000000000,2026-12-02T17:26:00.000000000,10,CNN_LSTM,voc,84.0,133.0357,-49.0357
2026-12-02T17:17:00.000000000,2026-12-02T17:27:00.000000000,10,CNN_LSTM,pm1,24.0,19.8033,4.1967
2026-12-02T17:17:00.000000000,2026-12-02T17:27:00.000000000,10,CNN_LSTM,pm2_5,38.0,33.2224,4.7776
2026-12-02T17:17:00.000000000,2026-12-02T17:27:00.000000000,10,CNN_LSTM,pm10,48.0,44.7533,3.2467
2026-12-02T17:17:00.000000000,2026-12-02T17:27:00.000000000,10,CNN_LSTM,co2,1266.0,1409.3187,-143.3187
2026-12-02T17:17:00.000000000,2026-12-02T17:27:00.000000000,10,CNN_LSTM,voc,85.0,130.5031,-45.5031
2026-12-02T17:18:00.000000000,2026-12-02T17:28:00.000000000,10,CNN_LSTM,pm1,24.0,19.8111,4.1889
2026-12-02T17:18:00.000000000,2026-12-02T17:28:00.000000000,10,CNN_LSTM,pm2_5,38.0,33.2442,4.7558
2026-12-02T17:18:00.000000000,2026-12-02T17:28:00.000000000,10,CNN_LSTM,pm10,48.0,44.7772,3.2228
2026-12-02T17:18:00.000000000,2026-12-02T17:28:00.000000000,10,CNN_LSTM,co2,1277.0,1400.9913,-123.9913
2026-12-02T17:18:00.000000000,2026-12-02T17:28:00.000000000,10,CNN_LSTM,voc,83.0,131.4708,-48.4708
2026-12-02T17:19:00.000000000,2026-12-02T17:29:00.000000000,10,CNN_LSTM,pm1,24.0,19.7835,4.2165
2026-12-02T17:19:00.000000000,2026-12-02T17:29:00.000000000,10,CNN_LSTM,pm2_5,38.0,33.1853,4.8147
2026-12-02T17:19:00.000000000,2026-12-02T17:29:00.000000000,10,CNN_LSTM,pm10,49.0,44.6849,4.3151
2026-12-02T17:19:00.000000000,2026-12-02T17:29:00.000000000,10,CNN_LSTM,co2,1303.0,1401.2806,-98.2806
2026-12-02T17:19:00.000000000,2026-12-02T17:29:00.000000000,10,CNN_LSTM,voc,80.0,131.1447,-51.1447
2026-12-02T17:20:00.000000000,2026-12-02T17:30:00.000000000,10,CNN_LSTM,pm1,24.0,19.7831,4.2169
2026-12-02T17:20:00.000000000,2026-12-02T17:30:00.000000000,10,CNN_LSTM,pm2_5,37.0,33.1822,3.8178
2026-12-02T17:20:00.000000000,2026-12-02T17:30:00.000000000,10,CNN_LSTM,pm10,48.0,44.6832,3.3168
2026-12-02T17:20:00.000000000,2026-12-02T17:30:00.000000000,10,CNN_LSTM,co2,1328.0,1400.3127,-72.3127
2026-12-02T17:20:00.000000000,2026-12-02T17:30:00.000000000,10,CNN_LSTM,voc,80.0,131.2192,-51.2192
2026-12-02T17:21:00.000000000,2026-12-02T17:31:00.000000000,10,CNN_LSTM,pm1,24.0,19.7245,4.2755
2026-12-02T17:21:00.000000000,2026-12-02T17:31:00.000000000,10,CNN_LSTM,pm2_5,38.0,33.1131,4.8869
2026-12-02T17:21:00.000000000,2026-12-02T17:31:00.000000000,10,CNN_LSTM,pm10,48.0,44.4771,3.5229
2026-12-02T17:21:00.000000000,2026-12-02T17:31:00.000000000,10,CNN_LSTM,co2,1267.0,1398.373,-131.373
2026-12-02T17:21:00.000000000,2026-12-02T17:31:00.000000000,10,CNN_LSTM,voc,79.0,130.0399,-51.0399
2026-12-02T17:22:00.000000000,2026-12-02T17:32:00.000000000,10,CNN_LSTM,pm1,24.0,19.7563,4.2437
2026-12-02T17:22:00.000000000,2026-12-02T17:32:00.000000000,10,CNN_LSTM,pm2_5,38.0,33.1502,4.8498
2026-12-02T17:22:00.000000000,2026-12-02T17:32:00.000000000,10,CNN_LSTM,pm10,49.0,44.6774,4.3226
2026-12-02T17:22:00.000000000,2026-12-02T17:32:00.000000000,10,CNN_LSTM,co2,1245.0,1394.1907,-149.1907
2026-12-02T17:22:00.000000000,2026-12-02T17:32:00.000000000,10,CNN_LSTM,voc,79.0,129.3845,-50.3845
2026-12-02T17:23:00.000000000,2026-12-02T17:33:00.000000000,10,CNN_LSTM,pm1,24.0,19.8529,4.1471
2026-12-02T17:23:00.000000000,2026-12-02T17:33:00.000000000,10,CNN_LSTM,pm2_5,38.0,33.3453,4.6547
2026-12-02T17:23:00.000000000,2026-12-02T17:33:00.000000000,10,CNN_LSTM,pm10,49.0,44.9325,4.0675
2026-12-02T17:23:00.000000000,2026-12-02T17:33:00.000000000,10,CNN_LSTM,co2,1258.0,1404.3887,-146.3887
2026-12-02T17:23:00.000000000,2026-12-02T17:33:00.000000000,10,CNN_LSTM,voc,76.0,131.5634,-55.5634
2026-12-02T17:24:00.000000000,2026-12-02T17:34:00.000000000,10,CNN_LSTM,pm1,24.0,19.9035,4.0965
2026-12-02T17:24:00.000000000,2026-12-02T17:34:00.000000000,10,CNN_LSTM,pm2_5,39.0,33.4694,5.5306
2026-12-02T17:24:00.000000000,2026-12-02T17:34:00.000000000,10,CNN_LSTM,pm10,49.0,44.9594,4.0406
2026-12-02T17:24:00.000000000,2026-12-02T17:34:00.000000000,10,CNN_LSTM,co2,1265.0,1416.1013,-151.1013
2026-12-02T17:24:00.000000000,2026-12-02T17:34:00.000000000,10,CNN_LSTM,voc,74.0,131.9533,-57.9533
2026-12-02T17:25:00.000000000,2026-12-02T17:35:00.000000000,10,CNN_LSTM,pm1,24.0,19.8878,4.1122
2026-12-02T17:25:00.000000000,2026-12-02T17:35:00.000000000,10,CNN_LSTM,pm2_5,38.0,33.2673,4.7327
2026-12-02T17:25:00.000000000,2026-12-02T17:35:00.000000000,10,CNN_LSTM,pm10,49.0,45.0749,3.9251
2026-12-02T17:25:00.000000000,2026-12-02T17:35:00.000000000,10,CNN_LSTM,co2,1275.0,1408.8125,-133.8125
2026-12-02T17:25:00.000000000,2026-12-02T17:35:00.000000000,10,CNN_LSTM,voc,73.0,129.6151,-56.6151
2026-12-02T17:26:00.000000000,2026-12-02T17:36:00.000000000,10,CNN_LSTM,pm1,24.0,19.8587,4.1413
2026-12-02T17:26:00.000000000,2026-12-02T17:36:00.000000000,10,CNN_LSTM,pm2_5,39.0,33.386,5.614
2026-12-02T17:26:00.000000000,2026-12-02T17:36:00.000000000,10,CNN_LSTM,pm10,50.0,45.0082,4.9918
2026-12-02T17:26:00.000000000,2026-12-02T17:36:00.000000000,10,CNN_LSTM,co2,1276.0,1397.3789,-121.3789
2026-12-02T17:26:00.000000000,2026-12-02T17:36:00.000000000,10,CNN_LSTM,voc,75.0,133.2026,-58.2026
2026-12-02T17:27:00.000000000,2026-12-02T17:37:00.000000000,10,CNN_LSTM,pm1,24.0,19.8705,4.1295
2026-12-02T17:27:00.000000000,2026-12-02T17:37:00.000000000,10,CNN_LSTM,pm2_5,39.0,33.3291,5.6709
2026-12-02T17:27:00.000000000,2026-12-02T17:37:00.000000000,10,CNN_LSTM,pm10,49.0,45.0241,3.9759
2026-12-02T17:27:00.000000000,2026-12-02T17:37:00.000000000,10,CNN_LSTM,co2,1271.0,1403.0963,-132.0963
2026-12-02T17:27:00.000000000,2026-12-02T17:37:00.000000000,10,CNN_LSTM,voc,75.0,133.0453,-58.0453
2026-12-02T17:28:00.000000000,2026-12-02T17:38:00.000000000,10,CNN_LSTM,pm1,23.0,19.8727,3.1273
2026-12-02T17:28:00.000000000,2026-12-02T17:38:00.000000000,10,CNN_LSTM,pm2_5,38.0,33.3743,4.6257
2026-12-02T17:28:00.000000000,2026-12-02T17:38:00.000000000,10,CNN_LSTM,pm10,48.0,44.9673,3.0327
2026-12-02T17:28:00.000000000,2026-12-02T17:38:00.000000000,10,CNN_LSTM,co2,1260.0,1402.3799,-142.3799
2026-12-02T17:28:00.000000000,2026-12-02T17:38:00.000000000,10,CNN_LSTM,voc,75.0,132.711,-57.711
2026-12-02T17:29:00.000000000,2026-12-02T17:39:00.000000000,10,CNN_LSTM,pm1,24.0,19.8143,4.1857
2026-12-02T17:29:00.000000000,2026-12-02T17:39:00.000000000,10,CNN_LSTM,pm2_5,38.0,33.2885,4.7115
2026-12-02T17:29:00.000000000,2026-12-02T17:39:00.000000000,10,CNN_LSTM,pm10,47.0,44.7637,2.2363
2026-12-02T17:29:00.000000000,2026-12-02T17:39:00.000000000,10,CNN_LSTM,co2,1250.0,1401.5366,-151.5366
2026-12-02T17:29:00.000000000,2026-12-02T17:39:00.000000000,10,CNN_LSTM,voc,74.0,131.7116,-57.7116
2026-12-02T17:30:00.000000000,2026-12-02T17:40:00.000000000,10,CNN_LSTM,pm1,23.0,19.7937,3.2063
2026-12-02T17:30:00.000000000,2026-12-02T17:40:00.000000000,10,CNN_LSTM,pm2_5,36.0,33.2519,2.7481
2026-12-02T17:30:00.000000000,2026-12-02T17:40:00.000000000,10,CNN_LSTM,pm10,47.0,44.7273,2.2727
2026-12-02T17:30:00.000000000,2026-12-02T17:40:00.000000000,10,CNN_LSTM,co2,1232.0,1398.1488,-166.1488
2026-12-02T17:30:00.000000000,2026-12-02T17:40:00.000000000,10,CNN_LSTM,voc,76.0,130.7505,-54.7505
2026-12-02T17:31:00.000000000,2026-12-02T17:41:00.000000000,10,CNN_LSTM,pm1,22.0,19.8097,2.1903
2026-12-02T17:31:00.000000000,2026-12-02T17:41:00.000000000,10,CNN_LSTM,pm2_5,36.0,33.1708,2.8292
2026-12-02T17:31:00.000000000,2026-12-02T17:41:00.000000000,10,CNN_LSTM,pm10,46.0,44.7643,1.2357
2026-12-02T17:31:00.000000000,2026-12-02T17:41:00.000000000,10,CNN_LSTM,co2,1170.0,1392.7223,-222.7223
2026-12-02T17:31:00.000000000,2026-12-02T17:41:00.000000000,10,CNN_LSTM,voc,78.0,130.7831,-52.7831
2026-12-02T17:32:00.000000000,2026-12-02T17:42:00.000000000,10,CNN_LSTM,pm1,21.0,19.8456,1.1544
2026-12-02T17:32:00.000000000,2026-12-02T17:42:00.000000000,10,CNN_LSTM,pm2_5,35.0,33.3791,1.6209
2026-12-02T17:32:00.000000000,2026-12-02T17:42:00.000000000,10,CNN_LSTM,pm10,45.0,44.8265,0.1735
2026-12-02T17:32:00.000000000,2026-12-02T17:42:00.000000000,10,CNN_LSTM,co2,1184.0,1397.1022,-213.1022
2026-12-02T17:32:00.000000000,2026-12-02T17:42:00.000000000,10,CNN_LSTM,voc,79.0,132.6588,-53.6588
2026-12-02T17:33:00.000000000,2026-12-02T17:43:00.000000000,10,CNN_LSTM,pm1,21.0,19.7982,1.2018
2026-12-02T17:33:00.000000000,2026-12-02T17:43:00.000000000,10,CNN_LSTM,pm2_5,34.0,33.2679,0.7321
2026-12-02T17:33:00.000000000,2026-12-02T17:43:00.000000000,10,CNN_LSTM,pm10,42.0,44.7639,-2.7639
2026-12-02T17:33:00.000000000,2026-12-02T17:43:00.000000000,10,CNN_LSTM,co2,1215.0,1403.1289,-188.1289
2026-12-02T17:33:00.000000000,2026-12-02T17:43:00.000000000,10,CNN_LSTM,voc,79.0,128.8011,-49.8011
2026-12-02T17:34:00.000000000,2026-12-02T17:44:00.000000000,10,CNN_LSTM,pm1,21.0,19.8596,1.1404
2026-12-02T17:34:00.000000000,2026-12-02T17:44:00.000000000,10,CNN_LSTM,pm2_5,33.0,33.3378,-0.3378
2026-12-02T17:34:00.000000000,2026-12-02T17:44:00.000000000,10,CNN_LSTM,pm10,43.0,44.949,-1.949
2026-12-02T17:34:00.000000000,2026-12-02T17:44:00.000000000,10,CNN_LSTM,co2,1185.0,1394.4364,-209.4364
2026-12-02T17:34:00.000000000,2026-12-02T17:44:00.000000000,10,CNN_LSTM,voc,76.0,130.6409,-54.6409
2026-12-02T17:35:00.000000000,2026-12-02T17:45:00.000000000,10,CNN_LSTM,pm1,21.0,19.9276,1.0724
2026-12-02T17:35:00.000000000,2026-12-02T17:45:00.000000000,10,CNN_LSTM,pm2_5,33.0,33.5352,-0.5352
2026-12-02T17:35:00.000000000,2026-12-02T17:45:00.000000000,10,CNN_LSTM,pm10,42.0,45.1567,-3.1567
2026-12-02T17:35:00.000000000,2026-12-02T17:45:00.000000000,10,CNN_LSTM,co2,1137.0,1406.3363,-269.3363
2026-12-02T17:35:00.000000000,2026-12-02T17:45:00.000000000,10,CNN_LSTM,voc,76.0,132.2629,-56.2629
2026-12-02T17:36:00.000000000,2026-12-02T17:46:00.000000000,10,CNN_LSTM,pm1,21.0,19.8923,1.1077
2026-12-02T17:36:00.000000000,2026-12-02T17:46:00.000000000,10,CNN_LSTM,pm2_5,33.0,33.4004,-0.4004
2026-12-02T17:36:00.000000000,2026-12-02T17:46:00.000000000,10,CNN_LSTM,pm10,42.0,45.0923,-3.0923
2026-12-02T17:36:00.000000000,2026-12-02T17:46:00.000000000,10,CNN_LSTM,co2,1161.0,1404.0662,-243.0662
2026-12-02T17:36:00.000000000,2026-12-02T17:46:00.000000000,10,CNN_LSTM,voc,76.0,129.6498,-53.6498
2026-12-02T17:37:00.000000000,2026-12-02T17:47:00.000000000,10,CNN_LSTM,pm1,21.0,20.0008,0.9992
2026-12-02T17:37:00.000000000,2026-12-02T17:47:00.000000000,10,CNN_LSTM,pm2_5,33.0,33.6702,-0.6702
2026-12-02T17:37:00.000000000,2026-12-02T17:47:00.000000000,10,CNN_LSTM,pm10,42.0,45.3339,-3.3339
2026-12-02T17:37:00.000000000,2026-12-02T17:47:00.000000000,10,CNN_LSTM,co2,1108.0,1397.8947,-289.8947
2026-12-02T17:37:00.000000000,2026-12-02T17:47:00.000000000,10,CNN_LSTM,voc,72.0,133.8037,-61.8037
2026-12-02T17:38:00.000000000,2026-12-02T17:48:00.000000000,10,CNN_LSTM,pm1,21.0,20.0601,0.9399
2026-12-02T17:38:00.000000000,2026-12-02T17:48:00.000000000,10,CNN_LSTM,pm2_5,32.0,33.714,-1.714
2026-12-02T17:38:00.000000000,2026-12-02T17:48:00.000000000,10,CNN_LSTM,pm10,41.0,45.6259,-4.6259
2026-12-02T17:38:00.000000000,2026-12-02T17:48:00.000000000,10,CNN_LSTM,co2,1112.0,1410.9382,-298.9382
2026-12-02T17:38:00.000000000,2026-12-02T17:48:00.000000000,10,CNN_LSTM,voc,71.0,133.9971,-62.9971
2026-12-02T17:39:00.000000000,2026-12-02T17:49:00.000000000,10,CNN_LSTM,pm1,20.0,20.0683,-0.0683
2026-12-02T17:39:00.000000000,2026-12-02T17:49:00.000000000,10,CNN_LSTM,pm2_5,33.0,33.7546,-0.7546
2026-12-02T17:39:00.000000000,2026-12-02T17:49:00.000000000,10,CNN_LSTM,pm10,41.0,45.7111,-4.7111
2026-12-02T17:39:00.000000000,2026-12-02T17:49:00.000000000,10,CNN_LSTM,co2,1092.0,1401.4496,-309.4496
2026-12-02T17:39:00.000000000,2026-12-02T17:49:00.000000000,10,CNN_LSTM,voc,68.0,135.4246,-67.4246
2026-12-02T17:40:00.000000000,2026-12-02T17:50:00.000000000,10,CNN_LSTM,pm1,21.0,20.0762,0.9238
2026-12-02T17:40:00.000000000,2026-12-02T17:50:00.000000000,10,CNN_LSTM,pm2_5,33.0,33.8007,-0.8007
2026-12-02T17:40:00.000000000,2026-12-02T17:50:00.000000000,10,CNN_LSTM,pm10,42.0,45.5543,-3.5543
2026-12-02T17:40:00.000000000,2026-12-02T17:50:00.000000000,10,CNN_LSTM,co2,1047.0,1406.6173,-359.6173
2026-12-02T17:40:00.000000000,2026-12-02T17:50:00.000000000,10,CNN_LSTM,voc,67.0,138.1606,-71.1606
2026-12-02T17:41:00.000000000,2026-12-02T17:51:00.000000000,10,CNN_LSTM,pm1,21.0,20.0032,0.9968
2026-12-02T17:41:00.000000000,2026-12-02T17:51:00.000000000,10,CNN_LSTM,pm2_5,33.0,33.4343,-0.4343
2026-12-02T17:41:00.000000000,2026-12-02T17:51:00.000000000,10,CNN_LSTM,pm10,42.0,45.349,-3.349
2026-12-02T17:41:00.000000000,2026-12-02T17:51:00.000000000,10,CNN_LSTM,co2,1039.0,1397.7172,-358.7172
2026-12-02T17:41:00.000000000,2026-12-02T17:51:00.000000000,10,CNN_LSTM,voc,65.0,133.2908,-68.2908
2026-12-02T17:42:00.000000000,2026-12-02T17:52:00.000000000,10,CNN_LSTM,pm1,20.0,19.9943,0.0057
2026-12-02T17:42:00.000000000,2026-12-02T17:52:00.000000000,10,CNN_LSTM,pm2_5,33.0,33.5735,-0.5735
2026-12-02T17:42:00.000000000,2026-12-02T17:52:00.000000000,10,CNN_LSTM,pm10,41.0,45.444,-4.444
2026-12-02T17:42:00.000000000,2026-12-02T17:52:00.000000000,10,CNN_LSTM,co2,1070.0,1388.7291,-318.7291
2026-12-02T17:42:00.000000000,2026-12-02T17:52:00.000000000,10,CNN_LSTM,voc,66.0,136.9173,-70.9173
2026-12-02T17:43:00.000000000,2026-12-02T17:53:00.000000000,10,CNN_LSTM,pm1,22.0,19.9746,2.0254
2026-12-02T17:43:00.000000000,2026-12-02T17:53:00.000000000,10,CNN_LSTM,pm2_5,35.0,33.3792,1.6208
2026-12-02T17:43:00.000000000,2026-12-02T17:53:00.000000000,10,CNN_LSTM,pm10,44.0,45.1989,-1.1989
2026-12-02T17:43:00.000000000,2026-12-02T17:53:00.000000000,10,CNN_LSTM,co2,1044.0,1409.8871,-365.8871
2026-12-02T17:43:00.000000000,2026-12-02T17:53:00.000000000,10,CNN_LSTM,voc,67.0,134.5147,-67.5147
2026-12-02T17:44:00.000000000,2026-12-02T17:54:00.000000000,10,CNN_LSTM,pm1,22.0,19.8804,2.1196
2026-12-02T17:44:00.000000000,2026-12-02T17:54:00.000000000,10,CNN_LSTM,pm2_5,34.0,33.1783,0.8217
2026-12-02T17:44:00.000000000,2026-12-02T17:54:00.000000000,10,CNN_LSTM,pm10,43.0,44.7948,-1.7948
2026-12-02T17:44:00.000000000,2026-12-02T17:54:00.000000000,10,CNN_LSTM,co2,1047.0,1405.3389,-358.3389
2026-12-02T17:44:00.000000000,2026-12-02T17:54:00.000000000,10,CNN_LSTM,voc,65.0,132.8166,-67.8166
2026-12-02T17:45:00.000000000,2026-12-02T17:55:00.000000000,10,CNN_LSTM,pm1,21.0,19.544,1.456
2026-12-02T17:45:00.000000000,2026-12-02T17:55:00.000000000,10,CNN_LSTM,pm2_5,34.0,32.5786,1.4214
2026-12-02T17:45:00.000000000,2026-12-02T17:55:00.000000000,10,CNN_LSTM,pm10,43.0,43.6851,-0.6851
2026-12-02T17:45:00.000000000,2026-12-02T17:55:00.000000000,10,CNN_LSTM,co2,1077.0,1402.718,-325.718
2026-12-02T17:45:00.000000000,2026-12-02T17:55:00.000000000,10,CNN_LSTM,voc,64.0,124.7674,-60.7674
2026-12-02T17:46:00.000000000,2026-12-02T17:56:00.000000000,10,CNN_LSTM,pm1,21.0,19.3138,1.6862
2026-12-02T17:46:00.000000000,2026-12-02T17:56:00.000000000,10,CNN_LSTM,pm2_5,34.0,32.1199,1.8801
2026-12-02T17:46:00.000000000,2026-12-02T17:56:00.000000000,10,CNN_LSTM,pm10,43.0,43.0569,-0.0569
2026-12-02T17:46:00.000000000,2026-12-02T17:56:00.000000000,10,CNN_LSTM,co2,1054.0,1393.7721,-339.7721
2026-12-02T17:46:00.000000000,2026-12-02T17:56:00.000000000,10,CNN_LSTM,voc,65.0,120.1376,-55.1376
2026-12-02T17:47:00.000000000,2026-12-02T17:57:00.000000000,10,CNN_LSTM,pm1,21.0,19.1212,1.8788
2026-12-02T17:47:00.000000000,2026-12-02T17:57:00.000000000,10,CNN_LSTM,pm2_5,34.0,31.8009,2.1991
2026-12-02T17:47:00.000000000,2026-12-02T17:57:00.000000000,10,CNN_LSTM,pm10,43.0,42.4063,0.5937
2026-12-02T17:47:00.000000000,2026-12-02T17:57:00.000000000,10,CNN_LSTM,co2,1036.0,1397.5447,-361.5447
2026-12-02T17:47:00.000000000,2026-12-02T17:57:00.000000000,10,CNN_LSTM,voc,65.0,113.8752,-48.8752
2026-12-02T17:48:00.000000000,2026-12-02T17:58:00.000000000,10,CNN_LSTM,pm1,20.0,18.8932,1.1068
2026-12-02T17:48:00.000000000,2026-12-02T17:58:00.000000000,10,CNN_LSTM,pm2_5,34.0,31.4219,2.5781
2026-12-02T17:48:00.000000000,2026-12-02T17:58:00.000000000,10,CNN_LSTM,pm10,42.0,41.7089,0.2911
2026-12-02T17:48:00.000000000,2026-12-02T17:58:00.000000000,10,CNN_LSTM,co2,1065.0,1398.197,-333.197
2026-12-02T17:48:00.000000000,2026-12-02T17:58:00.000000000,10,CNN_LSTM,voc,65.0,108.7427,-43.7427
2026-12-02T17:49:00.000000000,2026-12-02T17:59:00.000000000,10,CNN_LSTM,pm1,21.0,18.7572,2.2428
2026-12-02T17:49:00.000000000,2026-12-02T17:59:00.000000000,10,CNN_LSTM,pm2_5,33.0,31.1007,1.8993
2026-12-02T17:49:00.000000000,2026-12-02T17:59:00.000000000,10,CNN_LSTM,pm10,43.0,41.2361,1.7639
2026-12-02T17:49:00.000000000,2026-12-02T17:59:00.000000000,10,CNN_LSTM,co2,1073.0,1396.7896,-323.7896
2026-12-02T17:49:00.000000000,2026-12-02T17:59:00.000000000,10,CNN_LSTM,voc,68.0,107.2658,-39.2658
2026-12-02T17:50:00.000000000,2026-12-02T18:00:00.000000000,10,CNN_LSTM,pm1,21.0,18.7124,2.2876
2026-12-02T17:50:00.000000000,2026-12-02T18:00:00.000000000,10,CNN_LSTM,pm2_5,32.0,31.1488,0.8512
2026-12-02T17:50:00.000000000,2026-12-02T18:00:00.000000000,10,CNN_LSTM,pm10,41.0,41.0592,-0.0592
2026-12-02T17:50:00.000000000,2026-12-02T18:00:00.000000000,10,CNN_LSTM,co2,1078.0,1394.4237,-316.4237
2026-12-02T17:50:00.000000000,2026-12-02T18:00:00.000000000,10,CNN_LSTM,voc,72.0,104.9133,-32.9133
2026-12-02T17:51:00.000000000,2026-12-02T18:01:00.000000000,10,CNN_LSTM,pm1,21.0,18.7586,2.2414
2026-12-02T17:51:00.000000000,2026-12-02T18:01:00.000000000,10,CNN_LSTM,pm2_5,34.0,31.1703,2.8297
2026-12-02T17:51:00.000000000,2026-12-02T18:01:00.000000000,10,CNN_LSTM,pm10,42.0,41.0369,0.9631
2026-12-02T17:51:00.000000000,2026-12-02T18:01:00.000000000,10,CNN_LSTM,co2,1098.0,1421.5385,-323.5385
2026-12-02T17:51:00.000000000,2026-12-02T18:01:00.000000000,10,CNN_LSTM,voc,71.0,103.0011,-32.0011
2026-12-02T17:52:00.000000000,2026-12-02T18:02:00.000000000,10,CNN_LSTM,pm1,21.0,18.6904,2.3096
2026-12-02T17:52:00.000000000,2026-12-02T18:02:00.000000000,10,CNN_LSTM,pm2_5,33.0,31.0138,1.9862
2026-12-02T17:52:00.000000000,2026-12-02T18:02:00.000000000,10,CNN_LSTM,pm10,42.0,40.9805,1.0195
2026-12-02T17:52:00.000000000,2026-12-02T18:02:00.000000000,10,CNN_LSTM,co2,1109.0,1414.0933,-305.0933
2026-12-02T17:52:00.000000000,2026-12-02T18:02:00.000000000,10,CNN_LSTM,voc,71.0,100.9113,-29.9113
2026-12-02T17:53:00.000000000,2026-12-02T18:03:00.000000000,10,CNN_LSTM,pm1,20.0,18.6691,1.3309
2026-12-02T17:53:00.000000000,2026-12-02T18:03:00.000000000,10,CNN_LSTM,pm2_5,32.0,31.0442,0.9558
2026-12-02T17:53:00.000000000,2026-12-02T18:03:00.000000000,10,CNN_LSTM,pm10,39.0,40.9004,-1.9004
2026-12-02T17:53:00.000000000,2026-12-02T18:03:00.000000000,10,CNN_LSTM,co2,1117.0,1406.6331,-289.6331
2026-12-02T17:53:00.000000000,2026-12-02T18:03:00.000000000,10,CNN_LSTM,voc,73.0,102.029,-29.029
2026-12-02T17:54:00.000000000,2026-12-02T18:04:00.000000000,10,CNN_LSTM,pm1,21.0,18.9085,2.0915
2026-12-02T17:54:00.000000000,2026-12-02T18:04:00.000000000,10,CNN_LSTM,pm2_5,32.0,31.4995,0.5005
2026-12-02T17:54:00.000000000,2026-12-02T18:04:00.000000000,10,CNN_LSTM,pm10,41.0,41.2348,-0.2348
2026-12-02T17:54:00.000000000,2026-12-02T18:04:00.000000000,10,CNN_LSTM,co2,1127.0,1444.2363,-317.2363
2026-12-02T17:54:00.000000000,2026-12-02T18:04:00.000000000,10,CNN_LSTM,voc,74.0,101.1047,-27.1047
2026-12-02T17:55:00.000000000,2026-12-02T18:05:00.000000000,10,CNN_LSTM,pm1,20.0,18.915,1.085
2026-12-02T17:55:00.000000000,2026-12-02T18:05:00.000000000,10,CNN_LSTM,pm2_5,33.0,31.3565,1.6435
2026-12-02T17:55:00.000000000,2026-12-02T18:05:00.000000000,10,CNN_LSTM,pm10,41.0,41.6837,-0.6837
2026-12-02T17:55:00.000000000,2026-12-02T18:05:00.000000000,10,CNN_LSTM,co2,1117.0,1450.1471,-333.1471
2026-12-02T17:55:00.000000000,2026-12-02T18:05:00.000000000,10,CNN_LSTM,voc,73.0,103.0703,-30.0703
2026-12-02T17:56:00.000000000,2026-12-02T18:06:00.000000000,10,CNN_LSTM,pm1,20.0,18.8731,1.1269
2026-12-02T17:56:00.000000000,2026-12-02T18:06:00.000000000,10,CNN_LSTM,pm2_5,33.0,31.5334,1.4666
2026-12-02T17:56:00.000000000,2026-12-02T18:06:00.000000000,10,CNN_LSTM,pm10,42.0,41.6325,0.3675
2026-12-02T17:56:00.000000000,2026-12-02T18:06:00.000000000,10,CNN_LSTM,co2,1066.0,1408.4662,-342.4662
2026-12-02T17:56:00.000000000,2026-12-02T18:06:00.000000000,10,CNN_LSTM,voc,75.0,107.3301,-32.3301
2026-12-02T17:57:00.000000000,2026-12-02T18:07:00.000000000,10,CNN_LSTM,pm1,21.0,18.8846,2.1154
2026-12-02T17:57:00.000000000,2026-12-02T18:07:00.000000000,10,CNN_LSTM,pm2_5,32.0,31.4491,0.5509
2026-12-02T17:57:00.000000000,2026-12-02T18:07:00.000000000,10,CNN_LSTM,pm10,40.0,41.5017,-1.5017
2026-12-02T17:57:00.000000000,2026-12-02T18:07:00.000000000,10,CNN_LSTM,co2,1051.0,1406.1157,-355.1157
2026-12-02T17:57:00.000000000,2026-12-02T18:07:00.000000000,10,CNN_LSTM,voc,74.0,108.6626,-34.6626
2026-12-02T17:58:00.000000000,2026-12-02T18:08:00.000000000,10,CNN_LSTM,pm1,21.0,18.8938,2.1062
2026-12-02T17:58:00.000000000,2026-12-02T18:08:00.000000000,10,CNN_LSTM,pm2_5,34.0,31.4069,2.5931
2026-12-02T17:58:00.000000000,2026-12-02T18:08:00.000000000,10,CNN_LSTM,pm10,42.0,41.5567,0.4433
2026-12-02T17:58:00.000000000,2026-12-02T18:08:00.000000000,10,CNN_LSTM,co2,1048.0,1401.9618,-353.9618
2026-12-02T17:58:00.000000000,2026-12-02T18:08:00.000000000,10,CNN_LSTM,voc,70.0,107.4783,-37.4783
2026-12-02T17:59:00.000000000,2026-12-02T18:09:00.000000000,10,CNN_LSTM,pm1,21.0,18.9594,2.0406
2026-12-02T17:59:00.000000000,2026-12-02T18:09:00.000000000,10,CNN_LSTM,pm2_5,34.0,31.5401,2.4599
2026-12-02T17:59:00.000000000,2026-12-02T18:09:00.000000000,10,CNN_LSTM,pm10,41.0,41.8228,-0.8228
2026-12-02T17:59:00.000000000,2026-12-02T18:09:00.000000000,10,CNN_LSTM,co2,1034.0,1398.3359,-364.3359
2026-12-02T17:59:00.000000000,2026-12-02T18:09:00.000000000,10,CNN_LSTM,voc,68.0,108.8142,-40.8142
2026-12-02T18:00:00.000000000,2026-12-02T18:10:00.000000000,10,CNN_LSTM,pm1,21.0,18.9268,2.0732
2026-12-02T18:00:00.000000000,2026-12-02T18:10:00.000000000,10,CNN_LSTM,pm2_5,34.0,31.448,2.552
2026-12-02T18:00:00.000000000,2026-12-02T18:10:00.000000000,10,CNN_LSTM,pm10,42.0,41.5062,0.4938
2026-12-02T18:00:00.000000000,2026-12-02T18:10:00.000000000,10,CNN_LSTM,co2,1029.0,1406.7059,-377.7059
2026-12-02T18:00:00.000000000,2026-12-02T18:10:00.000000000,10,CNN_LSTM,voc,71.0,107.0324,-36.0324
